Wafer_ID,Batch_ID,Machine_ID,Process_Step,Yield_Percentage,Defect_Count,Defect_Type,Gate_Oxide_Thickness,Etch_Time,Temperature,Chamber_Pressure,Voltage,Gas_Flow_Rate,Timestamp
WF_000001,BATCH_016,MACH_004,Post-Etch,95.35,2,None,90.146,124.83,248.74,49.67,118.52,464.87,2024-01-01 06:00:00
WF_000002,BATCH_014,MACH_001,Post-Etch,98.47,0,None,90.604,119.4,247.0,51.89,120.29,443.64,2024-01-01 06:15:00
WF_000003,BATCH_036,MACH_001,Post-Etch,91.28,4,Photoresist Residue,88.924,120.68,252.83,48.59,118.62,446.47,2024-01-01 06:30:00
WF_000004,BATCH_040,MACH_001,Post-Etch,97.56,1,None,90.193,124.65,252.37,51.32,122.34,460.71,2024-01-01 06:45:00
WF_000005,BATCH_007,MACH_001,Post-Etch,88.29,6,Pattern Distortion,88.647,122.9,240.62,47.27,120.64,440.93,2024-01-01 07:00:00
WF_000006,BATCH_044,MACH_003,Post-Etch,94.37,3,None,90.554,122.13,254.17,50.59,118.96,449.24,2024-01-01 07:15:00
WF_000007,BATCH_013,MACH_002,Post-Etch,93.67,3,None,91.417,121.96,250.75,54.22,122.63,439.75,2024-01-01 07:30:00
WF_000008,BATCH_022,MACH_003,Post-Etch,97.03,1,None,90.292,119.57,253.04,50.59,120.9,443.9,2024-01-01 07:45:00
WF_000009,BATCH_025,MACH_004,Post-Etch,94.07,2,None,89.187,123.18,253.75,48.6,119.67,446.08,2024-01-01 08:00:00
WF_000010,BATCH_033,MACH_005,Post-Etch,90.84,4,Micro-crack,89.933,120.19,251.73,49.31,119.2,448.39,2024-01-01 08:15:00
WF_000011,BATCH_049,MACH_001,Post-Etch,93.22,3,None,89.869,121.34,249.87,49.87,120.34,449.2,2024-01-01 08:30:00
WF_000012,BATCH_017,MACH_003,Post-Etch,98.75,0,None,89.818,120.36,250.84,48.4,121.38,464.05,2024-01-01 08:45:00
WF_000013,BATCH_003,MACH_005,Post-Etch,93.14,3,None,91.486,117.26,254.62,53.41,120.87,450.09,2024-01-01 09:00:00
WF_000014,BATCH_040,MACH_002,Post-Etch,92.45,4,Photoresist Residue,92.079,121.6,257.75,54.06,119.11,446.43,2024-01-01 09:15:00
WF_000015,BATCH_037,MACH_005,Post-Etch,88.73,6,Micro-crack,90.022,123.47,249.27,50.36,120.96,439.35,2024-01-01 09:30:00
WF_000016,BATCH_025,MACH_003,Post-Etch,89.43,5,Etch Pit,90.62,122.12,259.33,50.95,118.81,456.57,2024-01-01 09:45:00
WF_000017,BATCH_008,MACH_005,Post-Etch,94.97,2,None,90.92,119.93,256.05,51.08,122.73,450.94,2024-01-01 10:00:00
WF_000018,BATCH_017,MACH_001,Post-Etch,93.77,3,None,90.111,122.48,249.94,50.38,120.61,446.51,2024-01-01 10:15:00
WF_000019,BATCH_021,MACH_005,Post-Etch,96.09,2,None,88.853,118.95,246.95,48.37,117.68,447.32,2024-01-01 10:30:00
WF_000020,BATCH_017,MACH_002,Post-Etch,91.21,4,Photoresist Residue,92.754,117.56,252.25,56.46,119.33,433.08,2024-01-01 10:45:00
WF_000021,BATCH_023,MACH_003,Post-Etch,95.19,2,None,89.976,118.28,252.47,50.14,119.59,468.9,2024-01-01 11:00:00
WF_000022,BATCH_006,MACH_002,Post-Etch,92.06,4,Etch Pit,91.712,117.72,252.98,53.94,118.12,459.66,2024-01-01 11:15:00
WF_000023,BATCH_016,MACH_004,Post-Etch,98.94,0,None,90.12,117.71,250.08,50.88,121.05,443.71,2024-01-01 11:30:00
WF_000024,BATCH_023,MACH_005,Post-Etch,94.72,3,None,89.985,115.94,258.91,48.65,118.45,446.57,2024-01-01 11:45:00
WF_000025,BATCH_016,MACH_002,Post-Etch,91.64,4,Contamination,91.819,124.8,246.6,54.52,119.72,443.96,2024-01-01 12:00:00
WF_000026,BATCH_019,MACH_002,Post-Etch,86.43,7,Photoresist Residue,92.878,115.71,252.62,57.02,120.01,440.18,2024-01-01 12:15:00
WF_000027,BATCH_033,MACH_001,Post-Etch,96.77,1,None,90.293,121.51,252.41,50.93,121.14,454.47,2024-01-01 12:30:00
WF_000028,BATCH_050,MACH_005,Post-Etch,99.0,0,None,89.868,115.23,247.57,50.42,120.88,445.35,2024-01-01 12:45:00
WF_000029,BATCH_050,MACH_005,Post-Etch,93.24,3,None,90.636,117.82,254.5,50.61,120.81,456.3,2024-01-01 13:00:00
WF_000030,BATCH_012,MACH_005,Post-Etch,95.41,2,None,90.428,124.03,257.76,49.12,119.59,452.62,2024-01-01 13:15:00
WF_000031,BATCH_041,MACH_004,Post-Etch,98.99,0,None,90.428,119.83,247.94,51.97,120.1,452.68,2024-01-01 13:30:00
WF_000032,BATCH_025,MACH_004,Post-Etch,93.85,3,None,90.122,124.69,242.8,50.54,121.81,454.05,2024-01-01 13:45:00
WF_000033,BATCH_050,MACH_001,Post-Etch,93.51,3,None,89.755,123.8,242.09,50.16,121.06,452.37,2024-01-01 14:00:00
WF_000034,BATCH_039,MACH_004,Post-Etch,98.98,0,None,89.882,115.11,254.29,49.68,119.98,439.97,2024-01-01 14:15:00
WF_000035,BATCH_041,MACH_005,Post-Etch,89.58,5,Pattern Distortion,91.134,119.78,254.2,52.27,119.46,435.8,2024-01-01 14:30:00
WF_000036,BATCH_037,MACH_003,Post-Etch,92.56,4,Photoresist Residue,89.089,124.96,254.22,47.87,119.3,440.33,2024-01-01 14:45:00
WF_000037,BATCH_008,MACH_004,Post-Etch,95.01,2,None,88.885,117.66,252.31,47.92,118.65,444.42,2024-01-01 15:00:00
WF_000038,BATCH_033,MACH_001,Post-Etch,93.92,3,None,89.201,115.76,258.64,47.01,119.35,445.96,2024-01-01 15:15:00
WF_000039,BATCH_045,MACH_002,Post-Etch,91.97,4,Pattern Distortion,91.207,124.85,248.45,53.72,119.89,465.27,2024-01-01 15:30:00
WF_000040,BATCH_023,MACH_003,Post-Etch,94.63,2,None,90.075,124.54,259.56,49.1,120.62,439.32,2024-01-01 15:45:00
WF_000041,BATCH_034,MACH_002,Post-Etch,85.87,8,Contamination,92.429,124.68,256.39,55.7,119.91,459.37,2024-01-01 16:00:00
WF_000042,BATCH_034,MACH_002,Post-Etch,86.3,7,Micro-crack,93.936,120.47,254.12,59.4,120.25,445.46,2024-01-01 16:15:00
WF_000043,BATCH_017,MACH_002,Post-Etch,95.73,2,None,91.58,118.29,257.1,54.04,118.34,449.94,2024-01-01 16:30:00
WF_000044,BATCH_023,MACH_001,Post-Etch,97.04,1,None,89.956,123.97,251.83,48.12,119.49,439.41,2024-01-01 16:45:00
WF_000045,BATCH_021,MACH_003,Post-Etch,94.26,2,None,89.25,117.06,247.35,48.41,119.89,439.65,2024-01-01 17:00:00
WF_000046,BATCH_047,MACH_001,Post-Etch,97.49,1,None,89.775,123.06,246.5,50.43,119.89,447.79,2024-01-01 17:15:00
WF_000047,BATCH_028,MACH_002,Post-Etch,96.16,2,None,91.873,123.95,246.87,54.23,120.85,440.12,2024-01-01 17:30:00
WF_000048,BATCH_037,MACH_001,Post-Etch,96.69,2,None,89.656,118.43,237.72,50.52,118.71,434.39,2024-01-01 17:45:00
WF_000049,BATCH_047,MACH_002,Post-Etch,92.75,4,Pattern Distortion,90.968,118.63,246.88,52.12,121.58,446.12,2024-01-01 18:00:00
WF_000050,BATCH_030,MACH_004,Post-Etch,91.76,4,Etch Pit,89.278,119.1,247.04,48.27,120.05,441.69,2024-01-01 18:15:00
WF_000051,BATCH_002,MACH_001,Post-Etch,92.7,3,None,91.578,116.87,260.22,53.24,120.93,442.38,2024-01-01 18:30:00
WF_000052,BATCH_026,MACH_001,Post-Etch,94.22,3,None,89.539,118.21,248.93,50.28,120.76,450.11,2024-01-01 18:45:00
WF_000053,BATCH_020,MACH_002,Post-Etch,93.68,3,None,89.533,119.72,254.18,49.09,120.53,464.42,2024-01-01 19:00:00
WF_000054,BATCH_035,MACH_004,Post-Etch,95.6,2,None,90.168,116.4,250.45,50.17,119.84,461.68,2024-01-01 19:15:00
WF_000055,BATCH_014,MACH_003,Post-Etch,92.33,4,Micro-crack,88.413,123.17,247.9,45.58,120.36,447.3,2024-01-01 19:30:00
WF_000056,BATCH_017,MACH_001,Post-Etch,99.0,0,None,89.626,121.24,245.78,49.52,120.82,458.92,2024-01-01 19:45:00
WF_000057,BATCH_015,MACH_002,Post-Etch,90.5,5,Photoresist Residue,92.93,124.98,252.84,56.35,121.05,454.8,2024-01-01 20:00:00
WF_000058,BATCH_010,MACH_002,Post-Etch,88.91,6,Etch Pit,93.054,118.79,258.21,57.31,120.09,440.53,2024-01-01 20:15:00
WF_000059,BATCH_036,MACH_003,Post-Etch,91.89,4,Micro-crack,88.422,124.08,247.63,46.74,120.28,439.42,2024-01-01 20:30:00
WF_000060,BATCH_047,MACH_001,Post-Etch,95.24,2,None,91.377,118.74,263.22,51.29,121.56,462.05,2024-01-01 20:45:00
WF_000061,BATCH_046,MACH_002,Post-Etch,94.31,3,None,90.683,117.27,247.65,53.19,119.61,437.65,2024-01-01 21:00:00
WF_000062,BATCH_041,MACH_002,Post-Etch,95.92,2,None,90.548,124.18,248.95,51.44,118.44,422.15,2024-01-01 21:15:00
WF_000063,BATCH_022,MACH_003,Post-Etch,91.27,4,Etch Pit,89.292,119.59,246.51,48.66,119.34,454.45,2024-01-01 21:30:00
WF_000064,BATCH_019,MACH_003,Post-Etch,96.61,2,None,89.802,123.37,244.41,49.1,117.88,435.66,2024-01-01 21:45:00
WF_000065,BATCH_050,MACH_001,Post-Etch,90.61,5,Etch Pit,91.546,115.76,259.75,53.18,119.98,447.01,2024-01-01 22:00:00
WF_000066,BATCH_008,MACH_003,Post-Etch,97.61,1,None,89.219,117.38,239.13,50.2,119.87,455.0,2024-01-01 22:15:00
WF_000067,BATCH_016,MACH_003,Post-Etch,96.37,1,None,90.801,123.96,245.3,53.29,118.99,443.43,2024-01-01 22:30:00
WF_000068,BATCH_001,MACH_002,Post-Etch,92.89,3,None,91.005,120.9,258.82,50.84,121.05,442.96,2024-01-01 22:45:00
WF_000069,BATCH_035,MACH_004,Post-Etch,94.54,2,None,90.311,115.22,254.86,49.94,119.66,463.46,2024-01-01 23:00:00
WF_000070,BATCH_046,MACH_003,Post-Etch,93.88,3,None,89.794,115.18,250.09,50.7,119.46,442.22,2024-01-01 23:15:00
WF_000071,BATCH_022,MACH_002,Post-Etch,90.26,5,Etch Pit,92.597,116.75,251.28,55.73,121.67,460.14,2024-01-01 23:30:00
WF_000072,BATCH_036,MACH_005,Post-Etch,92.72,3,None,89.768,121.1,246.37,49.55,121.21,452.3,2024-01-01 23:45:00
WF_000073,BATCH_019,MACH_004,Post-Etch,97.29,1,None,89.48,118.34,249.38,48.85,120.12,475.6,2024-01-02 00:00:00
WF_000074,BATCH_043,MACH_001,Post-Etch,92.44,4,Pattern Distortion,88.982,124.62,248.33,48.11,122.3,459.86,2024-01-02 00:15:00
WF_000075,BATCH_018,MACH_001,Post-Etch,88.21,6,Contamination,88.991,115.34,253.45,46.95,119.94,458.18,2024-01-02 00:30:00
WF_000076,BATCH_042,MACH_003,Post-Etch,94.27,3,None,90.482,119.81,250.15,52.7,121.3,459.02,2024-01-02 00:45:00
WF_000077,BATCH_029,MACH_004,Post-Etch,91.58,4,Etch Pit,91.282,123.77,251.59,52.46,120.84,423.53,2024-01-02 01:00:00
WF_000078,BATCH_039,MACH_003,Post-Etch,93.6,3,None,91.325,115.92,244.07,55.2,119.35,443.22,2024-01-02 01:15:00
WF_000079,BATCH_004,MACH_002,Post-Etch,94.96,2,None,91.877,115.45,249.33,54.96,121.61,454.6,2024-01-02 01:30:00
WF_000080,BATCH_037,MACH_003,Post-Etch,98.01,1,None,90.425,121.13,254.92,49.57,119.95,456.75,2024-01-02 01:45:00
WF_000081,BATCH_026,MACH_002,Post-Etch,90.08,5,Etch Pit,93.239,120.18,252.34,55.96,118.75,455.71,2024-01-02 02:00:00
WF_000082,BATCH_038,MACH_003,Post-Etch,93.57,3,None,91.44,118.91,249.98,52.76,120.68,448.67,2024-01-02 02:15:00
WF_000083,BATCH_005,MACH_001,Post-Etch,95.85,2,None,89.259,120.33,249.06,48.19,120.97,447.65,2024-01-02 02:30:00
WF_000084,BATCH_040,MACH_003,Post-Etch,86.08,7,Etch Pit,90.447,122.97,250.18,51.36,121.85,455.84,2024-01-02 02:45:00
WF_000085,BATCH_031,MACH_005,Post-Etch,94.01,3,None,89.741,116.61,252.4,49.67,120.15,462.07,2024-01-02 03:00:00
WF_000086,BATCH_041,MACH_001,Post-Etch,97.32,1,None,89.189,122.8,242.55,47.28,120.75,456.45,2024-01-02 03:15:00
WF_000087,BATCH_028,MACH_002,Post-Etch,90.09,5,Etch Pit,92.488,118.01,257.89,55.51,120.19,445.54,2024-01-02 03:30:00
WF_000088,BATCH_050,MACH_002,Post-Etch,91.74,4,Photoresist Residue,91.582,115.66,260.1,51.85,118.29,463.83,2024-01-02 03:45:00
WF_000089,BATCH_035,MACH_001,Post-Etch,97.76,1,None,89.006,117.21,243.88,47.54,119.82,456.49,2024-01-02 04:00:00
WF_000090,BATCH_003,MACH_003,Post-Etch,95.28,2,None,90.527,118.98,256.55,51.3,119.9,468.47,2024-01-02 04:15:00
WF_000091,BATCH_035,MACH_005,Post-Etch,93.88,3,None,90.044,119.73,251.76,50.15,119.77,459.51,2024-01-02 04:30:00
WF_000092,BATCH_007,MACH_004,Post-Etch,99.0,0,None,89.504,119.82,252.24,48.11,120.32,462.49,2024-01-02 04:45:00
WF_000093,BATCH_009,MACH_004,Post-Etch,95.17,2,None,89.574,117.69,246.21,49.92,118.57,451.28,2024-01-02 05:00:00
WF_000094,BATCH_045,MACH_003,Post-Etch,96.46,1,None,89.731,116.03,237.88,50.52,120.47,443.79,2024-01-02 05:15:00
WF_000095,BATCH_010,MACH_001,Post-Etch,93.65,3,None,90.35,118.22,249.55,50.13,119.22,445.29,2024-01-02 05:30:00
WF_000096,BATCH_003,MACH_003,Post-Etch,90.33,5,Contamination,90.557,117.99,248.63,50.42,120.88,464.76,2024-01-02 05:45:00
WF_000097,BATCH_003,MACH_002,Post-Etch,85.13,8,Etch Pit,93.62,119.79,259.88,58.98,119.54,467.32,2024-01-02 06:00:00
WF_000098,BATCH_018,MACH_004,Post-Etch,91.09,4,Pattern Distortion,88.405,119.03,252.53,46.01,119.16,449.86,2024-01-02 06:15:00
WF_000099,BATCH_024,MACH_002,Post-Etch,94.0,3,None,91.048,122.25,240.68,53.81,118.44,470.02,2024-01-02 06:30:00
WF_000100,BATCH_003,MACH_004,Post-Etch,91.79,4,Photoresist Residue,91.345,122.16,250.9,52.95,121.38,443.74,2024-01-02 06:45:00
WF_000101,BATCH_047,MACH_005,Post-Etch,94.46,3,None,91.61,121.52,255.86,53.08,121.8,443.14,2024-01-02 07:00:00
WF_000102,BATCH_045,MACH_004,Post-Etch,96.49,2,None,90.07,118.31,257.69,48.47,119.24,448.5,2024-01-02 07:15:00
WF_000103,BATCH_001,MACH_004,Post-Etch,90.09,5,Etch Pit,88.61,118.57,243.7,48.52,118.7,464.05,2024-01-02 07:30:00
WF_000104,BATCH_020,MACH_005,Post-Etch,99.0,0,None,90.231,115.39,255.45,49.86,119.96,457.28,2024-01-02 07:45:00
WF_000105,BATCH_033,MACH_005,Post-Etch,94.96,2,None,89.645,123.68,249.6,48.82,120.01,451.39,2024-01-02 08:00:00
WF_000106,BATCH_016,MACH_005,Post-Etch,97.15,1,None,90.024,122.31,252.02,50.13,120.12,446.06,2024-01-02 08:15:00
WF_000107,BATCH_017,MACH_002,Post-Etch,88.58,6,Contamination,91.962,122.96,249.87,54.79,120.17,445.98,2024-01-02 08:30:00
WF_000108,BATCH_006,MACH_002,Post-Etch,86.24,7,Micro-crack,92.424,116.09,254.01,55.04,119.74,444.92,2024-01-02 08:45:00
WF_000109,BATCH_015,MACH_005,Post-Etch,89.41,5,Contamination,91.629,120.48,254.74,52.68,121.59,429.8,2024-01-02 09:00:00
WF_000110,BATCH_046,MACH_002,Post-Etch,79.91,10,Pattern Distortion,94.601,119.77,251.56,60.54,120.03,433.69,2024-01-02 09:15:00
WF_000111,BATCH_015,MACH_004,Post-Etch,94.91,2,None,89.715,119.86,250.52,49.87,119.25,447.19,2024-01-02 09:30:00
WF_000112,BATCH_036,MACH_002,Post-Etch,89.93,5,Micro-crack,92.498,123.59,246.42,56.31,118.94,450.63,2024-01-02 09:45:00
WF_000113,BATCH_045,MACH_004,Post-Etch,94.7,2,None,90.692,123.84,253.98,50.94,120.14,462.06,2024-01-02 10:00:00
WF_000114,BATCH_042,MACH_005,Post-Etch,93.18,3,None,90.007,117.75,258.75,49.45,120.75,457.47,2024-01-02 10:15:00
WF_000115,BATCH_005,MACH_002,Post-Etch,88.13,6,Pattern Distortion,92.841,115.96,260.73,55.73,119.27,446.46,2024-01-02 10:30:00
WF_000116,BATCH_025,MACH_005,Post-Etch,93.33,3,None,91.201,121.92,245.98,53.28,121.68,444.46,2024-01-02 10:45:00
WF_000117,BATCH_033,MACH_005,Post-Etch,95.29,2,None,91.228,121.17,241.84,53.16,118.56,437.78,2024-01-02 11:00:00
WF_000118,BATCH_008,MACH_005,Post-Etch,94.57,3,None,90.958,118.33,251.65,51.67,118.01,453.74,2024-01-02 11:15:00
WF_000119,BATCH_036,MACH_004,Post-Etch,97.05,1,None,90.705,119.09,250.55,50.76,119.32,455.23,2024-01-02 11:30:00
WF_000120,BATCH_008,MACH_004,Post-Etch,99.0,0,None,89.437,123.42,247.33,47.19,120.07,457.8,2024-01-02 11:45:00
WF_000121,BATCH_016,MACH_001,Post-Etch,95.04,2,None,89.344,118.81,243.81,50.05,119.32,438.26,2024-01-02 12:00:00
WF_000122,BATCH_004,MACH_002,Post-Etch,86.69,7,Pattern Distortion,92.657,120.01,251.83,58.13,118.01,462.18,2024-01-02 12:15:00
WF_000123,BATCH_002,MACH_003,Post-Etch,94.89,2,None,89.686,124.33,247.39,49.13,119.46,450.87,2024-01-02 12:30:00
WF_000124,BATCH_003,MACH_005,Post-Etch,95.19,2,None,88.419,117.33,251.51,48.4,120.35,459.51,2024-01-02 12:45:00
WF_000125,BATCH_013,MACH_004,Post-Etch,95.36,2,None,91.033,118.86,251.51,51.45,119.54,433.44,2024-01-02 13:00:00
WF_000126,BATCH_031,MACH_002,Post-Etch,91.89,4,Photoresist Residue,90.239,116.01,242.6,51.81,119.59,446.33,2024-01-02 13:15:00
WF_000127,BATCH_038,MACH_004,Post-Etch,90.9,4,Contamination,89.221,116.95,244.78,49.58,119.87,459.89,2024-01-02 13:30:00
WF_000128,BATCH_021,MACH_003,Post-Etch,93.58,3,None,89.879,115.12,247.27,50.78,118.52,451.83,2024-01-02 13:45:00
WF_000129,BATCH_004,MACH_002,Post-Etch,91.95,4,Micro-crack,92.069,121.14,248.05,54.65,121.09,455.33,2024-01-02 14:00:00
WF_000130,BATCH_002,MACH_001,Post-Etch,89.4,5,Photoresist Residue,88.814,121.37,246.35,46.8,119.59,449.12,2024-01-02 14:15:00
WF_000131,BATCH_023,MACH_001,Post-Etch,98.6,0,None,89.696,115.72,250.31,49.54,120.09,452.37,2024-01-02 14:30:00
WF_000132,BATCH_011,MACH_004,Post-Etch,96.8,1,None,89.175,123.31,256.49,48.78,121.19,462.44,2024-01-02 14:45:00
WF_000133,BATCH_017,MACH_004,Post-Etch,97.86,1,None,91.211,117.06,249.28,51.99,119.24,435.78,2024-01-02 15:00:00
WF_000134,BATCH_025,MACH_001,Post-Etch,95.68,2,None,90.212,122.48,252.78,48.83,120.04,464.56,2024-01-02 15:15:00
WF_000135,BATCH_025,MACH_001,Post-Etch,93.97,3,None,90.525,117.74,248.95,51.72,117.87,438.86,2024-01-02 15:30:00
WF_000136,BATCH_041,MACH_004,Post-Etch,94.16,3,None,92.093,116.81,248.2,54.26,120.69,453.72,2024-01-02 15:45:00
WF_000137,BATCH_022,MACH_001,Post-Etch,93.11,3,None,90.979,115.92,246.0,53.46,120.3,453.22,2024-01-02 16:00:00
WF_000138,BATCH_033,MACH_005,Post-Etch,91.67,4,Micro-crack,88.225,123.73,241.14,46.2,120.08,468.11,2024-01-02 16:15:00
WF_000139,BATCH_005,MACH_004,Post-Etch,93.11,3,None,89.652,121.58,249.9,49.29,120.61,452.45,2024-01-02 16:30:00
WF_000140,BATCH_036,MACH_001,Post-Etch,91.91,4,Pattern Distortion,88.966,123.77,257.43,47.1,118.89,445.46,2024-01-02 16:45:00
WF_000141,BATCH_040,MACH_005,Post-Etch,95.77,2,None,89.42,123.74,254.66,49.21,119.59,435.55,2024-01-02 17:00:00
WF_000142,BATCH_030,MACH_002,Post-Etch,87.97,6,Photoresist Residue,91.588,115.77,245.03,54.72,120.83,449.93,2024-01-02 17:15:00
WF_000143,BATCH_033,MACH_001,Post-Etch,93.89,3,None,89.939,124.98,249.59,49.76,121.51,456.31,2024-01-02 17:30:00
WF_000144,BATCH_011,MACH_004,Post-Etch,95.5,2,None,89.103,120.86,251.52,47.25,120.72,466.76,2024-01-02 17:45:00
WF_000145,BATCH_046,MACH_003,Post-Etch,95.57,2,None,88.86,119.35,247.08,47.4,118.6,421.94,2024-01-02 18:00:00
WF_000146,BATCH_035,MACH_002,Post-Etch,91.75,4,Photoresist Residue,91.715,121.1,258.31,53.68,119.4,454.69,2024-01-02 18:15:00
WF_000147,BATCH_028,MACH_003,Post-Etch,95.93,2,None,89.308,116.56,248.98,47.86,118.06,445.2,2024-01-02 18:30:00
WF_000148,BATCH_004,MACH_005,Post-Etch,95.27,2,None,91.294,122.32,260.17,52.14,119.27,448.49,2024-01-02 18:45:00
WF_000149,BATCH_044,MACH_002,Post-Etch,92.11,4,Pattern Distortion,92.012,116.45,254.63,55.08,121.25,454.08,2024-01-02 19:00:00
WF_000150,BATCH_041,MACH_004,Post-Etch,91.1,4,Contamination,89.515,124.81,245.88,49.67,120.47,469.15,2024-01-02 19:15:00
WF_000151,BATCH_010,MACH_001,Post-Etch,93.64,3,None,90.619,121.51,252.18,51.81,117.64,439.9,2024-01-02 19:30:00
WF_000152,BATCH_032,MACH_001,Post-Etch,93.47,3,None,89.511,120.19,246.45,48.98,121.16,442.32,2024-01-02 19:45:00
WF_000153,BATCH_028,MACH_002,Post-Etch,89.08,5,Photoresist Residue,90.95,119.98,249.69,52.98,120.08,458.81,2024-01-02 20:00:00
WF_000154,BATCH_036,MACH_001,Post-Etch,95.59,2,None,89.456,123.97,251.0,48.11,118.88,438.58,2024-01-02 20:15:00
WF_000155,BATCH_003,MACH_005,Post-Etch,85.97,7,Micro-crack,91.659,122.33,244.41,55.09,120.18,449.06,2024-01-02 20:30:00
WF_000156,BATCH_021,MACH_005,Post-Etch,98.74,0,None,89.657,121.87,255.71,48.15,121.17,441.38,2024-01-02 20:45:00
WF_000157,BATCH_028,MACH_003,Post-Etch,94.25,3,None,90.008,118.14,243.71,50.54,120.3,468.08,2024-01-02 21:00:00
WF_000158,BATCH_030,MACH_004,Post-Etch,91.75,4,Etch Pit,90.308,118.48,249.89,51.09,119.16,444.35,2024-01-02 21:15:00
WF_000159,BATCH_033,MACH_003,Post-Etch,95.15,2,None,90.268,115.7,256.13,50.74,119.21,461.95,2024-01-02 21:30:00
WF_000160,BATCH_004,MACH_003,Post-Etch,93.74,3,None,89.868,122.63,253.89,49.33,120.43,444.06,2024-01-02 21:45:00
WF_000161,BATCH_027,MACH_003,Post-Etch,91.53,4,Contamination,88.73,123.65,253.73,48.07,120.15,432.95,2024-01-02 22:00:00
WF_000162,BATCH_019,MACH_001,Post-Etch,91.61,4,Photoresist Residue,90.698,120.59,249.55,51.69,120.5,450.39,2024-01-02 22:15:00
WF_000163,BATCH_030,MACH_001,Post-Etch,95.22,2,None,89.832,115.74,248.59,50.17,119.42,458.3,2024-01-02 22:30:00
WF_000164,BATCH_016,MACH_001,Post-Etch,95.57,2,None,90.646,124.95,253.97,51.47,119.35,450.83,2024-01-02 22:45:00
WF_000165,BATCH_009,MACH_001,Post-Etch,94.04,3,None,91.309,119.3,255.82,50.53,120.64,456.53,2024-01-02 23:00:00
WF_000166,BATCH_022,MACH_005,Post-Etch,93.47,3,None,91.57,117.37,251.15,53.22,121.31,466.4,2024-01-02 23:15:00
WF_000167,BATCH_002,MACH_004,Post-Etch,97.6,1,None,89.169,115.03,237.99,49.58,118.25,459.07,2024-01-02 23:30:00
WF_000168,BATCH_042,MACH_003,Post-Etch,95.94,2,None,89.154,117.07,251.03,47.19,119.92,434.95,2024-01-02 23:45:00
WF_000169,BATCH_042,MACH_001,Post-Etch,99.0,0,None,90.099,121.17,247.11,50.75,119.82,442.21,2024-01-03 00:00:00
WF_000170,BATCH_039,MACH_001,Post-Etch,91.56,4,Pattern Distortion,90.526,119.22,239.19,53.8,119.94,442.92,2024-01-03 00:15:00
WF_000171,BATCH_047,MACH_001,Post-Etch,99.0,0,None,89.913,121.63,250.73,49.25,120.58,460.76,2024-01-03 00:30:00
WF_000172,BATCH_033,MACH_001,Post-Etch,92.03,4,Pattern Distortion,89.662,121.46,261.0,46.65,119.1,444.74,2024-01-03 00:45:00
WF_000173,BATCH_029,MACH_002,Post-Etch,97.25,1,None,90.826,119.86,244.63,53.15,119.26,433.03,2024-01-03 01:00:00
WF_000174,BATCH_031,MACH_001,Post-Etch,93.52,3,None,90.0,123.52,256.68,49.72,119.83,443.52,2024-01-03 01:15:00
WF_000175,BATCH_003,MACH_003,Post-Etch,95.96,2,None,89.3,121.01,240.9,48.61,118.16,461.71,2024-01-03 01:30:00
WF_000176,BATCH_007,MACH_005,Post-Etch,95.3,2,None,89.246,121.37,245.18,49.14,120.05,448.39,2024-01-03 01:45:00
WF_000177,BATCH_008,MACH_005,Post-Etch,96.63,1,None,89.204,121.88,243.83,48.82,119.97,452.8,2024-01-03 02:00:00
WF_000178,BATCH_003,MACH_003,Post-Etch,96.2,2,None,90.224,115.23,249.49,50.82,118.9,446.38,2024-01-03 02:15:00
WF_000179,BATCH_037,MACH_002,Post-Etch,98.99,0,None,89.421,115.88,236.88,49.95,120.01,451.56,2024-01-03 02:30:00
WF_000180,BATCH_034,MACH_005,Post-Etch,98.22,1,None,89.992,123.27,251.99,48.97,119.32,445.67,2024-01-03 02:45:00
WF_000181,BATCH_044,MACH_005,Post-Etch,97.52,1,None,89.803,125.0,250.43,50.34,121.26,452.93,2024-01-03 03:00:00
WF_000182,BATCH_018,MACH_003,Post-Etch,98.52,1,None,90.866,118.95,246.73,52.2,121.96,437.7,2024-01-03 03:15:00
WF_000183,BATCH_027,MACH_003,Post-Etch,96.87,1,None,89.857,116.31,242.49,50.51,120.47,460.86,2024-01-03 03:30:00
WF_000184,BATCH_012,MACH_002,Post-Etch,83.98,8,Micro-crack,93.052,118.02,254.37,54.64,120.03,449.48,2024-01-03 03:45:00
WF_000185,BATCH_014,MACH_003,Post-Etch,95.4,2,None,88.129,123.07,239.0,46.58,121.52,466.95,2024-01-03 04:00:00
WF_000186,BATCH_017,MACH_005,Post-Etch,94.97,2,None,90.641,117.56,243.08,51.93,119.22,439.2,2024-01-03 04:15:00
WF_000187,BATCH_010,MACH_003,Post-Etch,97.46,1,None,89.586,117.79,247.95,48.51,121.15,444.68,2024-01-03 04:30:00
WF_000188,BATCH_036,MACH_001,Post-Etch,93.95,3,None,91.058,122.69,252.58,51.43,120.42,444.06,2024-01-03 04:45:00
WF_000189,BATCH_034,MACH_001,Post-Etch,97.13,1,None,89.395,118.49,249.18,48.51,119.32,448.55,2024-01-03 05:00:00
WF_000190,BATCH_019,MACH_005,Post-Etch,99.0,0,None,89.643,122.95,240.53,50.43,120.0,441.83,2024-01-03 05:15:00
WF_000191,BATCH_047,MACH_005,Post-Etch,97.34,1,None,90.18,116.52,252.13,49.32,118.41,442.42,2024-01-03 05:30:00
WF_000192,BATCH_021,MACH_005,Post-Etch,90.54,5,Photoresist Residue,88.751,122.2,247.97,47.23,119.3,455.84,2024-01-03 05:45:00
WF_000193,BATCH_024,MACH_005,Post-Etch,94.07,3,None,88.451,116.59,252.62,46.52,119.3,465.57,2024-01-03 06:00:00
WF_000194,BATCH_029,MACH_001,Post-Etch,95.01,2,None,89.96,118.16,248.36,50.31,120.83,441.33,2024-01-03 06:15:00
WF_000195,BATCH_018,MACH_004,Post-Etch,93.31,3,None,90.796,124.64,249.2,51.89,119.77,457.56,2024-01-03 06:30:00
WF_000196,BATCH_047,MACH_002,Post-Etch,95.71,2,None,91.19,122.61,252.61,52.5,120.19,450.68,2024-01-03 06:45:00
WF_000197,BATCH_017,MACH_002,Post-Etch,91.19,4,Micro-crack,92.072,119.58,256.02,54.84,119.88,421.67,2024-01-03 07:00:00
WF_000198,BATCH_018,MACH_005,Post-Etch,94.25,3,None,90.781,123.7,239.18,52.68,119.17,464.17,2024-01-03 07:15:00
WF_000199,BATCH_024,MACH_001,Post-Etch,93.44,3,None,89.797,115.85,250.69,49.32,122.47,440.08,2024-01-03 07:30:00
WF_000200,BATCH_046,MACH_002,Post-Etch,90.71,5,Photoresist Residue,91.839,124.49,251.46,54.62,120.5,458.13,2024-01-03 07:45:00
WF_000201,BATCH_040,MACH_001,Post-Etch,93.18,3,None,88.846,116.82,247.25,48.47,120.14,434.75,2024-01-03 08:00:00
WF_000202,BATCH_012,MACH_001,Post-Etch,95.35,2,None,90.388,122.8,253.66,50.33,120.05,451.73,2024-01-03 08:15:00
WF_000203,BATCH_023,MACH_004,Post-Etch,95.78,2,None,90.398,121.45,241.78,51.7,121.77,471.26,2024-01-03 08:30:00
WF_000204,BATCH_026,MACH_001,Post-Etch,91.45,4,Contamination,90.012,116.64,257.24,49.08,120.86,459.03,2024-01-03 08:45:00
WF_000205,BATCH_049,MACH_002,Post-Etch,88.13,6,Etch Pit,91.317,122.61,250.31,52.91,120.77,433.11,2024-01-03 09:00:00
WF_000206,BATCH_008,MACH_005,Post-Etch,96.52,1,None,91.016,117.6,252.24,50.74,120.05,453.32,2024-01-03 09:15:00
WF_000207,BATCH_026,MACH_002,Post-Etch,88.94,6,Photoresist Residue,92.513,124.53,245.89,56.5,119.16,465.83,2024-01-03 09:30:00
WF_000208,BATCH_022,MACH_002,Post-Etch,93.72,3,None,92.528,118.77,248.9,55.43,121.05,454.63,2024-01-03 09:45:00
WF_000209,BATCH_040,MACH_002,Post-Etch,89.62,5,Etch Pit,93.474,115.29,252.35,58.58,119.85,441.27,2024-01-03 10:00:00
WF_000210,BATCH_001,MACH_002,Post-Etch,95.9,2,None,89.663,124.51,242.17,51.54,118.4,452.48,2024-01-03 10:15:00
WF_000211,BATCH_018,MACH_003,Post-Etch,93.51,3,None,90.346,117.21,243.94,51.46,120.01,440.46,2024-01-03 10:30:00
WF_000212,BATCH_021,MACH_003,Post-Etch,93.4,3,None,90.911,123.94,258.09,50.21,119.1,436.7,2024-01-03 10:45:00
WF_000213,BATCH_008,MACH_005,Post-Etch,88.3,6,Contamination,88.26,115.71,247.25,47.95,119.63,454.44,2024-01-03 11:00:00
WF_000214,BATCH_003,MACH_004,Post-Etch,97.63,1,None,90.994,120.47,235.38,52.5,119.83,456.66,2024-01-03 11:15:00
WF_000215,BATCH_010,MACH_005,Post-Etch,93.15,3,None,89.716,123.83,247.09,48.82,119.97,447.8,2024-01-03 11:30:00
WF_000216,BATCH_025,MACH_005,Post-Etch,91.57,4,Etch Pit,88.635,125.0,245.73,48.15,119.64,441.76,2024-01-03 11:45:00
WF_000217,BATCH_010,MACH_002,Post-Etch,96.13,2,None,91.504,118.62,241.26,54.48,119.68,473.0,2024-01-03 12:00:00
WF_000218,BATCH_036,MACH_001,Post-Etch,97.1,1,None,89.926,115.98,251.56,49.9,120.45,446.45,2024-01-03 12:15:00
WF_000219,BATCH_029,MACH_001,Post-Etch,93.51,3,None,89.825,116.19,249.66,49.26,119.54,440.58,2024-01-03 12:30:00
WF_000220,BATCH_032,MACH_004,Post-Etch,97.23,1,None,90.047,121.16,240.17,51.59,119.78,452.56,2024-01-03 12:45:00
WF_000221,BATCH_033,MACH_001,Post-Etch,89.44,5,Etch Pit,92.267,123.0,264.62,53.64,120.04,447.62,2024-01-03 13:00:00
WF_000222,BATCH_037,MACH_001,Post-Etch,97.17,1,None,89.613,117.48,244.94,49.59,119.53,450.27,2024-01-03 13:15:00
WF_000223,BATCH_027,MACH_005,Post-Etch,97.08,1,None,90.425,121.06,248.8,51.35,119.86,460.09,2024-01-03 13:30:00
WF_000224,BATCH_002,MACH_005,Post-Etch,89.99,5,Contamination,89.546,122.81,246.93,48.99,118.75,444.41,2024-01-03 13:45:00
WF_000225,BATCH_002,MACH_001,Post-Etch,93.56,3,None,91.655,118.47,248.66,53.03,119.39,443.57,2024-01-03 14:00:00
WF_000226,BATCH_024,MACH_002,Post-Etch,95.49,2,None,91.484,115.76,242.75,54.68,120.07,442.78,2024-01-03 14:15:00
WF_000227,BATCH_019,MACH_004,Post-Etch,91.34,4,Contamination,91.036,121.1,257.49,52.5,121.19,460.14,2024-01-03 14:30:00
WF_000228,BATCH_015,MACH_005,Post-Etch,92.16,4,Micro-crack,90.804,118.86,242.78,52.86,120.14,444.99,2024-01-03 14:45:00
WF_000229,BATCH_050,MACH_002,Post-Etch,94.21,3,None,90.811,123.17,245.83,52.11,120.35,452.98,2024-01-03 15:00:00
WF_000230,BATCH_040,MACH_005,Post-Etch,97.08,1,None,91.034,115.16,255.18,52.12,120.51,449.26,2024-01-03 15:15:00
WF_000231,BATCH_003,MACH_002,Post-Etch,88.65,6,Etch Pit,92.827,118.33,253.49,56.83,118.65,432.81,2024-01-03 15:30:00
WF_000232,BATCH_038,MACH_002,Post-Etch,88.35,6,Etch Pit,92.849,118.71,254.35,56.01,119.24,450.38,2024-01-03 15:45:00
WF_000233,BATCH_002,MACH_005,Post-Etch,95.13,2,None,89.625,119.43,253.61,47.32,120.69,443.94,2024-01-03 16:00:00
WF_000234,BATCH_013,MACH_003,Post-Etch,98.75,0,None,90.028,124.27,254.3,50.05,118.08,449.86,2024-01-03 16:15:00
WF_000235,BATCH_001,MACH_002,Post-Etch,86.79,7,Contamination,93.448,119.46,257.22,57.8,120.09,458.09,2024-01-03 16:30:00
WF_000236,BATCH_024,MACH_004,Post-Etch,94.97,2,None,90.568,120.06,246.66,52.01,118.85,436.37,2024-01-03 16:45:00
WF_000237,BATCH_042,MACH_005,Post-Etch,94.48,2,None,90.451,115.13,248.38,51.61,117.64,439.45,2024-01-03 17:00:00
WF_000238,BATCH_017,MACH_005,Post-Etch,93.88,3,None,89.865,117.97,253.1,50.82,121.46,451.61,2024-01-03 17:15:00
WF_000239,BATCH_036,MACH_004,Post-Etch,91.19,4,Micro-crack,89.406,117.44,248.73,49.32,119.1,444.9,2024-01-03 17:30:00
WF_000240,BATCH_003,MACH_003,Post-Etch,95.86,2,None,91.214,119.12,255.43,52.11,120.0,437.03,2024-01-03 17:45:00
WF_000241,BATCH_029,MACH_001,Post-Etch,90.36,5,Pattern Distortion,90.38,122.65,251.77,49.91,118.98,450.32,2024-01-03 18:00:00
WF_000242,BATCH_043,MACH_005,Post-Etch,96.01,2,None,90.381,123.21,244.52,51.68,121.24,451.32,2024-01-03 18:15:00
WF_000243,BATCH_019,MACH_003,Post-Etch,95.87,2,None,89.666,124.02,246.0,49.87,121.24,445.43,2024-01-03 18:30:00
WF_000244,BATCH_049,MACH_001,Post-Etch,95.71,2,None,88.858,124.97,249.03,48.67,119.71,463.46,2024-01-03 18:45:00
WF_000245,BATCH_004,MACH_003,Post-Etch,96.63,1,None,90.41,115.08,258.81,49.43,121.29,459.68,2024-01-03 19:00:00
WF_000246,BATCH_034,MACH_004,Post-Etch,96.11,2,None,91.303,122.52,251.34,53.03,121.4,454.15,2024-01-03 19:15:00
WF_000247,BATCH_029,MACH_004,Post-Etch,91.07,4,Photoresist Residue,89.705,116.59,257.89,47.8,118.85,433.9,2024-01-03 19:30:00
WF_000248,BATCH_013,MACH_002,Post-Etch,85.49,7,Micro-crack,93.427,121.0,245.97,58.42,118.74,453.53,2024-01-03 19:45:00
WF_000249,BATCH_047,MACH_001,Post-Etch,97.72,1,None,90.078,123.26,239.63,52.64,120.73,451.6,2024-01-03 20:00:00
WF_000250,BATCH_039,MACH_002,Post-Etch,92.21,4,Pattern Distortion,92.42,122.87,252.48,55.19,120.53,453.5,2024-01-03 20:15:00
WF_000251,BATCH_021,MACH_005,Post-Etch,93.65,3,None,91.048,117.01,254.9,50.71,119.64,464.21,2024-01-03 20:30:00
WF_000252,BATCH_033,MACH_003,Post-Etch,98.88,0,None,89.618,123.07,246.46,50.25,121.16,441.89,2024-01-03 20:45:00
WF_000253,BATCH_021,MACH_003,Post-Etch,95.71,2,None,91.629,117.32,251.67,52.86,121.08,436.88,2024-01-03 21:00:00
WF_000254,BATCH_035,MACH_003,Post-Etch,95.8,2,None,90.9,115.69,249.36,51.32,118.35,435.25,2024-01-03 21:15:00
WF_000255,BATCH_020,MACH_001,Post-Etch,94.71,3,None,90.269,121.19,255.27,50.4,118.51,436.01,2024-01-03 21:30:00
WF_000256,BATCH_014,MACH_001,Post-Etch,95.4,2,None,90.05,118.73,249.67,48.69,121.19,461.71,2024-01-03 21:45:00
WF_000257,BATCH_001,MACH_003,Post-Etch,93.84,3,None,91.942,119.55,256.15,53.37,120.56,441.2,2024-01-03 22:00:00
WF_000258,BATCH_043,MACH_001,Post-Etch,93.75,3,None,88.217,121.39,240.03,45.9,120.59,452.67,2024-01-03 22:15:00
WF_000259,BATCH_008,MACH_003,Post-Etch,95.77,2,None,89.442,117.31,250.97,48.33,119.62,451.78,2024-01-03 22:30:00
WF_000260,BATCH_047,MACH_005,Post-Etch,87.88,6,Photoresist Residue,90.759,116.25,244.93,52.98,120.25,451.93,2024-01-03 22:45:00
WF_000261,BATCH_012,MACH_005,Post-Etch,96.43,1,None,90.279,117.11,251.72,50.62,119.33,448.22,2024-01-03 23:00:00
WF_000262,BATCH_015,MACH_004,Post-Etch,95.22,2,None,89.058,117.99,241.49,49.07,119.39,460.52,2024-01-03 23:15:00
WF_000263,BATCH_013,MACH_005,Post-Etch,93.18,3,None,90.161,116.55,248.1,50.66,120.88,446.2,2024-01-03 23:30:00
WF_000264,BATCH_040,MACH_002,Post-Etch,95.13,2,None,91.132,124.84,244.6,54.07,119.84,460.36,2024-01-03 23:45:00
WF_000265,BATCH_012,MACH_002,Post-Etch,93.35,3,None,90.201,123.4,244.54,52.07,120.37,453.94,2024-01-04 00:00:00
WF_000266,BATCH_007,MACH_003,Post-Etch,90.02,5,Photoresist Residue,90.119,119.16,251.03,49.48,120.37,442.91,2024-01-04 00:15:00
WF_000267,BATCH_039,MACH_004,Post-Etch,93.49,3,None,90.23,123.55,250.48,50.34,119.33,445.99,2024-01-04 00:30:00
WF_000268,BATCH_006,MACH_001,Post-Etch,97.43,1,None,90.014,120.57,256.09,48.97,119.28,447.69,2024-01-04 00:45:00
WF_000269,BATCH_031,MACH_001,Post-Etch,95.59,2,None,89.945,115.01,252.04,49.38,119.16,441.13,2024-01-04 01:00:00
WF_000270,BATCH_001,MACH_001,Post-Etch,93.27,3,None,89.331,115.4,246.43,49.48,120.83,449.73,2024-01-04 01:15:00
WF_000271,BATCH_028,MACH_001,Post-Etch,97.02,1,None,90.566,120.97,246.97,50.92,117.25,445.0,2024-01-04 01:30:00
WF_000272,BATCH_048,MACH_005,Post-Etch,95.4,2,None,88.136,120.1,250.71,45.74,120.77,452.15,2024-01-04 01:45:00
WF_000273,BATCH_009,MACH_001,Post-Etch,96.75,1,None,90.233,117.37,248.56,50.57,119.95,445.76,2024-01-04 02:00:00
WF_000274,BATCH_043,MACH_001,Post-Etch,91.24,4,Pattern Distortion,91.119,122.73,247.75,52.51,119.46,453.58,2024-01-04 02:15:00
WF_000275,BATCH_008,MACH_005,Post-Etch,95.5,2,None,90.568,124.61,246.41,51.49,119.81,449.36,2024-01-04 02:30:00
WF_000276,BATCH_002,MACH_004,Post-Etch,90.79,4,Photoresist Residue,91.506,124.13,256.91,53.32,117.81,450.93,2024-01-04 02:45:00
WF_000277,BATCH_035,MACH_003,Post-Etch,95.75,2,None,89.214,124.85,247.86,48.36,120.02,452.3,2024-01-04 03:00:00
WF_000278,BATCH_031,MACH_004,Post-Etch,86.81,7,Etch Pit,87.876,121.62,250.43,44.02,119.81,433.7,2024-01-04 03:15:00
WF_000279,BATCH_041,MACH_004,Post-Etch,93.9,3,None,91.08,123.96,245.26,53.49,120.93,447.63,2024-01-04 03:30:00
WF_000280,BATCH_021,MACH_003,Post-Etch,94.47,2,None,90.08,120.31,256.12,49.48,120.35,444.3,2024-01-04 03:45:00
WF_000281,BATCH_024,MACH_005,Post-Etch,91.9,4,Micro-crack,89.387,122.33,250.61,47.98,119.72,457.15,2024-01-04 04:00:00
WF_000282,BATCH_049,MACH_004,Post-Etch,97.08,1,None,89.49,115.76,249.1,49.39,119.76,451.68,2024-01-04 04:15:00
WF_000283,BATCH_048,MACH_003,Post-Etch,93.79,3,None,91.053,117.23,253.48,51.98,120.99,453.18,2024-01-04 04:30:00
WF_000284,BATCH_030,MACH_004,Post-Etch,88.53,6,Pattern Distortion,88.41,117.27,240.46,48.28,119.59,468.88,2024-01-04 04:45:00
WF_000285,BATCH_017,MACH_001,Post-Etch,97.33,1,None,89.475,124.13,244.08,50.39,119.56,460.41,2024-01-04 05:00:00
WF_000286,BATCH_027,MACH_005,Post-Etch,95.47,2,None,90.731,119.21,246.43,51.79,119.47,452.26,2024-01-04 05:15:00
WF_000287,BATCH_050,MACH_003,Post-Etch,94.95,2,None,90.452,119.18,250.29,50.89,119.66,451.7,2024-01-04 05:30:00
WF_000288,BATCH_020,MACH_003,Post-Etch,98.65,0,None,89.957,121.12,239.07,52.29,120.4,454.28,2024-01-04 05:45:00
WF_000289,BATCH_013,MACH_004,Post-Etch,90.03,5,Pattern Distortion,92.01,117.88,261.67,53.91,119.1,442.92,2024-01-04 06:00:00
WF_000290,BATCH_031,MACH_002,Post-Etch,97.06,1,None,89.471,115.5,248.58,49.35,120.89,445.03,2024-01-04 06:15:00
WF_000291,BATCH_005,MACH_002,Post-Etch,91.67,4,Contamination,90.859,121.58,247.0,52.82,121.35,459.48,2024-01-04 06:30:00
WF_000292,BATCH_037,MACH_001,Post-Etch,97.74,1,None,90.427,123.28,249.28,50.41,120.15,459.91,2024-01-04 06:45:00
WF_000293,BATCH_005,MACH_003,Post-Etch,94.69,3,None,90.059,118.82,251.35,50.6,118.93,448.27,2024-01-04 07:00:00
WF_000294,BATCH_049,MACH_002,Post-Etch,90.54,5,Micro-crack,90.689,124.17,245.18,52.07,119.9,422.97,2024-01-04 07:15:00
WF_000295,BATCH_048,MACH_003,Post-Etch,97.24,1,None,89.364,124.26,247.17,49.03,119.39,454.91,2024-01-04 07:30:00
WF_000296,BATCH_035,MACH_002,Post-Etch,91.76,4,Photoresist Residue,91.609,120.88,247.4,54.09,119.59,449.11,2024-01-04 07:45:00
WF_000297,BATCH_013,MACH_004,Post-Etch,96.89,1,None,89.888,123.17,252.16,50.94,119.29,442.88,2024-01-04 08:00:00
WF_000298,BATCH_007,MACH_002,Post-Etch,93.37,3,None,90.362,118.95,249.95,50.83,118.07,443.25,2024-01-04 08:15:00
WF_000299,BATCH_002,MACH_004,Post-Etch,91.3,4,Etch Pit,90.927,116.93,246.53,53.4,119.13,465.68,2024-01-04 08:30:00
WF_000300,BATCH_047,MACH_004,Post-Etch,95.37,2,None,89.494,115.45,246.24,49.12,120.36,440.46,2024-01-04 08:45:00
WF_000301,BATCH_019,MACH_004,Post-Etch,91.8,4,Pattern Distortion,89.995,121.38,247.67,49.07,118.97,450.44,2024-01-04 09:00:00
WF_000302,BATCH_024,MACH_003,Post-Etch,95.85,2,None,90.501,122.65,260.52,50.44,121.28,440.48,2024-01-04 09:15:00
WF_000303,BATCH_003,MACH_004,Post-Etch,95.03,2,None,91.109,120.75,252.26,51.8,121.69,466.23,2024-01-04 09:30:00
WF_000304,BATCH_042,MACH_004,Post-Etch,97.74,1,None,90.888,115.6,253.61,51.24,118.68,441.92,2024-01-04 09:45:00
WF_000305,BATCH_027,MACH_003,Post-Etch,97.11,1,None,89.392,118.32,251.63,48.31,121.25,457.79,2024-01-04 10:00:00
WF_000306,BATCH_039,MACH_004,Post-Etch,93.69,3,None,89.12,117.96,248.39,47.86,121.91,437.2,2024-01-04 10:15:00
WF_000307,BATCH_039,MACH_005,Post-Etch,94.9,2,None,89.377,118.41,254.69,48.45,120.0,451.96,2024-01-04 10:30:00
WF_000308,BATCH_036,MACH_005,Post-Etch,93.49,3,None,89.316,120.81,255.18,46.82,120.87,453.74,2024-01-04 10:45:00
WF_000309,BATCH_014,MACH_003,Post-Etch,99.0,0,None,89.771,123.37,252.72,48.87,119.93,456.32,2024-01-04 11:00:00
WF_000310,BATCH_041,MACH_001,Post-Etch,97.49,1,None,89.779,121.45,248.79,49.83,116.81,456.83,2024-01-04 11:15:00
WF_000311,BATCH_020,MACH_005,Post-Etch,95.26,2,None,89.758,118.8,240.48,51.22,122.77,450.99,2024-01-04 11:30:00
WF_000312,BATCH_039,MACH_003,Post-Etch,94.44,3,None,89.847,124.96,246.9,49.94,120.27,460.69,2024-01-04 11:45:00
WF_000313,BATCH_048,MACH_005,Post-Etch,89.77,5,Pattern Distortion,89.727,121.93,245.27,50.68,119.06,452.17,2024-01-04 12:00:00
WF_000314,BATCH_022,MACH_005,Post-Etch,97.54,1,None,89.779,117.82,241.31,48.52,119.28,462.39,2024-01-04 12:15:00
WF_000315,BATCH_012,MACH_003,Post-Etch,96.25,2,None,89.651,124.33,256.01,48.5,119.96,449.26,2024-01-04 12:30:00
WF_000316,BATCH_001,MACH_004,Post-Etch,90.05,5,Micro-crack,90.652,124.42,255.45,50.08,120.41,443.01,2024-01-04 12:45:00
WF_000317,BATCH_011,MACH_002,Post-Etch,89.74,5,Etch Pit,93.287,120.8,251.75,57.2,117.89,443.46,2024-01-04 13:00:00
WF_000318,BATCH_017,MACH_004,Post-Etch,96.6,1,None,89.37,118.97,251.54,49.94,119.19,472.18,2024-01-04 13:15:00
WF_000319,BATCH_041,MACH_001,Post-Etch,95.15,2,None,88.993,123.68,247.15,48.47,119.0,450.65,2024-01-04 13:30:00
WF_000320,BATCH_043,MACH_004,Post-Etch,95.14,2,None,90.205,115.99,245.04,51.38,119.88,445.92,2024-01-04 13:45:00
WF_000321,BATCH_018,MACH_001,Post-Etch,96.21,1,None,90.301,120.24,255.31,50.34,121.37,434.57,2024-01-04 14:00:00
WF_000322,BATCH_002,MACH_003,Post-Etch,86.93,6,Etch Pit,90.751,124.41,255.48,50.87,119.29,458.99,2024-01-04 14:15:00
WF_000323,BATCH_021,MACH_001,Post-Etch,91.67,4,Etch Pit,90.147,116.16,240.34,51.74,119.7,450.69,2024-01-04 14:30:00
WF_000324,BATCH_018,MACH_004,Post-Etch,93.66,3,None,88.585,119.45,250.13,46.53,119.94,457.34,2024-01-04 14:45:00
WF_000325,BATCH_009,MACH_001,Post-Etch,96.48,1,None,91.005,120.43,252.5,51.13,120.79,444.92,2024-01-04 15:00:00
WF_000326,BATCH_019,MACH_003,Post-Etch,96.89,1,None,90.187,123.55,245.7,51.63,118.34,464.2,2024-01-04 15:15:00
WF_000327,BATCH_045,MACH_003,Post-Etch,88.46,6,Micro-crack,92.647,124.18,255.28,55.5,119.48,446.78,2024-01-04 15:30:00
WF_000328,BATCH_050,MACH_001,Post-Etch,97.27,1,None,90.008,117.46,249.54,49.84,120.05,439.39,2024-01-04 15:45:00
WF_000329,BATCH_018,MACH_004,Post-Etch,94.9,2,None,90.696,122.66,245.19,51.0,119.84,445.82,2024-01-04 16:00:00
WF_000330,BATCH_034,MACH_001,Post-Etch,96.94,1,None,90.219,116.7,252.65,50.11,119.97,439.8,2024-01-04 16:15:00
WF_000331,BATCH_050,MACH_005,Post-Etch,90.45,5,Etch Pit,89.608,121.47,255.58,48.67,122.01,440.09,2024-01-04 16:30:00
WF_000332,BATCH_012,MACH_002,Post-Etch,90.08,5,Photoresist Residue,92.391,123.04,247.23,56.0,121.2,452.83,2024-01-04 16:45:00
WF_000333,BATCH_045,MACH_003,Post-Etch,95.35,2,None,90.156,119.18,250.03,48.84,118.83,448.02,2024-01-04 17:00:00
WF_000334,BATCH_045,MACH_003,Post-Etch,93.63,3,None,89.25,121.99,243.8,48.93,120.72,444.05,2024-01-04 17:15:00
WF_000335,BATCH_013,MACH_005,Post-Etch,91.66,4,Contamination,88.331,118.19,242.97,46.28,119.39,440.72,2024-01-04 17:30:00
WF_000336,BATCH_035,MACH_003,Post-Etch,92.75,3,None,88.97,121.42,246.94,48.22,121.38,446.37,2024-01-04 17:45:00
WF_000337,BATCH_019,MACH_005,Post-Etch,96.95,1,None,90.3,118.27,254.09,50.88,121.22,439.69,2024-01-04 18:00:00
WF_000338,BATCH_045,MACH_001,Post-Etch,95.05,2,None,89.134,115.88,256.37,46.89,121.86,442.75,2024-01-04 18:15:00
WF_000339,BATCH_009,MACH_004,Post-Etch,96.29,2,None,88.735,117.94,245.41,46.82,121.48,445.87,2024-01-04 18:30:00
WF_000340,BATCH_020,MACH_005,Post-Etch,95.2,2,None,90.467,116.33,252.46,50.36,120.14,441.66,2024-01-04 18:45:00
WF_000341,BATCH_010,MACH_005,Post-Etch,94.63,2,None,91.46,123.04,243.19,54.02,120.14,451.78,2024-01-04 19:00:00
WF_000342,BATCH_031,MACH_005,Post-Etch,95.06,2,None,89.131,120.75,243.03,48.03,119.72,461.95,2024-01-04 19:15:00
WF_000343,BATCH_005,MACH_004,Post-Etch,88.14,6,Etch Pit,88.963,122.83,241.1,49.0,118.58,441.67,2024-01-04 19:30:00
WF_000344,BATCH_025,MACH_001,Post-Etch,89.79,5,Micro-crack,90.652,120.46,252.29,49.47,120.46,446.41,2024-01-04 19:45:00
WF_000345,BATCH_026,MACH_003,Post-Etch,94.07,3,None,89.54,115.84,254.42,48.4,118.94,449.86,2024-01-04 20:00:00
WF_000346,BATCH_045,MACH_001,Post-Etch,95.3,2,None,90.894,123.73,246.48,52.06,120.87,438.57,2024-01-04 20:15:00
WF_000347,BATCH_023,MACH_004,Post-Etch,92.07,4,Etch Pit,90.786,122.2,259.03,50.68,119.67,436.55,2024-01-04 20:30:00
WF_000348,BATCH_014,MACH_004,Post-Etch,97.67,1,None,91.09,122.25,254.2,52.44,121.06,458.72,2024-01-04 20:45:00
WF_000349,BATCH_015,MACH_003,Post-Etch,99.0,0,None,90.072,123.63,248.89,49.23,120.52,459.63,2024-01-04 21:00:00
WF_000350,BATCH_049,MACH_004,Post-Etch,98.89,0,None,90.128,119.63,251.74,50.38,118.33,446.3,2024-01-04 21:15:00
WF_000351,BATCH_002,MACH_003,Post-Etch,94.9,2,None,90.449,119.22,245.07,50.43,119.44,434.47,2024-01-04 21:30:00
WF_000352,BATCH_016,MACH_001,Post-Etch,89.81,5,Micro-crack,91.187,120.96,259.14,51.72,119.17,429.82,2024-01-04 21:45:00
WF_000353,BATCH_009,MACH_002,Post-Etch,91.98,4,Photoresist Residue,91.661,122.53,243.26,54.55,122.88,458.28,2024-01-04 22:00:00
WF_000354,BATCH_018,MACH_004,Post-Etch,94.99,2,None,90.082,122.49,250.64,49.55,119.02,457.75,2024-01-04 22:15:00
WF_000355,BATCH_049,MACH_005,Post-Etch,93.59,3,None,90.075,123.66,259.52,48.79,121.14,450.28,2024-01-04 22:30:00
WF_000356,BATCH_004,MACH_001,Post-Etch,98.75,0,None,89.922,123.19,251.44,48.87,118.58,444.83,2024-01-04 22:45:00
WF_000357,BATCH_049,MACH_001,Post-Etch,87.58,6,Contamination,88.95,115.61,250.58,47.77,119.71,437.12,2024-01-04 23:00:00
WF_000358,BATCH_017,MACH_002,Post-Etch,92.86,3,None,91.897,118.26,255.63,54.17,119.02,459.91,2024-01-04 23:15:00
WF_000359,BATCH_001,MACH_004,Post-Etch,89.88,5,Photoresist Residue,90.058,120.04,249.56,50.02,121.26,450.54,2024-01-04 23:30:00
WF_000360,BATCH_020,MACH_001,Post-Etch,94.05,3,None,88.893,117.21,243.19,48.42,120.34,463.14,2024-01-04 23:45:00
WF_000361,BATCH_005,MACH_003,Post-Etch,97.79,1,None,90.418,118.43,255.3,50.81,119.45,463.15,2024-01-05 00:00:00
WF_000362,BATCH_001,MACH_001,Post-Etch,92.03,4,Contamination,91.834,123.25,252.4,53.78,120.68,451.88,2024-01-05 00:15:00
WF_000363,BATCH_012,MACH_003,Post-Etch,94.25,3,None,91.13,117.04,249.64,53.22,120.83,460.91,2024-01-05 00:30:00
WF_000364,BATCH_033,MACH_002,Post-Etch,95.51,2,None,91.113,117.02,244.46,54.55,120.71,442.98,2024-01-05 00:45:00
WF_000365,BATCH_002,MACH_001,Post-Etch,96.21,2,None,89.74,116.11,242.82,48.84,119.46,460.69,2024-01-05 01:00:00
WF_000366,BATCH_024,MACH_005,Post-Etch,93.63,3,None,91.427,123.9,245.36,52.14,118.71,454.29,2024-01-05 01:15:00
WF_000367,BATCH_015,MACH_005,Post-Etch,95.61,2,None,89.952,117.62,242.47,49.99,121.95,448.71,2024-01-05 01:30:00
WF_000368,BATCH_033,MACH_004,Post-Etch,94.12,3,None,88.523,123.33,241.02,48.68,120.87,456.58,2024-01-05 01:45:00
WF_000369,BATCH_049,MACH_001,Post-Etch,95.73,2,None,88.544,119.8,256.72,46.38,122.26,443.22,2024-01-05 02:00:00
WF_000370,BATCH_026,MACH_001,Post-Etch,93.83,3,None,90.107,118.96,249.62,49.4,120.08,440.33,2024-01-05 02:15:00
WF_000371,BATCH_044,MACH_002,Post-Etch,86.11,7,Photoresist Residue,91.333,120.51,248.69,54.04,120.96,454.62,2024-01-05 02:30:00
WF_000372,BATCH_012,MACH_002,Post-Etch,95.59,2,None,91.186,120.55,250.98,53.86,121.08,439.77,2024-01-05 02:45:00
WF_000373,BATCH_005,MACH_003,Post-Etch,93.86,3,None,88.557,120.35,248.6,47.44,120.52,441.66,2024-01-05 03:00:00
WF_000374,BATCH_011,MACH_005,Post-Etch,99.0,0,None,89.975,117.65,252.05,50.39,119.12,460.83,2024-01-05 03:15:00
WF_000375,BATCH_041,MACH_002,Post-Etch,88.38,6,Pattern Distortion,93.103,116.75,252.9,56.64,119.31,449.72,2024-01-05 03:30:00
WF_000376,BATCH_011,MACH_003,Post-Etch,96.94,1,None,90.597,118.34,246.87,52.73,121.64,481.52,2024-01-05 03:45:00
WF_000377,BATCH_042,MACH_005,Post-Etch,87.16,6,Contamination,91.524,120.58,252.53,53.85,119.23,433.11,2024-01-05 04:00:00
WF_000378,BATCH_050,MACH_001,Post-Etch,97.95,1,None,90.151,116.8,248.4,49.63,119.54,438.16,2024-01-05 04:15:00
WF_000379,BATCH_032,MACH_004,Post-Etch,93.79,3,None,90.529,119.66,249.35,51.44,119.46,451.65,2024-01-05 04:30:00
WF_000380,BATCH_021,MACH_001,Post-Etch,95.85,2,None,89.67,123.61,258.75,49.17,119.74,465.83,2024-01-05 04:45:00
WF_000381,BATCH_010,MACH_005,Post-Etch,93.23,3,None,90.259,120.17,251.36,50.37,121.06,431.73,2024-01-05 05:00:00
WF_000382,BATCH_024,MACH_004,Post-Etch,96.67,1,None,88.726,116.65,247.34,48.1,119.8,451.83,2024-01-05 05:15:00
WF_000383,BATCH_012,MACH_003,Post-Etch,99.0,0,None,90.049,121.95,246.53,50.48,120.4,461.31,2024-01-05 05:30:00
WF_000384,BATCH_016,MACH_004,Post-Etch,97.16,1,None,89.6,122.19,248.39,49.08,120.41,436.29,2024-01-05 05:45:00
WF_000385,BATCH_032,MACH_004,Post-Etch,90.58,5,Pattern Distortion,90.719,117.09,256.06,51.82,118.54,446.17,2024-01-05 06:00:00
WF_000386,BATCH_016,MACH_003,Post-Etch,94.95,2,None,90.001,115.37,249.04,50.8,120.44,434.88,2024-01-05 06:15:00
WF_000387,BATCH_046,MACH_002,Post-Etch,91.26,4,Pattern Distortion,92.036,115.99,251.45,53.46,118.67,463.66,2024-01-05 06:30:00
WF_000388,BATCH_010,MACH_003,Post-Etch,90.95,4,Pattern Distortion,88.184,124.55,245.68,46.75,119.26,443.56,2024-01-05 06:45:00
WF_000389,BATCH_043,MACH_002,Post-Etch,97.08,1,None,90.985,119.45,255.73,51.18,121.56,434.7,2024-01-05 07:00:00
WF_000390,BATCH_017,MACH_002,Post-Etch,94.1,3,None,91.271,116.52,240.55,53.1,119.86,459.58,2024-01-05 07:15:00
WF_000391,BATCH_049,MACH_002,Post-Etch,83.42,8,Photoresist Residue,92.111,124.79,255.35,56.64,119.89,446.12,2024-01-05 07:30:00
WF_000392,BATCH_022,MACH_003,Post-Etch,96.93,1,None,90.618,117.21,247.43,51.58,120.41,456.25,2024-01-05 07:45:00
WF_000393,BATCH_015,MACH_005,Post-Etch,90.57,5,Contamination,91.698,116.76,254.66,52.49,120.01,461.94,2024-01-05 08:00:00
WF_000394,BATCH_041,MACH_002,Post-Etch,89.45,5,Photoresist Residue,92.605,117.82,247.79,56.86,119.66,452.78,2024-01-05 08:15:00
WF_000395,BATCH_033,MACH_002,Post-Etch,92.29,4,Pattern Distortion,90.487,124.87,251.26,52.31,121.39,453.26,2024-01-05 08:30:00
WF_000396,BATCH_018,MACH_005,Post-Etch,93.32,3,None,90.546,120.88,250.59,50.65,119.87,455.54,2024-01-05 08:45:00
WF_000397,BATCH_044,MACH_004,Post-Etch,97.22,1,None,89.192,124.1,249.09,49.49,119.46,457.98,2024-01-05 09:00:00
WF_000398,BATCH_027,MACH_001,Post-Etch,94.81,2,None,90.139,124.95,252.79,49.32,118.36,460.92,2024-01-05 09:15:00
WF_000399,BATCH_005,MACH_001,Post-Etch,97.36,1,None,89.675,115.91,248.32,49.85,119.85,446.9,2024-01-05 09:30:00
WF_000400,BATCH_001,MACH_001,Post-Etch,93.61,3,None,89.858,122.94,251.73,48.3,118.09,449.15,2024-01-05 09:45:00
WF_000401,BATCH_032,MACH_003,Post-Etch,97.73,1,None,89.728,120.71,242.28,50.33,122.2,454.93,2024-01-05 10:00:00
WF_000402,BATCH_007,MACH_002,Post-Etch,91.31,4,Photoresist Residue,90.001,122.18,250.99,49.69,119.7,455.37,2024-01-05 10:15:00
WF_000403,BATCH_002,MACH_004,Post-Etch,96.94,1,None,90.665,115.52,259.75,50.54,120.94,441.0,2024-01-05 10:30:00
WF_000404,BATCH_042,MACH_004,Post-Etch,97.69,1,None,89.627,120.77,244.97,48.83,118.68,428.76,2024-01-05 10:45:00
WF_000405,BATCH_006,MACH_002,Post-Etch,89.99,5,Micro-crack,91.859,121.87,251.65,53.49,119.28,434.73,2024-01-05 11:00:00
WF_000406,BATCH_002,MACH_005,Post-Etch,93.75,3,None,89.298,119.11,246.16,49.24,119.32,442.55,2024-01-05 11:15:00
WF_000407,BATCH_035,MACH_003,Post-Etch,91.24,4,Etch Pit,89.34,117.67,249.66,48.74,120.73,448.03,2024-01-05 11:30:00
WF_000408,BATCH_041,MACH_001,Post-Etch,90.08,5,Pattern Distortion,90.112,116.37,255.64,48.76,119.48,448.35,2024-01-05 11:45:00
WF_000409,BATCH_033,MACH_002,Post-Etch,94.76,2,None,89.352,122.22,245.39,48.82,118.04,451.31,2024-01-05 12:00:00
WF_000410,BATCH_007,MACH_005,Post-Etch,94.43,2,None,90.53,115.53,252.03,49.62,120.35,441.5,2024-01-05 12:15:00
WF_000411,BATCH_046,MACH_003,Post-Etch,92.4,4,Pattern Distortion,90.711,121.44,253.25,51.16,119.59,452.84,2024-01-05 12:30:00
WF_000412,BATCH_030,MACH_005,Post-Etch,93.5,3,None,89.436,124.99,240.52,49.98,119.53,433.75,2024-01-05 12:45:00
WF_000413,BATCH_005,MACH_003,Post-Etch,97.0,1,None,90.329,115.75,254.44,50.72,120.43,461.08,2024-01-05 13:00:00
WF_000414,BATCH_034,MACH_004,Post-Etch,93.72,3,None,90.305,124.32,249.76,50.96,122.77,452.68,2024-01-05 13:15:00
WF_000415,BATCH_033,MACH_003,Post-Etch,94.14,3,None,89.659,123.79,247.69,47.22,120.27,443.85,2024-01-05 13:30:00
WF_000416,BATCH_002,MACH_003,Post-Etch,93.57,3,None,91.069,119.27,252.7,51.75,119.33,449.39,2024-01-05 13:45:00
WF_000417,BATCH_047,MACH_001,Post-Etch,97.67,1,None,90.544,121.83,249.66,50.46,117.81,446.65,2024-01-05 14:00:00
WF_000418,BATCH_016,MACH_003,Post-Etch,97.46,1,None,89.938,115.77,250.51,49.03,118.22,427.7,2024-01-05 14:15:00
WF_000419,BATCH_011,MACH_001,Post-Etch,88.23,6,Micro-crack,88.131,117.54,246.33,45.96,118.8,462.35,2024-01-05 14:30:00
WF_000420,BATCH_010,MACH_002,Post-Etch,93.65,3,None,92.328,115.57,243.63,56.39,119.51,445.14,2024-01-05 14:45:00
WF_000421,BATCH_033,MACH_005,Post-Etch,87.65,6,Micro-crack,88.306,123.38,247.03,46.44,120.34,433.69,2024-01-05 15:00:00
WF_000422,BATCH_027,MACH_005,Post-Etch,92.12,4,Photoresist Residue,90.745,121.18,255.47,50.21,120.39,453.23,2024-01-05 15:15:00
WF_000423,BATCH_001,MACH_001,Post-Etch,97.18,1,None,90.134,116.67,252.25,50.4,119.92,450.79,2024-01-05 15:30:00
WF_000424,BATCH_013,MACH_002,Post-Etch,93.12,3,None,91.925,124.12,242.03,55.51,119.63,450.04,2024-01-05 15:45:00
WF_000425,BATCH_034,MACH_001,Post-Etch,94.72,2,None,90.511,119.05,257.33,51.08,119.49,431.41,2024-01-05 16:00:00
WF_000426,BATCH_026,MACH_001,Post-Etch,94.71,2,None,89.137,121.84,252.44,47.47,120.25,435.0,2024-01-05 16:15:00
WF_000427,BATCH_025,MACH_004,Post-Etch,90.25,5,Photoresist Residue,92.956,119.52,261.99,55.35,119.82,440.74,2024-01-05 16:30:00
WF_000428,BATCH_018,MACH_005,Post-Etch,97.58,1,None,88.911,121.83,256.73,47.48,121.97,454.15,2024-01-05 16:45:00
WF_000429,BATCH_017,MACH_005,Post-Etch,97.6,1,None,90.471,121.74,250.84,51.89,120.5,441.22,2024-01-05 17:00:00
WF_000430,BATCH_037,MACH_003,Post-Etch,91.88,4,Micro-crack,90.731,115.78,248.93,52.63,118.49,449.42,2024-01-05 17:15:00
WF_000431,BATCH_036,MACH_001,Post-Etch,98.52,0,None,90.04,122.21,249.36,49.52,120.23,457.21,2024-01-05 17:30:00
WF_000432,BATCH_004,MACH_005,Post-Etch,98.2,0,None,90.525,121.52,244.97,50.72,119.46,456.55,2024-01-05 17:45:00
WF_000433,BATCH_042,MACH_005,Post-Etch,95.41,2,None,90.722,121.63,248.78,50.87,119.31,441.57,2024-01-05 18:00:00
WF_000434,BATCH_042,MACH_001,Post-Etch,91.69,4,Pattern Distortion,88.969,123.16,247.47,48.3,119.72,445.01,2024-01-05 18:15:00
WF_000435,BATCH_035,MACH_004,Post-Etch,91.79,4,Micro-crack,90.892,124.29,247.17,51.66,120.21,440.15,2024-01-05 18:30:00
WF_000436,BATCH_037,MACH_002,Post-Etch,91.31,4,Contamination,92.016,115.34,244.57,55.45,118.31,456.96,2024-01-05 18:45:00
WF_000437,BATCH_018,MACH_002,Post-Etch,91.54,4,Contamination,92.344,120.06,254.18,54.26,119.33,441.24,2024-01-05 19:00:00
WF_000438,BATCH_019,MACH_003,Post-Etch,95.79,2,None,89.681,119.43,248.8,50.02,121.65,444.13,2024-01-05 19:15:00
WF_000439,BATCH_042,MACH_005,Post-Etch,98.17,1,None,90.435,123.67,255.48,50.85,118.46,444.61,2024-01-05 19:30:00
WF_000440,BATCH_016,MACH_002,Post-Etch,87.85,6,Contamination,94.055,117.91,250.35,58.99,118.94,448.31,2024-01-05 19:45:00
WF_000441,BATCH_035,MACH_004,Post-Etch,97.07,1,None,90.382,124.3,246.02,51.56,120.27,438.3,2024-01-05 20:00:00
WF_000442,BATCH_002,MACH_004,Post-Etch,95.31,2,None,90.003,121.31,249.45,49.35,119.92,446.17,2024-01-05 20:15:00
WF_000443,BATCH_027,MACH_001,Post-Etch,89.6,5,Etch Pit,89.451,117.21,240.77,50.04,119.05,449.31,2024-01-05 20:30:00
WF_000444,BATCH_024,MACH_002,Post-Etch,95.17,2,None,91.03,121.16,248.65,52.65,120.27,454.33,2024-01-05 20:45:00
WF_000445,BATCH_001,MACH_005,Post-Etch,93.87,3,None,90.188,119.84,252.89,49.74,121.41,445.16,2024-01-05 21:00:00
WF_000446,BATCH_005,MACH_003,Post-Etch,96.46,2,None,90.935,121.66,261.94,52.37,120.72,451.12,2024-01-05 21:15:00
WF_000447,BATCH_025,MACH_002,Post-Etch,91.81,4,Pattern Distortion,92.059,121.48,257.96,54.24,118.81,449.5,2024-01-05 21:30:00
WF_000448,BATCH_022,MACH_002,Post-Etch,92.07,4,Contamination,92.518,120.21,252.78,55.18,119.1,456.26,2024-01-05 21:45:00
WF_000449,BATCH_046,MACH_001,Post-Etch,93.54,3,None,90.182,116.02,250.57,50.36,119.9,441.95,2024-01-05 22:00:00
WF_000450,BATCH_022,MACH_005,Post-Etch,93.54,3,None,89.368,119.18,255.54,48.49,119.53,462.34,2024-01-05 22:15:00
WF_000451,BATCH_017,MACH_005,Post-Etch,94.15,3,None,88.943,120.84,238.93,49.19,120.45,428.17,2024-01-05 22:30:00
WF_000452,BATCH_009,MACH_002,Post-Etch,94.96,2,None,88.595,122.94,249.49,46.68,118.49,454.19,2024-01-05 22:45:00
WF_000453,BATCH_030,MACH_005,Post-Etch,95.27,2,None,90.481,119.47,247.4,50.97,118.05,429.5,2024-01-05 23:00:00
WF_000454,BATCH_025,MACH_004,Post-Etch,95.22,2,None,90.03,122.76,242.02,51.32,119.07,449.43,2024-01-05 23:15:00
WF_000455,BATCH_031,MACH_002,Post-Etch,89.9,5,Photoresist Residue,92.3,119.93,252.07,54.98,119.72,448.42,2024-01-05 23:30:00
WF_000456,BATCH_008,MACH_003,Post-Etch,95.17,2,None,89.025,120.1,254.34,47.63,120.59,456.2,2024-01-05 23:45:00
WF_000457,BATCH_050,MACH_005,Post-Etch,92.98,4,Contamination,88.442,121.99,246.98,48.02,121.51,463.15,2024-01-06 00:00:00
WF_000458,BATCH_014,MACH_002,Post-Etch,89.76,5,Contamination,92.803,120.4,261.69,54.83,120.11,456.17,2024-01-06 00:15:00
WF_000459,BATCH_005,MACH_005,Post-Etch,96.93,1,None,89.722,115.56,245.87,49.85,118.32,451.91,2024-01-06 00:30:00
WF_000460,BATCH_031,MACH_003,Post-Etch,89.66,5,Etch Pit,92.569,116.98,250.75,56.15,121.36,437.55,2024-01-06 00:45:00
WF_000461,BATCH_024,MACH_002,Post-Etch,92.05,4,Photoresist Residue,92.795,117.43,254.84,56.7,121.37,441.48,2024-01-06 01:00:00
WF_000462,BATCH_034,MACH_005,Post-Etch,93.77,3,None,89.909,122.89,241.43,50.31,118.01,448.24,2024-01-06 01:15:00
WF_000463,BATCH_030,MACH_002,Post-Etch,90.02,5,Photoresist Residue,92.6,123.09,263.46,54.92,118.83,432.65,2024-01-06 01:30:00
WF_000464,BATCH_003,MACH_005,Post-Etch,88.2,6,Etch Pit,86.961,118.91,238.88,45.17,120.02,439.87,2024-01-06 01:45:00
WF_000465,BATCH_041,MACH_002,Post-Etch,93.1,3,None,92.392,119.64,258.83,55.25,119.5,445.51,2024-01-06 02:00:00
WF_000466,BATCH_019,MACH_004,Post-Etch,90.09,5,Photoresist Residue,91.226,116.2,257.67,52.24,119.54,455.43,2024-01-06 02:15:00
WF_000467,BATCH_030,MACH_005,Post-Etch,88.85,6,Micro-crack,91.468,124.62,255.99,52.49,121.24,448.26,2024-01-06 02:30:00
WF_000468,BATCH_033,MACH_003,Post-Etch,89.57,5,Contamination,89.9,115.85,244.4,49.65,120.08,440.54,2024-01-06 02:45:00
WF_000469,BATCH_048,MACH_003,Post-Etch,85.71,7,Photoresist Residue,87.113,119.43,246.37,44.34,119.45,463.09,2024-01-06 03:00:00
WF_000470,BATCH_009,MACH_005,Post-Etch,97.71,1,None,89.622,115.84,244.56,48.88,118.16,456.14,2024-01-06 03:15:00
WF_000471,BATCH_009,MACH_002,Post-Etch,89.65,5,Photoresist Residue,92.747,115.38,249.43,55.6,119.34,449.51,2024-01-06 03:30:00
WF_000472,BATCH_030,MACH_005,Post-Etch,91.66,4,Contamination,89.976,123.06,252.61,48.54,120.3,461.24,2024-01-06 03:45:00
WF_000473,BATCH_041,MACH_001,Post-Etch,95.66,2,None,90.064,124.06,257.45,49.53,120.53,454.77,2024-01-06 04:00:00
WF_000474,BATCH_020,MACH_001,Post-Etch,92.32,4,Etch Pit,90.089,121.77,255.93,50.41,120.74,454.29,2024-01-06 04:15:00
WF_000475,BATCH_039,MACH_005,Post-Etch,93.27,3,None,90.496,122.5,256.81,51.0,118.31,448.3,2024-01-06 04:30:00
WF_000476,BATCH_049,MACH_002,Post-Etch,91.81,4,Photoresist Residue,92.176,121.6,240.47,56.96,120.23,455.09,2024-01-06 04:45:00
WF_000477,BATCH_031,MACH_002,Post-Etch,87.98,6,Pattern Distortion,91.908,119.25,254.7,54.34,118.73,445.61,2024-01-06 05:00:00
WF_000478,BATCH_016,MACH_002,Post-Etch,92.32,4,Etch Pit,90.979,124.41,241.87,53.43,120.89,465.88,2024-01-06 05:15:00
WF_000479,BATCH_016,MACH_005,Post-Etch,94.58,3,None,90.728,116.98,255.15,52.01,120.78,437.65,2024-01-06 05:30:00
WF_000480,BATCH_049,MACH_002,Post-Etch,84.15,8,Etch Pit,91.303,122.21,250.0,54.06,119.36,451.47,2024-01-06 05:45:00
WF_000481,BATCH_041,MACH_003,Post-Etch,98.76,0,None,90.514,120.28,253.6,50.8,120.2,439.7,2024-01-06 06:00:00
WF_000482,BATCH_019,MACH_003,Post-Etch,96.7,1,None,90.683,117.77,262.7,49.88,118.25,446.86,2024-01-06 06:15:00
WF_000483,BATCH_036,MACH_001,Post-Etch,89.36,5,Photoresist Residue,90.883,120.24,253.94,51.92,119.86,439.15,2024-01-06 06:30:00
WF_000484,BATCH_013,MACH_001,Post-Etch,89.65,5,Contamination,90.722,120.08,254.74,50.87,120.84,453.93,2024-01-06 06:45:00
WF_000485,BATCH_016,MACH_005,Post-Etch,95.23,2,None,90.612,115.8,246.7,51.26,120.27,459.26,2024-01-06 07:00:00
WF_000486,BATCH_007,MACH_002,Post-Etch,90.35,5,Contamination,91.126,124.71,246.25,54.73,120.0,458.36,2024-01-06 07:15:00
WF_000487,BATCH_011,MACH_004,Post-Etch,96.1,2,None,88.144,122.61,251.37,45.85,119.91,450.16,2024-01-06 07:30:00
WF_000488,BATCH_036,MACH_005,Post-Etch,96.3,2,None,89.474,118.56,245.04,48.89,118.85,452.56,2024-01-06 07:45:00
WF_000489,BATCH_033,MACH_004,Post-Etch,95.49,2,None,89.995,118.7,251.09,49.11,119.8,453.68,2024-01-06 08:00:00
WF_000490,BATCH_022,MACH_002,Post-Etch,95.53,2,None,89.952,118.02,245.99,50.63,119.77,464.39,2024-01-06 08:15:00
WF_000491,BATCH_040,MACH_001,Post-Etch,95.45,2,None,91.715,120.23,249.22,54.76,120.83,461.6,2024-01-06 08:30:00
WF_000492,BATCH_043,MACH_004,Post-Etch,95.52,2,None,89.859,121.63,244.61,48.81,120.14,453.55,2024-01-06 08:45:00
WF_000493,BATCH_042,MACH_003,Post-Etch,91.12,5,Pattern Distortion,88.987,119.38,240.39,49.27,119.82,462.54,2024-01-06 09:00:00
WF_000494,BATCH_010,MACH_001,Post-Etch,94.01,3,None,91.48,123.95,245.56,53.16,119.69,449.73,2024-01-06 09:15:00
WF_000495,BATCH_018,MACH_002,Post-Etch,95.2,2,None,89.799,117.51,252.12,49.84,119.46,445.33,2024-01-06 09:30:00
WF_000496,BATCH_021,MACH_002,Post-Etch,91.13,4,Contamination,92.437,122.44,252.31,56.22,119.23,461.69,2024-01-06 09:45:00
WF_000497,BATCH_016,MACH_002,Post-Etch,85.82,7,Photoresist Residue,93.533,119.01,253.62,57.6,119.63,478.41,2024-01-06 10:00:00
WF_000498,BATCH_030,MACH_002,Post-Etch,97.75,1,None,88.92,121.1,249.25,48.08,119.13,463.56,2024-01-06 10:15:00
WF_000499,BATCH_009,MACH_001,Post-Etch,95.64,2,None,88.859,119.98,248.55,48.2,119.18,443.13,2024-01-06 10:30:00
WF_000500,BATCH_016,MACH_005,Post-Etch,98.24,0,None,89.638,118.37,245.99,49.46,121.23,441.95,2024-01-06 10:45:00
WF_000501,BATCH_010,MACH_001,Post-Etch,93.69,3,None,89.185,115.04,248.9,48.03,119.55,456.55,2024-01-06 11:00:00
WF_000502,BATCH_039,MACH_001,Post-Etch,96.29,1,None,89.983,124.93,245.17,50.4,119.99,444.82,2024-01-06 11:15:00
WF_000503,BATCH_025,MACH_004,Post-Etch,95.42,2,None,90.053,115.63,252.68,49.16,119.58,449.29,2024-01-06 11:30:00
WF_000504,BATCH_014,MACH_002,Post-Etch,88.41,6,Contamination,93.411,120.11,252.27,57.31,120.44,440.97,2024-01-06 11:45:00
WF_000505,BATCH_042,MACH_002,Post-Etch,87.65,6,Photoresist Residue,91.353,117.74,248.9,53.89,122.16,461.45,2024-01-06 12:00:00
WF_000506,BATCH_043,MACH_005,Post-Etch,90.53,5,Contamination,91.047,122.88,254.33,53.72,121.16,455.75,2024-01-06 12:15:00
WF_000507,BATCH_001,MACH_005,Post-Etch,93.93,3,None,89.813,124.75,252.85,50.86,120.74,475.72,2024-01-06 12:30:00
WF_000508,BATCH_008,MACH_005,Post-Etch,93.42,3,None,89.952,116.59,244.63,51.68,120.02,463.51,2024-01-06 12:45:00
WF_000509,BATCH_006,MACH_004,Post-Etch,99.0,0,None,90.474,121.34,243.5,52.18,118.52,454.57,2024-01-06 13:00:00
WF_000510,BATCH_025,MACH_005,Post-Etch,93.34,3,None,90.219,115.83,245.94,50.61,118.75,450.04,2024-01-06 13:15:00
WF_000511,BATCH_028,MACH_002,Post-Etch,92.53,4,Contamination,91.32,121.59,247.38,55.98,119.2,449.38,2024-01-06 13:30:00
WF_000512,BATCH_018,MACH_002,Post-Etch,89.65,5,Etch Pit,91.127,115.52,242.72,54.19,118.69,457.93,2024-01-06 13:45:00
WF_000513,BATCH_008,MACH_004,Post-Etch,94.09,3,None,90.112,123.51,245.23,50.73,122.02,448.24,2024-01-06 14:00:00
WF_000514,BATCH_038,MACH_002,Post-Etch,91.49,4,Photoresist Residue,91.856,120.69,245.17,54.21,122.16,443.83,2024-01-06 14:15:00
WF_000515,BATCH_017,MACH_001,Post-Etch,95.06,2,None,89.941,121.41,246.66,51.51,121.0,449.18,2024-01-06 14:30:00
WF_000516,BATCH_012,MACH_003,Post-Etch,98.36,0,None,90.56,119.71,243.13,51.93,121.41,437.91,2024-01-06 14:45:00
WF_000517,BATCH_044,MACH_001,Post-Etch,91.11,4,Micro-crack,90.12,115.39,257.91,49.19,120.51,456.19,2024-01-06 15:00:00
WF_000518,BATCH_015,MACH_005,Post-Etch,95.73,2,None,89.339,122.06,256.64,47.93,118.95,427.36,2024-01-06 15:15:00
WF_000519,BATCH_029,MACH_003,Post-Etch,99.0,0,None,90.348,117.49,255.0,49.08,120.3,443.22,2024-01-06 15:30:00
WF_000520,BATCH_013,MACH_001,Post-Etch,99.0,0,None,89.381,123.17,248.9,48.71,120.33,466.18,2024-01-06 15:45:00
WF_000521,BATCH_033,MACH_004,Post-Etch,96.43,1,None,90.653,123.63,246.96,51.56,119.29,471.17,2024-01-06 16:00:00
WF_000522,BATCH_025,MACH_002,Post-Etch,92.3,4,Contamination,92.35,119.48,255.15,54.57,119.61,453.18,2024-01-06 16:15:00
WF_000523,BATCH_026,MACH_001,Post-Etch,94.79,2,None,91.692,121.01,249.53,54.04,120.23,445.53,2024-01-06 16:30:00
WF_000524,BATCH_023,MACH_003,Post-Etch,95.82,2,None,89.272,120.04,249.96,48.04,118.04,443.32,2024-01-06 16:45:00
WF_000525,BATCH_039,MACH_001,Post-Etch,99.0,0,None,90.621,121.48,260.18,52.34,119.28,443.56,2024-01-06 17:00:00
WF_000526,BATCH_041,MACH_002,Post-Etch,85.82,7,Photoresist Residue,92.601,115.43,257.7,56.37,120.2,447.04,2024-01-06 17:15:00
WF_000527,BATCH_020,MACH_002,Post-Etch,98.56,0,None,89.659,124.69,249.26,48.72,120.35,470.67,2024-01-06 17:30:00
WF_000528,BATCH_012,MACH_005,Post-Etch,94.93,2,None,90.676,119.1,252.41,51.32,121.77,460.39,2024-01-06 17:45:00
WF_000529,BATCH_018,MACH_003,Post-Etch,91.43,4,Micro-crack,89.591,119.86,244.08,49.36,118.22,440.6,2024-01-06 18:00:00
WF_000530,BATCH_015,MACH_003,Post-Etch,97.59,1,None,89.288,122.7,254.32,48.43,120.71,470.85,2024-01-06 18:15:00
WF_000531,BATCH_015,MACH_003,Post-Etch,93.12,3,None,89.16,123.65,247.2,48.15,121.01,447.63,2024-01-06 18:30:00
WF_000532,BATCH_024,MACH_004,Post-Etch,93.4,3,None,90.873,124.62,251.61,52.19,119.45,442.36,2024-01-06 18:45:00
WF_000533,BATCH_010,MACH_004,Post-Etch,92.2,4,Etch Pit,87.664,117.55,246.02,44.86,118.02,447.08,2024-01-06 19:00:00
WF_000534,BATCH_041,MACH_004,Post-Etch,97.08,1,None,89.774,121.36,253.98,49.62,118.48,459.04,2024-01-06 19:15:00
WF_000535,BATCH_031,MACH_005,Post-Etch,94.19,3,None,89.177,116.71,252.46,46.57,118.63,447.89,2024-01-06 19:30:00
WF_000536,BATCH_017,MACH_001,Post-Etch,96.19,1,None,90.365,115.09,260.01,49.2,119.25,448.95,2024-01-06 19:45:00
WF_000537,BATCH_003,MACH_004,Post-Etch,99.0,0,None,89.691,123.25,252.74,48.26,120.51,466.16,2024-01-06 20:00:00
WF_000538,BATCH_004,MACH_001,Post-Etch,98.78,0,None,89.401,115.51,242.23,50.9,119.74,455.56,2024-01-06 20:15:00
WF_000539,BATCH_011,MACH_003,Post-Etch,94.11,3,None,90.163,118.55,258.61,51.13,118.97,446.8,2024-01-06 20:30:00
WF_000540,BATCH_013,MACH_005,Post-Etch,98.74,1,None,90.446,116.4,249.05,51.16,121.41,443.72,2024-01-06 20:45:00
WF_000541,BATCH_047,MACH_001,Post-Etch,87.48,6,Pattern Distortion,88.654,115.64,251.4,46.05,120.68,450.56,2024-01-06 21:00:00
WF_000542,BATCH_049,MACH_001,Post-Etch,96.84,1,None,89.965,118.03,254.5,48.96,120.85,450.29,2024-01-06 21:15:00
WF_000543,BATCH_022,MACH_001,Post-Etch,93.68,3,None,90.805,123.13,259.87,51.11,118.62,436.79,2024-01-06 21:30:00
WF_000544,BATCH_045,MACH_001,Post-Etch,99.0,0,None,90.251,116.28,245.6,52.58,120.04,440.65,2024-01-06 21:45:00
WF_000545,BATCH_027,MACH_003,Post-Etch,91.59,4,Photoresist Residue,89.955,116.68,255.21,49.43,119.89,480.98,2024-01-06 22:00:00
WF_000546,BATCH_037,MACH_003,Post-Etch,97.3,1,None,90.916,120.15,259.09,51.25,119.18,451.27,2024-01-06 22:15:00
WF_000547,BATCH_042,MACH_003,Post-Etch,87.46,6,Etch Pit,89.33,117.51,259.66,47.9,119.11,445.73,2024-01-06 22:30:00
WF_000548,BATCH_007,MACH_001,Post-Etch,98.45,0,None,90.523,117.78,254.03,49.78,120.03,451.61,2024-01-06 22:45:00
WF_000549,BATCH_017,MACH_002,Post-Etch,91.2,4,Pattern Distortion,91.729,117.17,254.1,53.54,121.77,432.82,2024-01-06 23:00:00
WF_000550,BATCH_021,MACH_003,Post-Etch,98.25,1,None,90.223,116.16,253.97,50.82,119.07,443.91,2024-01-06 23:15:00
WF_000551,BATCH_004,MACH_004,Post-Etch,91.66,4,Photoresist Residue,90.976,116.83,258.61,50.4,119.02,456.98,2024-01-06 23:30:00
WF_000552,BATCH_029,MACH_005,Post-Etch,96.28,2,None,90.154,118.4,246.82,50.42,120.36,440.89,2024-01-06 23:45:00
WF_000553,BATCH_026,MACH_005,Post-Etch,96.24,2,None,88.786,124.99,241.74,49.11,120.98,452.75,2024-01-07 00:00:00
WF_000554,BATCH_022,MACH_001,Post-Etch,94.1,3,None,90.131,118.84,253.57,49.54,118.61,435.53,2024-01-07 00:15:00
WF_000555,BATCH_048,MACH_001,Post-Etch,87.65,6,Pattern Distortion,87.91,118.43,249.65,44.96,119.85,460.6,2024-01-07 00:30:00
WF_000556,BATCH_007,MACH_003,Post-Etch,92.04,4,Pattern Distortion,89.107,123.61,248.83,48.21,120.8,431.27,2024-01-07 00:45:00
WF_000557,BATCH_026,MACH_002,Post-Etch,90.81,5,Micro-crack,91.499,116.86,244.36,55.61,120.16,459.91,2024-01-07 01:00:00
WF_000558,BATCH_026,MACH_003,Post-Etch,86.4,7,Pattern Distortion,92.79,121.13,251.61,55.78,120.28,441.61,2024-01-07 01:15:00
WF_000559,BATCH_008,MACH_004,Post-Etch,95.04,2,None,88.288,116.67,242.28,46.67,118.51,451.37,2024-01-07 01:30:00
WF_000560,BATCH_003,MACH_004,Post-Etch,95.6,2,None,90.339,120.31,254.05,50.34,119.08,461.68,2024-01-07 01:45:00
WF_000561,BATCH_037,MACH_003,Post-Etch,99.0,0,None,89.9,124.2,242.59,50.68,119.41,459.76,2024-01-07 02:00:00
WF_000562,BATCH_010,MACH_001,Post-Etch,90.6,4,Contamination,88.82,122.34,239.23,48.55,118.34,473.05,2024-01-07 02:15:00
WF_000563,BATCH_033,MACH_005,Post-Etch,93.83,3,None,89.977,116.77,248.9,51.0,120.75,459.39,2024-01-07 02:30:00
WF_000564,BATCH_007,MACH_001,Post-Etch,95.69,2,None,88.432,121.39,244.15,46.84,120.79,444.37,2024-01-07 02:45:00
WF_000565,BATCH_041,MACH_004,Post-Etch,96.94,1,None,89.507,116.46,244.96,48.29,121.28,439.62,2024-01-07 03:00:00
WF_000566,BATCH_046,MACH_002,Post-Etch,95.11,2,None,91.036,115.24,250.44,54.01,119.71,444.47,2024-01-07 03:15:00
WF_000567,BATCH_022,MACH_005,Post-Etch,88.61,6,Pattern Distortion,91.854,120.92,250.76,53.93,119.38,439.76,2024-01-07 03:30:00
WF_000568,BATCH_017,MACH_005,Post-Etch,87.72,6,Micro-crack,89.155,122.65,255.67,47.57,119.7,461.75,2024-01-07 03:45:00
WF_000569,BATCH_003,MACH_003,Post-Etch,94.15,3,None,90.812,122.68,261.61,51.21,119.09,449.61,2024-01-07 04:00:00
WF_000570,BATCH_031,MACH_001,Post-Etch,90.65,5,Photoresist Residue,88.616,119.14,252.88,46.98,120.18,454.53,2024-01-07 04:15:00
WF_000571,BATCH_019,MACH_004,Post-Etch,96.87,1,None,90.254,115.33,257.74,50.64,121.22,451.34,2024-01-07 04:30:00
WF_000572,BATCH_023,MACH_005,Post-Etch,97.32,1,None,90.153,115.05,251.32,49.92,120.75,450.94,2024-01-07 04:45:00
WF_000573,BATCH_017,MACH_003,Post-Etch,93.71,3,None,90.82,115.01,250.36,51.48,118.86,450.87,2024-01-07 05:00:00
WF_000574,BATCH_037,MACH_004,Post-Etch,89.89,5,Contamination,90.2,115.14,251.38,49.34,119.4,449.27,2024-01-07 05:15:00
WF_000575,BATCH_016,MACH_004,Post-Etch,97.61,1,None,89.545,121.59,246.19,50.42,121.53,442.22,2024-01-07 05:30:00
WF_000576,BATCH_022,MACH_005,Post-Etch,95.98,2,None,88.032,123.97,245.99,47.71,121.09,444.29,2024-01-07 05:45:00
WF_000577,BATCH_044,MACH_001,Post-Etch,96.76,1,None,89.916,117.19,239.3,49.71,121.33,472.09,2024-01-07 06:00:00
WF_000578,BATCH_044,MACH_001,Post-Etch,92.84,3,None,88.906,121.71,247.03,48.39,119.79,463.94,2024-01-07 06:15:00
WF_000579,BATCH_035,MACH_003,Post-Etch,92.7,3,None,89.04,119.6,247.6,47.05,119.61,473.81,2024-01-07 06:30:00
WF_000580,BATCH_017,MACH_002,Post-Etch,92.84,4,Etch Pit,91.772,124.3,258.92,54.29,121.14,451.82,2024-01-07 06:45:00
WF_000581,BATCH_022,MACH_005,Post-Etch,99.0,0,None,89.662,119.4,251.81,48.14,121.53,451.95,2024-01-07 07:00:00
WF_000582,BATCH_016,MACH_003,Post-Etch,98.04,0,None,90.07,120.12,249.28,50.64,119.16,456.74,2024-01-07 07:15:00
WF_000583,BATCH_043,MACH_001,Post-Etch,96.55,2,None,88.777,115.08,257.37,47.05,121.02,437.36,2024-01-07 07:30:00
WF_000584,BATCH_048,MACH_002,Post-Etch,91.15,4,Micro-crack,92.071,123.88,259.34,54.37,118.79,471.6,2024-01-07 07:45:00
WF_000585,BATCH_027,MACH_001,Post-Etch,95.37,2,None,90.52,122.06,248.67,52.74,121.2,449.68,2024-01-07 08:00:00
WF_000586,BATCH_044,MACH_005,Post-Etch,94.12,3,None,89.984,115.88,249.56,49.58,120.9,444.02,2024-01-07 08:15:00
WF_000587,BATCH_029,MACH_001,Post-Etch,89.43,5,Pattern Distortion,87.248,119.36,243.37,44.81,119.2,452.92,2024-01-07 08:30:00
WF_000588,BATCH_020,MACH_001,Post-Etch,94.87,2,None,90.656,117.63,252.69,51.28,118.31,460.07,2024-01-07 08:45:00
WF_000589,BATCH_041,MACH_002,Post-Etch,88.44,6,Photoresist Residue,91.176,116.71,247.73,53.6,118.77,463.01,2024-01-07 09:00:00
WF_000590,BATCH_029,MACH_004,Post-Etch,97.08,1,None,90.972,115.19,257.3,51.78,121.61,447.99,2024-01-07 09:15:00
WF_000591,BATCH_041,MACH_001,Post-Etch,95.73,2,None,90.719,121.88,253.35,51.84,121.02,444.06,2024-01-07 09:30:00
WF_000592,BATCH_008,MACH_003,Post-Etch,98.56,0,None,90.256,118.15,253.33,50.9,120.99,442.46,2024-01-07 09:45:00
WF_000593,BATCH_023,MACH_004,Post-Etch,93.51,3,None,90.891,122.57,246.6,51.92,121.13,430.53,2024-01-07 10:00:00
WF_000594,BATCH_036,MACH_005,Post-Etch,87.95,6,Pattern Distortion,91.319,121.18,256.06,51.38,118.91,448.48,2024-01-07 10:15:00
WF_000595,BATCH_008,MACH_004,Post-Etch,89.97,5,Contamination,88.482,123.51,242.94,46.88,121.42,453.49,2024-01-07 10:30:00
WF_000596,BATCH_026,MACH_002,Post-Etch,89.92,5,Photoresist Residue,90.703,115.31,246.75,52.27,121.81,453.0,2024-01-07 10:45:00
WF_000597,BATCH_025,MACH_005,Post-Etch,97.48,1,None,89.733,118.97,254.28,49.18,119.82,439.84,2024-01-07 11:00:00
WF_000598,BATCH_026,MACH_001,Post-Etch,90.03,5,Etch Pit,89.763,122.3,248.98,48.96,120.44,432.65,2024-01-07 11:15:00
WF_000599,BATCH_031,MACH_001,Post-Etch,95.49,2,None,90.012,117.3,247.87,51.11,119.35,436.73,2024-01-07 11:30:00
WF_000600,BATCH_001,MACH_004,Post-Etch,93.44,3,None,89.297,124.54,253.7,48.79,119.41,463.69,2024-01-07 11:45:00
WF_000601,BATCH_042,MACH_003,Post-Etch,92.96,3,None,91.174,117.42,245.15,53.46,120.97,440.76,2024-01-07 12:00:00
WF_000602,BATCH_004,MACH_001,Post-Etch,96.68,1,None,90.757,124.71,248.17,51.01,120.52,463.37,2024-01-07 12:15:00
WF_000603,BATCH_009,MACH_004,Post-Etch,95.14,2,None,91.129,119.03,245.86,53.3,119.78,459.99,2024-01-07 12:30:00
WF_000604,BATCH_047,MACH_003,Post-Etch,95.17,2,None,89.144,118.85,251.14,46.7,120.57,441.39,2024-01-07 12:45:00
WF_000605,BATCH_041,MACH_001,Post-Etch,97.05,1,None,91.247,121.59,257.67,52.43,119.37,442.75,2024-01-07 13:00:00
WF_000606,BATCH_043,MACH_001,Post-Etch,94.88,2,None,88.949,123.73,246.17,49.08,117.75,453.36,2024-01-07 13:15:00
WF_000607,BATCH_029,MACH_005,Post-Etch,83.13,9,Etch Pit,91.587,119.35,253.19,53.6,121.41,445.13,2024-01-07 13:30:00
WF_000608,BATCH_047,MACH_002,Post-Etch,93.95,3,None,91.186,115.98,255.19,51.75,119.76,452.95,2024-01-07 13:45:00
WF_000609,BATCH_007,MACH_005,Post-Etch,94.1,3,None,90.674,122.03,262.49,50.8,121.32,451.08,2024-01-07 14:00:00
WF_000610,BATCH_013,MACH_002,Post-Etch,87.96,6,Photoresist Residue,93.108,115.41,255.91,56.06,119.52,463.97,2024-01-07 14:15:00
WF_000611,BATCH_026,MACH_001,Post-Etch,92.77,3,None,89.52,119.76,248.1,48.37,119.99,435.23,2024-01-07 14:30:00
WF_000612,BATCH_014,MACH_002,Post-Etch,95.82,2,None,90.719,116.64,244.42,52.19,120.31,458.13,2024-01-07 14:45:00
WF_000613,BATCH_011,MACH_003,Post-Etch,99.0,0,None,90.189,122.85,253.02,51.39,120.3,429.41,2024-01-07 15:00:00
WF_000614,BATCH_035,MACH_002,Post-Etch,82.3,9,Etch Pit,90.002,117.4,250.39,49.79,120.13,469.22,2024-01-07 15:15:00
WF_000615,BATCH_027,MACH_001,Post-Etch,94.49,3,None,88.666,121.73,252.78,45.94,119.07,456.82,2024-01-07 15:30:00
WF_000616,BATCH_014,MACH_005,Post-Etch,96.39,1,None,89.535,116.7,250.92,47.93,118.44,442.65,2024-01-07 15:45:00
WF_000617,BATCH_027,MACH_005,Post-Etch,92.43,4,Etch Pit,90.45,124.62,253.09,50.77,119.86,441.04,2024-01-07 16:00:00
WF_000618,BATCH_024,MACH_001,Post-Etch,97.07,1,None,89.935,122.64,248.17,48.99,121.05,421.47,2024-01-07 16:15:00
WF_000619,BATCH_029,MACH_001,Post-Etch,91.5,4,Pattern Distortion,88.346,118.88,239.83,47.52,120.51,465.51,2024-01-07 16:30:00
WF_000620,BATCH_023,MACH_003,Post-Etch,97.29,1,None,90.167,118.33,247.76,51.3,120.45,449.92,2024-01-07 16:45:00
WF_000621,BATCH_019,MACH_003,Post-Etch,91.8,4,Pattern Distortion,91.009,119.5,254.59,51.37,120.72,466.45,2024-01-07 17:00:00
WF_000622,BATCH_018,MACH_005,Post-Etch,97.13,1,None,89.232,118.5,238.11,50.39,120.37,449.61,2024-01-07 17:15:00
WF_000623,BATCH_008,MACH_004,Post-Etch,98.62,0,None,90.589,117.54,257.57,50.82,120.23,438.65,2024-01-07 17:30:00
WF_000624,BATCH_013,MACH_005,Post-Etch,98.2,0,None,89.401,115.64,246.2,49.21,120.38,436.88,2024-01-07 17:45:00
WF_000625,BATCH_020,MACH_003,Post-Etch,93.13,3,None,89.298,119.16,242.1,48.82,120.6,438.64,2024-01-07 18:00:00
WF_000626,BATCH_007,MACH_002,Post-Etch,90.55,5,Etch Pit,92.013,124.12,251.36,54.39,120.38,452.08,2024-01-07 18:15:00
WF_000627,BATCH_030,MACH_005,Post-Etch,99.0,0,None,89.984,115.96,253.91,49.39,119.37,454.2,2024-01-07 18:30:00
WF_000628,BATCH_022,MACH_002,Post-Etch,92.19,4,Pattern Distortion,93.002,124.32,252.4,56.5,121.28,451.44,2024-01-07 18:45:00
WF_000629,BATCH_014,MACH_001,Post-Etch,90.54,5,Photoresist Residue,90.123,119.27,250.45,50.13,119.03,437.66,2024-01-07 19:00:00
WF_000630,BATCH_017,MACH_005,Post-Etch,92.2,4,Contamination,89.242,118.19,252.6,47.84,121.0,461.27,2024-01-07 19:15:00
WF_000631,BATCH_048,MACH_002,Post-Etch,87.92,6,Pattern Distortion,92.813,124.69,251.43,57.46,121.58,435.94,2024-01-07 19:30:00
WF_000632,BATCH_034,MACH_004,Post-Etch,93.2,3,None,90.147,121.59,245.81,50.45,120.98,460.34,2024-01-07 19:45:00
WF_000633,BATCH_045,MACH_005,Post-Etch,95.07,2,None,89.748,117.88,248.88,48.86,119.81,430.27,2024-01-07 20:00:00
WF_000634,BATCH_042,MACH_005,Post-Etch,92.39,4,Micro-crack,88.582,116.99,254.71,46.03,119.87,437.3,2024-01-07 20:15:00
WF_000635,BATCH_028,MACH_004,Post-Etch,92.21,4,Etch Pit,90.506,119.64,243.62,51.79,119.23,447.35,2024-01-07 20:30:00
WF_000636,BATCH_011,MACH_005,Post-Etch,90.69,4,Etch Pit,88.337,119.18,249.02,45.75,120.41,471.36,2024-01-07 20:45:00
WF_000637,BATCH_010,MACH_001,Post-Etch,97.8,1,None,89.425,124.5,244.16,49.57,120.99,447.5,2024-01-07 21:00:00
WF_000638,BATCH_034,MACH_004,Post-Etch,93.92,3,None,89.063,119.67,250.04,48.85,121.12,445.38,2024-01-07 21:15:00
WF_000639,BATCH_015,MACH_003,Post-Etch,93.67,3,None,89.227,120.47,250.4,49.4,120.82,437.6,2024-01-07 21:30:00
WF_000640,BATCH_012,MACH_002,Post-Etch,81.44,9,Pattern Distortion,92.806,116.12,253.61,57.29,120.68,449.99,2024-01-07 21:45:00
WF_000641,BATCH_008,MACH_004,Post-Etch,97.2,1,None,90.074,120.46,252.41,47.95,120.07,434.75,2024-01-07 22:00:00
WF_000642,BATCH_013,MACH_004,Post-Etch,97.07,1,None,90.075,120.85,247.58,50.92,118.37,460.6,2024-01-07 22:15:00
WF_000643,BATCH_042,MACH_004,Post-Etch,92.04,4,Micro-crack,90.385,121.06,243.76,51.67,120.01,446.92,2024-01-07 22:30:00
WF_000644,BATCH_022,MACH_001,Post-Etch,92.93,4,Photoresist Residue,90.311,117.15,251.9,50.46,120.4,458.37,2024-01-07 22:45:00
WF_000645,BATCH_028,MACH_005,Post-Etch,93.45,3,None,91.119,117.2,249.94,52.06,121.09,441.94,2024-01-07 23:00:00
WF_000646,BATCH_011,MACH_002,Post-Etch,97.29,1,None,91.186,118.86,252.76,52.46,119.7,433.73,2024-01-07 23:15:00
WF_000647,BATCH_035,MACH_004,Post-Etch,92.98,3,None,88.314,120.05,245.93,46.8,118.09,450.25,2024-01-07 23:30:00
WF_000648,BATCH_014,MACH_001,Post-Etch,95.09,2,None,89.372,122.4,252.25,49.12,121.06,444.83,2024-01-07 23:45:00
WF_000649,BATCH_026,MACH_004,Post-Etch,98.12,1,None,89.652,123.46,253.82,48.59,120.15,458.9,2024-01-08 00:00:00
WF_000650,BATCH_005,MACH_002,Post-Etch,89.36,5,Etch Pit,92.343,123.58,251.59,54.86,119.28,440.99,2024-01-08 00:15:00
WF_000651,BATCH_035,MACH_005,Post-Etch,98.43,0,None,90.428,119.04,253.57,50.61,119.5,467.14,2024-01-08 00:30:00
WF_000652,BATCH_029,MACH_005,Post-Etch,97.78,1,None,90.401,121.87,246.09,51.71,120.25,449.9,2024-01-08 00:45:00
WF_000653,BATCH_016,MACH_004,Post-Etch,94.42,3,None,89.055,121.55,247.85,47.4,119.57,459.65,2024-01-08 01:00:00
WF_000654,BATCH_024,MACH_005,Post-Etch,90.92,4,Pattern Distortion,88.888,117.62,255.05,47.34,118.98,433.95,2024-01-08 01:15:00
WF_000655,BATCH_040,MACH_005,Post-Etch,95.46,2,None,90.534,115.19,255.58,50.46,120.5,446.58,2024-01-08 01:30:00
WF_000656,BATCH_049,MACH_005,Post-Etch,92.38,4,Pattern Distortion,90.429,116.24,247.6,49.94,119.81,469.55,2024-01-08 01:45:00
WF_000657,BATCH_028,MACH_003,Post-Etch,94.71,2,None,90.842,118.74,243.42,52.62,119.72,443.28,2024-01-08 02:00:00
WF_000658,BATCH_038,MACH_004,Post-Etch,95.25,2,None,89.528,118.95,249.45,48.65,118.78,446.09,2024-01-08 02:15:00
WF_000659,BATCH_023,MACH_001,Post-Etch,94.3,2,None,89.9,115.21,239.93,50.63,119.55,440.44,2024-01-08 02:30:00
WF_000660,BATCH_050,MACH_002,Post-Etch,86.45,7,Micro-crack,92.932,115.84,254.36,58.83,119.69,454.05,2024-01-08 02:45:00
WF_000661,BATCH_049,MACH_003,Post-Etch,96.98,1,None,89.288,122.27,247.85,49.19,120.99,448.13,2024-01-08 03:00:00
WF_000662,BATCH_040,MACH_004,Post-Etch,99.0,0,None,89.842,124.64,248.13,50.35,119.59,463.15,2024-01-08 03:15:00
WF_000663,BATCH_022,MACH_005,Post-Etch,91.08,4,Contamination,88.377,122.62,247.07,46.58,120.44,438.36,2024-01-08 03:30:00
WF_000664,BATCH_015,MACH_004,Post-Etch,88.32,6,Micro-crack,87.772,121.62,251.55,44.43,121.1,450.3,2024-01-08 03:45:00
WF_000665,BATCH_020,MACH_005,Post-Etch,92.82,3,None,90.497,118.73,245.3,51.04,119.11,463.65,2024-01-08 04:00:00
WF_000666,BATCH_044,MACH_003,Post-Etch,95.9,2,None,90.266,121.8,256.9,50.26,121.97,471.18,2024-01-08 04:15:00
WF_000667,BATCH_050,MACH_005,Post-Etch,94.57,2,None,90.617,118.41,239.93,53.54,120.2,469.97,2024-01-08 04:30:00
WF_000668,BATCH_019,MACH_001,Post-Etch,94.47,2,None,89.475,118.06,253.1,47.48,120.88,449.56,2024-01-08 04:45:00
WF_000669,BATCH_026,MACH_002,Post-Etch,92.15,4,Pattern Distortion,92.143,116.07,245.41,55.57,119.57,467.53,2024-01-08 05:00:00
WF_000670,BATCH_002,MACH_002,Post-Etch,91.86,4,Etch Pit,90.816,119.32,258.93,51.17,123.09,431.94,2024-01-08 05:15:00
WF_000671,BATCH_024,MACH_005,Post-Etch,96.97,1,None,89.762,117.53,251.31,48.94,121.35,417.79,2024-01-08 05:30:00
WF_000672,BATCH_024,MACH_003,Post-Etch,93.21,3,None,91.325,117.05,257.66,51.66,120.7,457.87,2024-01-08 05:45:00
WF_000673,BATCH_013,MACH_005,Post-Etch,99.0,0,None,90.435,115.35,255.81,50.69,120.41,448.83,2024-01-08 06:00:00
WF_000674,BATCH_025,MACH_005,Post-Etch,95.3,2,None,91.165,122.72,251.32,51.73,119.9,450.85,2024-01-08 06:15:00
WF_000675,BATCH_024,MACH_002,Post-Etch,92.67,4,Photoresist Residue,91.985,124.43,248.79,53.23,119.64,457.3,2024-01-08 06:30:00
WF_000676,BATCH_008,MACH_003,Post-Etch,94.41,3,None,90.047,123.8,241.95,50.65,118.65,430.74,2024-01-08 06:45:00
WF_000677,BATCH_023,MACH_004,Post-Etch,94.19,3,None,90.204,119.75,244.32,51.64,121.33,453.91,2024-01-08 07:00:00
WF_000678,BATCH_024,MACH_005,Post-Etch,92.07,4,Pattern Distortion,91.022,123.34,244.42,53.71,119.27,450.14,2024-01-08 07:15:00
WF_000679,BATCH_047,MACH_002,Post-Etch,85.93,7,Pattern Distortion,92.882,121.38,258.2,55.22,120.81,448.06,2024-01-08 07:30:00
WF_000680,BATCH_043,MACH_004,Post-Etch,97.0,1,None,91.192,124.35,245.02,52.74,121.65,472.51,2024-01-08 07:45:00
WF_000681,BATCH_009,MACH_002,Post-Etch,87.31,7,Etch Pit,92.728,115.93,247.94,56.54,120.94,454.37,2024-01-08 08:00:00
WF_000682,BATCH_046,MACH_001,Post-Etch,91.77,4,Contamination,90.408,124.09,259.92,50.02,120.39,463.59,2024-01-08 08:15:00
WF_000683,BATCH_004,MACH_003,Post-Etch,99.0,0,None,89.707,118.84,241.41,50.47,120.9,447.74,2024-01-08 08:30:00
WF_000684,BATCH_023,MACH_004,Post-Etch,91.78,4,Pattern Distortion,90.748,116.01,258.43,49.34,119.92,449.78,2024-01-08 08:45:00
WF_000685,BATCH_031,MACH_002,Post-Etch,95.07,2,None,89.764,115.42,235.23,50.73,119.37,440.22,2024-01-08 09:00:00
WF_000686,BATCH_040,MACH_001,Post-Etch,96.67,1,None,89.786,121.33,247.43,49.73,118.93,469.79,2024-01-08 09:15:00
WF_000687,BATCH_014,MACH_002,Post-Etch,81.43,10,Contamination,91.94,115.77,245.14,56.46,118.92,442.27,2024-01-08 09:30:00
WF_000688,BATCH_050,MACH_004,Post-Etch,89.77,5,Contamination,91.234,124.49,264.72,51.45,122.37,463.95,2024-01-08 09:45:00
WF_000689,BATCH_012,MACH_002,Post-Etch,84.93,8,Contamination,92.862,122.13,248.73,57.22,119.15,437.17,2024-01-08 10:00:00
WF_000690,BATCH_018,MACH_005,Post-Etch,94.3,3,None,88.565,124.06,243.01,48.42,119.93,438.35,2024-01-08 10:15:00
WF_000691,BATCH_006,MACH_004,Post-Etch,97.39,1,None,90.07,123.43,245.87,49.21,118.09,454.7,2024-01-08 10:30:00
WF_000692,BATCH_048,MACH_003,Post-Etch,93.2,3,None,89.294,122.05,254.51,47.01,120.33,444.43,2024-01-08 10:45:00
WF_000693,BATCH_025,MACH_003,Post-Etch,88.15,6,Etch Pit,88.553,120.31,253.0,47.38,119.65,450.44,2024-01-08 11:00:00
WF_000694,BATCH_046,MACH_003,Post-Etch,98.02,1,None,89.611,121.65,249.08,48.99,120.13,451.67,2024-01-08 11:15:00
WF_000695,BATCH_027,MACH_001,Post-Etch,95.26,2,None,89.497,116.29,252.98,47.19,120.88,452.35,2024-01-08 11:30:00
WF_000696,BATCH_023,MACH_004,Post-Etch,94.64,2,None,89.11,116.1,247.16,47.54,120.03,461.62,2024-01-08 11:45:00
WF_000697,BATCH_007,MACH_005,Post-Etch,92.0,4,Etch Pit,90.681,124.49,253.15,50.18,120.79,432.19,2024-01-08 12:00:00
WF_000698,BATCH_011,MACH_001,Post-Etch,92.43,4,Contamination,91.419,119.56,252.04,53.47,120.67,447.54,2024-01-08 12:15:00
WF_000699,BATCH_014,MACH_005,Post-Etch,95.58,2,None,90.186,116.89,260.19,48.92,118.1,439.92,2024-01-08 12:30:00
WF_000700,BATCH_042,MACH_002,Post-Etch,95.88,2,None,90.274,117.59,254.19,49.42,121.98,432.45,2024-01-08 12:45:00
WF_000701,BATCH_008,MACH_005,Post-Etch,94.91,2,None,89.317,115.78,254.27,46.65,118.82,466.53,2024-01-08 13:00:00
WF_000702,BATCH_013,MACH_001,Post-Etch,94.89,2,None,90.429,121.38,247.83,50.56,120.14,421.73,2024-01-08 13:15:00
WF_000703,BATCH_039,MACH_001,Post-Etch,98.75,0,None,90.042,124.5,261.4,48.61,120.04,453.75,2024-01-08 13:30:00
WF_000704,BATCH_013,MACH_003,Post-Etch,95.83,2,None,88.855,117.43,247.84,48.42,119.48,455.95,2024-01-08 13:45:00
WF_000705,BATCH_044,MACH_005,Post-Etch,93.19,3,None,89.072,116.72,245.61,47.23,120.4,449.7,2024-01-08 14:00:00
WF_000706,BATCH_048,MACH_003,Post-Etch,96.85,1,None,90.079,115.71,250.3,49.45,120.99,466.45,2024-01-08 14:15:00
WF_000707,BATCH_023,MACH_005,Post-Etch,85.02,8,Etch Pit,87.506,118.1,243.51,45.58,119.0,462.64,2024-01-08 14:30:00
WF_000708,BATCH_026,MACH_004,Post-Etch,93.34,3,None,90.383,119.02,254.28,50.53,121.31,449.85,2024-01-08 14:45:00
WF_000709,BATCH_021,MACH_002,Post-Etch,94.07,3,None,91.227,120.11,241.46,54.33,119.29,448.7,2024-01-08 15:00:00
WF_000710,BATCH_021,MACH_002,Post-Etch,93.93,3,None,91.21,122.72,255.14,51.49,119.26,447.43,2024-01-08 15:15:00
WF_000711,BATCH_008,MACH_002,Post-Etch,96.12,2,None,91.444,122.22,244.8,55.26,120.4,451.7,2024-01-08 15:30:00
WF_000712,BATCH_032,MACH_003,Post-Etch,98.38,0,None,90.487,121.95,246.7,51.9,118.31,439.15,2024-01-08 15:45:00
WF_000713,BATCH_005,MACH_003,Post-Etch,97.95,1,None,88.833,118.22,254.79,49.25,119.95,452.35,2024-01-08 16:00:00
WF_000714,BATCH_049,MACH_003,Post-Etch,88.7,6,Etch Pit,90.789,121.99,244.6,52.19,123.09,449.71,2024-01-08 16:15:00
WF_000715,BATCH_024,MACH_001,Post-Etch,94.32,3,None,91.003,119.55,248.66,52.15,119.15,459.65,2024-01-08 16:30:00
WF_000716,BATCH_030,MACH_004,Post-Etch,95.38,2,None,88.717,115.75,240.86,48.64,122.53,461.9,2024-01-08 16:45:00
WF_000717,BATCH_001,MACH_003,Post-Etch,93.89,3,None,88.839,120.52,252.73,45.89,118.82,447.58,2024-01-08 17:00:00
WF_000718,BATCH_011,MACH_005,Post-Etch,95.37,2,None,90.497,116.41,253.14,50.01,120.88,450.0,2024-01-08 17:15:00
WF_000719,BATCH_036,MACH_005,Post-Etch,95.73,2,None,89.957,120.19,244.13,50.39,119.35,446.1,2024-01-08 17:30:00
WF_000720,BATCH_006,MACH_002,Post-Etch,94.19,3,None,90.642,118.14,240.21,53.02,118.92,457.23,2024-01-08 17:45:00
WF_000721,BATCH_012,MACH_004,Post-Etch,97.47,1,None,90.733,122.92,252.22,51.7,120.89,438.87,2024-01-08 18:00:00
WF_000722,BATCH_044,MACH_003,Post-Etch,99.0,0,None,90.262,115.7,251.33,50.08,119.76,448.56,2024-01-08 18:15:00
WF_000723,BATCH_012,MACH_001,Post-Etch,94.05,3,None,90.751,115.45,256.3,51.7,121.08,445.12,2024-01-08 18:30:00
WF_000724,BATCH_019,MACH_005,Post-Etch,91.53,4,Contamination,92.675,124.06,256.41,55.95,119.1,447.94,2024-01-08 18:45:00
WF_000725,BATCH_041,MACH_004,Post-Etch,90.93,4,Micro-crack,89.931,115.15,247.98,50.0,120.12,433.28,2024-01-08 19:00:00
WF_000726,BATCH_050,MACH_004,Post-Etch,95.56,2,None,91.674,121.25,253.21,53.77,120.68,458.26,2024-01-08 19:15:00
WF_000727,BATCH_008,MACH_002,Post-Etch,85.57,7,Contamination,90.088,115.22,248.81,50.36,120.33,454.64,2024-01-08 19:30:00
WF_000728,BATCH_001,MACH_004,Post-Etch,88.31,6,Micro-crack,90.652,116.18,243.75,51.52,120.19,444.17,2024-01-08 19:45:00
WF_000729,BATCH_028,MACH_002,Post-Etch,93.58,3,None,90.943,123.63,246.37,53.43,120.06,451.06,2024-01-08 20:00:00
WF_000730,BATCH_033,MACH_005,Post-Etch,93.22,3,None,91.325,115.35,259.62,51.38,118.63,461.95,2024-01-08 20:15:00
WF_000731,BATCH_013,MACH_002,Post-Etch,89.59,5,Pattern Distortion,91.361,120.75,236.55,54.13,120.73,458.62,2024-01-08 20:30:00
WF_000732,BATCH_014,MACH_004,Post-Etch,93.95,3,None,90.618,117.2,247.14,51.56,120.66,450.7,2024-01-08 20:45:00
WF_000733,BATCH_016,MACH_003,Post-Etch,93.46,3,None,88.966,116.5,249.27,46.29,121.14,448.18,2024-01-08 21:00:00
WF_000734,BATCH_021,MACH_005,Post-Etch,93.76,3,None,90.355,120.79,252.86,50.04,119.6,437.25,2024-01-08 21:15:00
WF_000735,BATCH_023,MACH_002,Post-Etch,92.28,4,Photoresist Residue,92.431,115.83,250.23,55.65,120.51,455.31,2024-01-08 21:30:00
WF_000736,BATCH_020,MACH_005,Post-Etch,97.27,1,None,89.467,119.4,245.94,47.63,120.09,432.42,2024-01-08 21:45:00
WF_000737,BATCH_020,MACH_004,Post-Etch,97.56,1,None,89.739,124.78,255.77,48.12,120.58,456.02,2024-01-08 22:00:00
WF_000738,BATCH_028,MACH_004,Post-Etch,88.33,6,Etch Pit,91.726,118.37,253.15,53.0,119.45,440.94,2024-01-08 22:15:00
WF_000739,BATCH_024,MACH_004,Post-Etch,95.13,2,None,89.725,117.93,241.94,51.77,118.11,456.3,2024-01-08 22:30:00
WF_000740,BATCH_014,MACH_001,Post-Etch,96.6,2,None,89.119,116.76,243.3,49.03,118.51,438.75,2024-01-08 22:45:00
WF_000741,BATCH_019,MACH_001,Post-Etch,96.15,1,None,90.832,124.28,253.86,51.57,120.34,455.65,2024-01-08 23:00:00
WF_000742,BATCH_021,MACH_005,Post-Etch,97.68,1,None,90.041,115.34,250.47,50.84,119.83,450.31,2024-01-08 23:15:00
WF_000743,BATCH_049,MACH_001,Post-Etch,97.75,1,None,90.26,122.7,250.34,50.56,119.35,439.88,2024-01-08 23:30:00
WF_000744,BATCH_031,MACH_002,Post-Etch,87.64,6,Photoresist Residue,92.494,124.04,253.04,57.73,119.83,463.6,2024-01-08 23:45:00
WF_000745,BATCH_050,MACH_005,Post-Etch,89.86,5,Etch Pit,89.682,122.52,245.73,48.9,119.58,463.15,2024-01-09 00:00:00
WF_000746,BATCH_002,MACH_001,Post-Etch,87.92,6,Photoresist Residue,91.382,115.32,243.05,52.7,122.1,449.59,2024-01-09 00:15:00
WF_000747,BATCH_009,MACH_004,Post-Etch,91.76,4,Photoresist Residue,88.352,120.32,247.7,46.85,119.44,439.27,2024-01-09 00:30:00
WF_000748,BATCH_035,MACH_001,Post-Etch,96.8,1,None,89.454,115.94,242.62,48.14,119.5,449.27,2024-01-09 00:45:00
WF_000749,BATCH_027,MACH_004,Post-Etch,98.37,1,None,89.317,119.4,251.11,48.26,121.95,448.18,2024-01-09 01:00:00
WF_000750,BATCH_046,MACH_004,Post-Etch,89.84,5,Contamination,91.108,124.25,248.74,53.31,122.08,449.67,2024-01-09 01:15:00
WF_000751,BATCH_038,MACH_005,Post-Etch,92.48,4,Contamination,87.597,118.66,255.15,43.15,118.16,433.34,2024-01-09 01:30:00
WF_000752,BATCH_019,MACH_004,Post-Etch,95.42,2,None,90.253,118.45,249.03,51.51,119.8,447.8,2024-01-09 01:45:00
WF_000753,BATCH_015,MACH_003,Post-Etch,95.36,2,None,89.618,121.79,244.28,49.17,121.5,464.11,2024-01-09 02:00:00
WF_000754,BATCH_047,MACH_003,Post-Etch,98.87,0,None,90.228,118.01,261.27,49.88,120.07,453.43,2024-01-09 02:15:00
WF_000755,BATCH_021,MACH_003,Post-Etch,90.41,5,Micro-crack,89.623,117.12,251.85,47.65,120.77,457.11,2024-01-09 02:30:00
WF_000756,BATCH_030,MACH_002,Post-Etch,89.69,5,Pattern Distortion,91.506,120.42,232.87,55.7,120.15,434.97,2024-01-09 02:45:00
WF_000757,BATCH_041,MACH_002,Post-Etch,84.12,8,Micro-crack,94.521,118.83,255.02,59.87,118.19,437.31,2024-01-09 03:00:00
WF_000758,BATCH_007,MACH_003,Post-Etch,91.27,4,Pattern Distortion,88.298,117.67,240.9,47.08,120.24,430.15,2024-01-09 03:15:00
WF_000759,BATCH_042,MACH_004,Post-Etch,97.27,1,None,90.318,116.84,254.23,50.46,120.58,453.77,2024-01-09 03:30:00
WF_000760,BATCH_001,MACH_005,Post-Etch,95.11,2,None,89.755,122.79,240.36,49.69,119.5,454.29,2024-01-09 03:45:00
WF_000761,BATCH_001,MACH_005,Post-Etch,93.66,3,None,90.353,122.49,250.54,50.75,121.32,449.92,2024-01-09 04:00:00
WF_000762,BATCH_031,MACH_003,Post-Etch,95.63,2,None,89.895,123.46,251.61,49.64,122.02,445.75,2024-01-09 04:15:00
WF_000763,BATCH_031,MACH_004,Post-Etch,94.59,2,None,90.396,119.78,251.29,49.45,120.59,452.81,2024-01-09 04:30:00
WF_000764,BATCH_038,MACH_001,Post-Etch,93.16,3,None,89.443,119.91,251.73,48.74,119.27,435.54,2024-01-09 04:45:00
WF_000765,BATCH_050,MACH_001,Post-Etch,97.0,2,None,89.497,124.75,252.56,48.55,118.42,462.66,2024-01-09 05:00:00
WF_000766,BATCH_020,MACH_001,Post-Etch,90.58,5,Photoresist Residue,89.574,116.0,245.95,48.49,119.89,444.57,2024-01-09 05:15:00
WF_000767,BATCH_021,MACH_004,Post-Etch,97.88,1,None,90.586,124.98,247.82,51.51,119.75,417.58,2024-01-09 05:30:00
WF_000768,BATCH_002,MACH_004,Post-Etch,98.25,1,None,90.437,123.93,250.28,51.36,120.95,456.04,2024-01-09 05:45:00
WF_000769,BATCH_034,MACH_004,Post-Etch,95.2,2,None,90.841,119.92,252.99,50.07,121.69,450.39,2024-01-09 06:00:00
WF_000770,BATCH_011,MACH_002,Post-Etch,92.12,4,Photoresist Residue,92.15,116.54,247.77,55.19,119.29,467.3,2024-01-09 06:15:00
WF_000771,BATCH_045,MACH_004,Post-Etch,91.24,4,Etch Pit,90.715,116.87,247.47,50.48,121.49,429.53,2024-01-09 06:30:00
WF_000772,BATCH_004,MACH_002,Post-Etch,92.45,4,Etch Pit,91.807,119.72,248.72,54.13,120.23,443.26,2024-01-09 06:45:00
WF_000773,BATCH_008,MACH_002,Post-Etch,95.22,2,None,90.896,115.48,244.76,52.42,119.14,455.65,2024-01-09 07:00:00
WF_000774,BATCH_029,MACH_005,Post-Etch,95.22,2,None,89.941,115.2,244.01,50.59,118.78,426.35,2024-01-09 07:15:00
WF_000775,BATCH_034,MACH_003,Post-Etch,93.56,3,None,89.93,117.08,260.05,47.91,120.48,458.95,2024-01-09 07:30:00
WF_000776,BATCH_007,MACH_001,Post-Etch,96.7,1,None,90.54,117.46,246.25,51.59,118.52,460.58,2024-01-09 07:45:00
WF_000777,BATCH_022,MACH_005,Post-Etch,95.46,2,None,91.245,119.53,245.68,52.27,119.68,463.74,2024-01-09 08:00:00
WF_000778,BATCH_049,MACH_002,Post-Etch,90.73,5,Etch Pit,91.009,121.2,246.83,52.69,119.91,472.11,2024-01-09 08:15:00
WF_000779,BATCH_027,MACH_004,Post-Etch,96.75,1,None,91.119,118.31,247.6,51.66,120.8,435.76,2024-01-09 08:30:00
WF_000780,BATCH_011,MACH_004,Post-Etch,96.32,1,None,90.238,119.95,263.49,47.78,118.83,461.7,2024-01-09 08:45:00
WF_000781,BATCH_027,MACH_003,Post-Etch,89.76,5,Photoresist Residue,90.581,115.47,262.02,50.13,121.66,448.4,2024-01-09 09:00:00
WF_000782,BATCH_046,MACH_005,Post-Etch,89.87,5,Photoresist Residue,92.042,116.84,254.05,54.04,119.33,445.57,2024-01-09 09:15:00
WF_000783,BATCH_038,MACH_001,Post-Etch,94.89,2,None,90.602,120.94,260.04,50.84,119.69,477.39,2024-01-09 09:30:00
WF_000784,BATCH_002,MACH_004,Post-Etch,95.93,2,None,89.589,124.23,247.31,50.19,119.34,437.52,2024-01-09 09:45:00
WF_000785,BATCH_027,MACH_003,Post-Etch,93.69,3,None,90.192,117.12,243.78,50.3,120.69,445.65,2024-01-09 10:00:00
WF_000786,BATCH_015,MACH_004,Post-Etch,90.44,5,Micro-crack,88.517,119.89,245.28,46.81,119.16,447.93,2024-01-09 10:15:00
WF_000787,BATCH_027,MACH_001,Post-Etch,95.25,2,None,90.516,119.85,252.29,51.9,120.78,447.09,2024-01-09 10:30:00
WF_000788,BATCH_050,MACH_001,Post-Etch,94.53,2,None,90.131,123.95,259.72,49.92,120.19,435.87,2024-01-09 10:45:00
WF_000789,BATCH_026,MACH_005,Post-Etch,93.53,3,None,91.026,122.12,251.58,51.05,120.81,450.95,2024-01-09 11:00:00
WF_000790,BATCH_027,MACH_001,Post-Etch,89.53,5,Micro-crack,89.321,119.37,246.46,49.35,120.17,457.25,2024-01-09 11:15:00
WF_000791,BATCH_048,MACH_001,Post-Etch,91.79,4,Photoresist Residue,89.305,115.68,248.06,49.2,118.16,458.14,2024-01-09 11:30:00
WF_000792,BATCH_004,MACH_001,Post-Etch,94.52,2,None,89.683,121.26,252.55,49.53,118.69,451.88,2024-01-09 11:45:00
WF_000793,BATCH_050,MACH_002,Post-Etch,93.53,3,None,91.57,120.78,252.27,53.28,120.39,454.43,2024-01-09 12:00:00
WF_000794,BATCH_010,MACH_004,Post-Etch,99.0,0,None,89.819,120.24,253.46,49.09,120.52,442.52,2024-01-09 12:15:00
WF_000795,BATCH_023,MACH_002,Post-Etch,93.68,3,None,91.664,119.86,242.05,55.6,120.65,443.18,2024-01-09 12:30:00
WF_000796,BATCH_040,MACH_005,Post-Etch,92.01,4,Pattern Distortion,90.736,115.15,242.24,52.0,120.21,448.56,2024-01-09 12:45:00
WF_000797,BATCH_046,MACH_005,Post-Etch,97.2,1,None,88.999,121.46,245.08,48.77,120.0,441.52,2024-01-09 13:00:00
WF_000798,BATCH_037,MACH_005,Post-Etch,93.06,3,None,90.846,119.43,250.26,51.77,118.79,445.44,2024-01-09 13:15:00
WF_000799,BATCH_046,MACH_002,Post-Etch,91.36,4,Contamination,92.642,119.33,242.99,56.38,119.77,450.28,2024-01-09 13:30:00
WF_000800,BATCH_046,MACH_004,Post-Etch,95.92,2,None,91.85,124.47,254.95,52.72,120.72,425.06,2024-01-09 13:45:00
WF_000801,BATCH_044,MACH_003,Post-Etch,91.37,4,Pattern Distortion,88.343,118.56,251.84,46.27,119.3,460.85,2024-01-09 14:00:00
WF_000802,BATCH_042,MACH_004,Post-Etch,99.0,0,None,89.356,115.26,246.58,49.98,120.06,469.26,2024-01-09 14:15:00
WF_000803,BATCH_037,MACH_003,Post-Etch,91.07,5,Photoresist Residue,88.554,123.9,250.23,46.62,120.08,454.71,2024-01-09 14:30:00
WF_000804,BATCH_050,MACH_002,Post-Etch,93.81,3,None,92.23,117.81,238.23,56.69,121.23,455.27,2024-01-09 14:45:00
WF_000805,BATCH_017,MACH_002,Post-Etch,80.42,10,Pattern Distortion,92.183,116.96,256.07,54.27,119.24,462.89,2024-01-09 15:00:00
WF_000806,BATCH_035,MACH_004,Post-Etch,95.47,2,None,89.562,120.14,246.5,49.58,121.45,433.64,2024-01-09 15:15:00
WF_000807,BATCH_045,MACH_005,Post-Etch,93.81,3,None,89.831,118.12,256.36,46.84,119.59,446.89,2024-01-09 15:30:00
WF_000808,BATCH_023,MACH_004,Post-Etch,94.91,2,None,90.054,123.9,255.73,49.43,118.87,455.76,2024-01-09 15:45:00
WF_000809,BATCH_031,MACH_002,Post-Etch,91.82,4,Micro-crack,91.449,123.73,252.73,52.56,121.71,432.36,2024-01-09 16:00:00
WF_000810,BATCH_023,MACH_003,Post-Etch,93.24,3,None,89.091,124.29,249.04,47.73,118.73,446.0,2024-01-09 16:15:00
WF_000811,BATCH_025,MACH_004,Post-Etch,91.92,4,Photoresist Residue,91.526,118.15,253.54,53.23,119.23,461.43,2024-01-09 16:30:00
WF_000812,BATCH_022,MACH_002,Post-Etch,91.76,4,Micro-crack,91.276,122.4,244.37,53.36,119.86,457.8,2024-01-09 16:45:00
WF_000813,BATCH_012,MACH_005,Post-Etch,90.6,5,Etch Pit,88.853,121.15,243.15,48.04,121.15,462.74,2024-01-09 17:00:00
WF_000814,BATCH_028,MACH_003,Post-Etch,92.2,4,Contamination,92.654,116.41,251.96,56.1,120.24,435.02,2024-01-09 17:15:00
WF_000815,BATCH_022,MACH_005,Post-Etch,96.63,1,None,89.412,122.03,252.55,50.4,120.53,448.8,2024-01-09 17:30:00
WF_000816,BATCH_033,MACH_001,Post-Etch,92.52,4,Photoresist Residue,90.045,124.24,257.96,48.82,118.56,456.38,2024-01-09 17:45:00
WF_000817,BATCH_001,MACH_005,Post-Etch,98.29,1,None,89.898,120.39,246.99,50.99,120.76,458.18,2024-01-09 18:00:00
WF_000818,BATCH_024,MACH_002,Post-Etch,98.5,0,None,90.638,115.49,248.54,51.3,120.94,440.31,2024-01-09 18:15:00
WF_000819,BATCH_032,MACH_001,Post-Etch,99.0,0,None,90.219,122.95,246.36,50.61,119.91,449.37,2024-01-09 18:30:00
WF_000820,BATCH_027,MACH_005,Post-Etch,97.57,1,None,89.72,119.7,251.61,50.64,117.09,439.65,2024-01-09 18:45:00
WF_000821,BATCH_012,MACH_001,Post-Etch,90.67,5,Pattern Distortion,90.093,122.0,255.31,49.8,119.73,430.45,2024-01-09 19:00:00
WF_000822,BATCH_011,MACH_003,Post-Etch,98.13,1,None,88.743,117.09,246.04,46.32,120.29,462.51,2024-01-09 19:15:00
WF_000823,BATCH_024,MACH_005,Post-Etch,97.59,1,None,90.069,122.46,241.13,50.1,120.78,446.25,2024-01-09 19:30:00
WF_000824,BATCH_012,MACH_001,Post-Etch,92.11,4,Contamination,91.341,118.24,252.57,52.31,119.83,442.65,2024-01-09 19:45:00
WF_000825,BATCH_006,MACH_002,Post-Etch,93.46,3,None,91.024,123.54,248.5,52.7,122.03,459.02,2024-01-09 20:00:00
WF_000826,BATCH_011,MACH_005,Post-Etch,99.0,0,None,89.926,118.5,254.37,50.35,120.0,446.9,2024-01-09 20:15:00
WF_000827,BATCH_015,MACH_002,Post-Etch,96.68,1,None,90.61,120.93,243.73,52.93,120.74,430.74,2024-01-09 20:30:00
WF_000828,BATCH_039,MACH_004,Post-Etch,93.86,3,None,91.544,121.4,246.97,53.53,120.86,437.71,2024-01-09 20:45:00
WF_000829,BATCH_028,MACH_001,Post-Etch,97.91,1,None,89.659,124.41,243.77,51.47,119.49,448.58,2024-01-09 21:00:00
WF_000830,BATCH_031,MACH_005,Post-Etch,97.56,1,None,89.115,115.57,252.96,46.79,119.59,444.86,2024-01-09 21:15:00
WF_000831,BATCH_017,MACH_003,Post-Etch,92.97,3,None,89.227,117.71,249.4,48.19,119.83,469.31,2024-01-09 21:30:00
WF_000832,BATCH_049,MACH_003,Post-Etch,93.12,4,Etch Pit,91.219,119.61,258.14,51.99,120.47,445.28,2024-01-09 21:45:00
WF_000833,BATCH_027,MACH_004,Post-Etch,91.88,4,Micro-crack,89.527,118.47,250.3,48.55,118.92,448.99,2024-01-09 22:00:00
WF_000834,BATCH_008,MACH_003,Post-Etch,91.74,4,Pattern Distortion,89.002,119.38,254.47,48.1,119.06,458.79,2024-01-09 22:15:00
WF_000835,BATCH_016,MACH_002,Post-Etch,93.8,3,None,90.776,117.82,251.07,50.9,120.16,445.76,2024-01-09 22:30:00
WF_000836,BATCH_032,MACH_004,Post-Etch,97.4,1,None,88.76,118.18,246.31,46.1,120.7,466.46,2024-01-09 22:45:00
WF_000837,BATCH_009,MACH_001,Post-Etch,97.26,1,None,89.115,116.98,251.89,48.31,119.67,435.8,2024-01-09 23:00:00
WF_000838,BATCH_025,MACH_004,Post-Etch,94.28,3,None,90.198,119.65,248.17,50.35,120.02,440.13,2024-01-09 23:15:00
WF_000839,BATCH_031,MACH_002,Post-Etch,91.66,4,Contamination,91.545,123.37,249.27,53.57,119.01,448.53,2024-01-09 23:30:00
WF_000840,BATCH_040,MACH_002,Post-Etch,84.49,8,Photoresist Residue,94.524,116.15,255.25,59.77,120.08,449.69,2024-01-09 23:45:00
WF_000841,BATCH_027,MACH_003,Post-Etch,96.99,1,None,90.603,122.69,248.18,50.59,120.53,464.93,2024-01-10 00:00:00
WF_000842,BATCH_014,MACH_001,Post-Etch,98.03,1,None,89.607,119.5,253.68,48.73,120.81,448.7,2024-01-10 00:15:00
WF_000843,BATCH_017,MACH_002,Post-Etch,89.99,5,Photoresist Residue,91.341,118.13,249.13,51.94,119.13,463.04,2024-01-10 00:30:00
WF_000844,BATCH_003,MACH_002,Post-Etch,92.31,4,Contamination,91.308,115.53,251.12,52.84,118.31,461.97,2024-01-10 00:45:00
WF_000845,BATCH_038,MACH_004,Post-Etch,95.54,2,None,89.545,122.58,241.5,48.53,119.81,456.66,2024-01-10 01:00:00
WF_000846,BATCH_029,MACH_002,Post-Etch,88.4,6,Contamination,91.295,121.27,246.1,53.43,118.61,448.88,2024-01-10 01:15:00
WF_000847,BATCH_017,MACH_003,Post-Etch,93.56,3,None,90.835,115.18,240.87,52.56,119.94,448.07,2024-01-10 01:30:00
WF_000848,BATCH_020,MACH_004,Post-Etch,97.36,1,None,89.834,120.57,248.32,49.65,118.45,438.82,2024-01-10 01:45:00
WF_000849,BATCH_023,MACH_005,Post-Etch,94.65,2,None,90.926,123.3,249.19,51.6,118.69,446.92,2024-01-10 02:00:00
WF_000850,BATCH_017,MACH_005,Post-Etch,94.55,2,None,89.661,118.89,251.1,48.14,121.13,453.66,2024-01-10 02:15:00
WF_000851,BATCH_030,MACH_002,Post-Etch,94.33,3,None,91.502,119.16,244.73,54.24,121.61,448.58,2024-01-10 02:30:00
WF_000852,BATCH_018,MACH_001,Post-Etch,96.72,1,None,89.759,120.44,253.49,49.3,118.84,462.81,2024-01-10 02:45:00
WF_000853,BATCH_002,MACH_002,Post-Etch,90.77,5,Etch Pit,92.369,118.76,248.29,56.69,120.73,463.78,2024-01-10 03:00:00
WF_000854,BATCH_017,MACH_001,Post-Etch,93.56,3,None,91.228,120.94,252.1,52.12,119.68,450.14,2024-01-10 03:15:00
WF_000855,BATCH_050,MACH_001,Post-Etch,93.54,3,None,90.124,123.42,256.89,49.05,120.12,467.19,2024-01-10 03:30:00
WF_000856,BATCH_041,MACH_005,Post-Etch,98.53,0,None,89.841,117.63,239.42,51.14,119.62,463.24,2024-01-10 03:45:00
WF_000857,BATCH_046,MACH_005,Post-Etch,97.32,1,None,89.51,122.81,249.95,49.14,118.3,447.52,2024-01-10 04:00:00
WF_000858,BATCH_028,MACH_003,Post-Etch,97.24,1,None,89.557,120.1,252.84,49.13,120.0,463.04,2024-01-10 04:15:00
WF_000859,BATCH_045,MACH_005,Post-Etch,97.34,1,None,90.309,117.66,255.62,49.54,117.99,455.86,2024-01-10 04:30:00
WF_000860,BATCH_043,MACH_001,Post-Etch,99.0,0,None,90.303,124.38,249.2,50.24,119.73,452.85,2024-01-10 04:45:00
WF_000861,BATCH_032,MACH_001,Post-Etch,98.96,0,None,90.043,115.65,251.24,49.66,119.93,432.91,2024-01-10 05:00:00
WF_000862,BATCH_028,MACH_004,Post-Etch,96.17,2,None,91.126,123.85,258.05,51.45,119.86,452.54,2024-01-10 05:15:00
WF_000863,BATCH_017,MACH_005,Post-Etch,99.0,0,None,90.447,123.87,257.07,50.22,119.87,460.2,2024-01-10 05:30:00
WF_000864,BATCH_050,MACH_001,Post-Etch,88.81,6,Pattern Distortion,89.061,116.75,238.35,49.0,121.11,442.58,2024-01-10 05:45:00
WF_000865,BATCH_026,MACH_004,Post-Etch,98.07,0,None,90.472,116.72,252.66,52.19,118.91,435.48,2024-01-10 06:00:00
WF_000866,BATCH_002,MACH_005,Post-Etch,98.82,0,None,90.425,123.13,255.4,49.66,120.22,441.52,2024-01-10 06:15:00
WF_000867,BATCH_026,MACH_004,Post-Etch,95.39,2,None,90.124,119.64,251.18,51.07,118.33,441.62,2024-01-10 06:30:00
WF_000868,BATCH_023,MACH_002,Post-Etch,95.04,2,None,90.731,123.56,244.47,52.25,119.01,463.3,2024-01-10 06:45:00
WF_000869,BATCH_002,MACH_001,Post-Etch,93.47,3,None,91.238,123.65,244.67,51.68,119.27,446.36,2024-01-10 07:00:00
WF_000870,BATCH_042,MACH_003,Post-Etch,89.82,5,Photoresist Residue,89.719,121.99,246.95,49.22,117.41,449.07,2024-01-10 07:15:00
WF_000871,BATCH_040,MACH_001,Post-Etch,86.94,6,Pattern Distortion,89.275,117.16,250.44,47.98,120.43,456.52,2024-01-10 07:30:00
WF_000872,BATCH_008,MACH_003,Post-Etch,93.41,3,None,89.47,124.87,259.77,48.01,119.24,442.9,2024-01-10 07:45:00
WF_000873,BATCH_049,MACH_001,Post-Etch,96.33,2,None,90.502,123.7,254.98,51.87,120.83,453.73,2024-01-10 08:00:00
WF_000874,BATCH_007,MACH_003,Post-Etch,91.95,4,Photoresist Residue,91.652,117.78,243.68,54.38,119.28,459.57,2024-01-10 08:15:00
WF_000875,BATCH_006,MACH_003,Post-Etch,93.21,3,None,89.777,120.7,247.76,49.19,120.1,433.85,2024-01-10 08:30:00
WF_000876,BATCH_013,MACH_005,Post-Etch,95.41,2,None,88.751,123.01,245.14,47.46,119.94,444.26,2024-01-10 08:45:00
WF_000877,BATCH_001,MACH_005,Post-Etch,92.32,3,None,90.713,119.35,247.59,51.39,120.23,441.9,2024-01-10 09:00:00
WF_000878,BATCH_008,MACH_001,Post-Etch,91.28,4,Pattern Distortion,89.913,120.63,253.05,49.34,120.32,454.8,2024-01-10 09:15:00
WF_000879,BATCH_032,MACH_001,Post-Etch,96.28,2,None,89.955,122.01,250.08,50.16,120.7,458.81,2024-01-10 09:30:00
WF_000880,BATCH_001,MACH_004,Post-Etch,93.2,3,None,90.979,123.5,248.32,51.15,118.97,449.22,2024-01-10 09:45:00
WF_000881,BATCH_009,MACH_001,Post-Etch,93.25,3,None,89.387,115.65,243.7,47.99,119.28,453.67,2024-01-10 10:00:00
WF_000882,BATCH_029,MACH_004,Post-Etch,98.8,0,None,90.251,117.31,243.57,50.9,120.34,453.58,2024-01-10 10:15:00
WF_000883,BATCH_035,MACH_002,Post-Etch,85.04,8,Photoresist Residue,92.782,118.79,253.77,55.32,119.41,468.45,2024-01-10 10:30:00
WF_000884,BATCH_040,MACH_001,Post-Etch,95.36,2,None,89.835,115.88,245.83,49.42,119.33,445.46,2024-01-10 10:45:00
WF_000885,BATCH_004,MACH_001,Post-Etch,97.59,1,None,90.486,121.19,249.65,50.25,120.17,427.57,2024-01-10 11:00:00
WF_000886,BATCH_004,MACH_001,Post-Etch,95.48,2,None,89.88,121.95,251.88,49.52,121.18,446.24,2024-01-10 11:15:00
WF_000887,BATCH_028,MACH_005,Post-Etch,98.62,0,None,89.783,119.06,245.44,49.41,119.95,455.05,2024-01-10 11:30:00
WF_000888,BATCH_020,MACH_004,Post-Etch,90.27,5,Etch Pit,90.382,124.28,250.44,49.75,119.79,451.61,2024-01-10 11:45:00
WF_000889,BATCH_002,MACH_005,Post-Etch,97.41,1,None,89.631,124.74,243.75,49.68,119.31,461.05,2024-01-10 12:00:00
WF_000890,BATCH_022,MACH_003,Post-Etch,95.49,2,None,90.188,120.44,257.88,50.05,118.04,461.97,2024-01-10 12:15:00
WF_000891,BATCH_007,MACH_002,Post-Etch,91.39,4,Contamination,91.348,122.26,255.76,52.81,121.3,448.38,2024-01-10 12:30:00
WF_000892,BATCH_039,MACH_003,Post-Etch,97.38,1,None,90.06,119.04,251.44,51.02,117.45,452.58,2024-01-10 12:45:00
WF_000893,BATCH_049,MACH_003,Post-Etch,95.28,2,None,89.206,119.15,240.78,48.43,119.6,430.23,2024-01-10 13:00:00
WF_000894,BATCH_013,MACH_001,Post-Etch,91.6,4,Micro-crack,91.231,117.11,252.25,52.95,119.49,451.44,2024-01-10 13:15:00
WF_000895,BATCH_042,MACH_003,Post-Etch,96.02,2,None,91.171,123.73,251.75,52.1,119.53,445.48,2024-01-10 13:30:00
WF_000896,BATCH_014,MACH_001,Post-Etch,98.85,0,None,90.224,117.97,246.78,51.93,120.45,456.06,2024-01-10 13:45:00
WF_000897,BATCH_039,MACH_004,Post-Etch,91.67,4,Contamination,90.754,122.53,252.98,50.62,119.29,437.89,2024-01-10 14:00:00
WF_000898,BATCH_043,MACH_003,Post-Etch,95.0,2,None,89.888,116.14,261.4,48.53,119.06,440.54,2024-01-10 14:15:00
WF_000899,BATCH_009,MACH_003,Post-Etch,99.0,0,None,90.14,119.74,252.35,50.21,119.01,455.17,2024-01-10 14:30:00
WF_000900,BATCH_009,MACH_001,Post-Etch,95.78,2,None,88.154,121.73,247.78,46.87,118.87,449.61,2024-01-10 14:45:00
WF_000901,BATCH_022,MACH_002,Post-Etch,92.24,4,Micro-crack,90.887,117.31,248.14,53.63,120.79,471.38,2024-01-10 15:00:00
WF_000902,BATCH_013,MACH_002,Post-Etch,92.4,4,Photoresist Residue,90.062,120.54,248.44,50.3,118.68,463.82,2024-01-10 15:15:00
WF_000903,BATCH_023,MACH_001,Post-Etch,95.86,2,None,90.391,116.76,254.04,49.92,120.0,455.02,2024-01-10 15:30:00
WF_000904,BATCH_010,MACH_001,Post-Etch,89.3,5,Micro-crack,87.545,118.28,247.75,44.19,119.34,453.02,2024-01-10 15:45:00
WF_000905,BATCH_025,MACH_001,Post-Etch,93.71,3,None,89.108,124.69,253.67,47.08,119.86,435.26,2024-01-10 16:00:00
WF_000906,BATCH_016,MACH_004,Post-Etch,92.23,4,Contamination,90.324,122.97,255.62,51.35,120.19,465.18,2024-01-10 16:15:00
WF_000907,BATCH_029,MACH_003,Post-Etch,97.39,1,None,89.864,116.19,247.97,49.77,121.29,434.11,2024-01-10 16:30:00
WF_000908,BATCH_007,MACH_001,Post-Etch,91.11,4,Etch Pit,91.074,124.9,258.25,51.95,119.73,425.65,2024-01-10 16:45:00
WF_000909,BATCH_043,MACH_001,Post-Etch,96.35,2,None,89.367,124.82,258.53,47.38,119.79,452.75,2024-01-10 17:00:00
WF_000910,BATCH_048,MACH_003,Post-Etch,94.5,2,None,88.674,123.89,244.46,47.98,120.28,449.82,2024-01-10 17:15:00
WF_000911,BATCH_007,MACH_002,Post-Etch,95.7,2,None,90.499,119.2,243.28,51.75,118.95,456.78,2024-01-10 17:30:00
WF_000912,BATCH_023,MACH_003,Post-Etch,94.76,2,None,89.839,116.88,246.93,50.21,120.02,442.49,2024-01-10 17:45:00
WF_000913,BATCH_001,MACH_003,Post-Etch,99.0,0,None,90.062,122.9,255.78,49.16,122.06,445.98,2024-01-10 18:00:00
WF_000914,BATCH_019,MACH_001,Post-Etch,96.16,2,None,89.132,123.11,244.54,48.37,118.83,435.4,2024-01-10 18:15:00
WF_000915,BATCH_020,MACH_001,Post-Etch,96.38,1,None,89.663,123.31,249.0,49.03,120.14,439.24,2024-01-10 18:30:00
WF_000916,BATCH_048,MACH_001,Post-Etch,92.09,3,None,89.741,120.27,243.47,50.4,120.33,451.49,2024-01-10 18:45:00
WF_000917,BATCH_028,MACH_001,Post-Etch,91.03,4,Pattern Distortion,89.629,121.63,246.41,49.4,121.59,454.0,2024-01-10 19:00:00
WF_000918,BATCH_035,MACH_001,Post-Etch,93.69,3,None,88.981,116.87,251.02,47.19,120.99,436.42,2024-01-10 19:15:00
WF_000919,BATCH_036,MACH_004,Post-Etch,89.17,5,Photoresist Residue,88.767,121.91,244.91,46.99,118.37,454.53,2024-01-10 19:30:00
WF_000920,BATCH_023,MACH_001,Post-Etch,90.33,5,Contamination,91.456,117.52,260.1,51.65,118.69,451.57,2024-01-10 19:45:00
WF_000921,BATCH_023,MACH_004,Post-Etch,98.43,0,None,89.813,123.26,247.45,50.71,118.94,452.56,2024-01-10 20:00:00
WF_000922,BATCH_015,MACH_004,Post-Etch,95.71,2,None,91.825,118.58,238.19,54.98,118.82,452.9,2024-01-10 20:15:00
WF_000923,BATCH_047,MACH_005,Post-Etch,95.09,2,None,90.641,118.49,251.94,52.41,120.62,469.62,2024-01-10 20:30:00
WF_000924,BATCH_041,MACH_002,Post-Etch,99.0,0,None,89.693,117.72,246.99,49.91,121.33,444.53,2024-01-10 20:45:00
WF_000925,BATCH_030,MACH_003,Post-Etch,98.45,0,None,89.53,123.04,246.8,49.69,120.69,443.58,2024-01-10 21:00:00
WF_000926,BATCH_050,MACH_004,Post-Etch,91.25,4,Etch Pit,88.726,122.18,254.6,47.08,120.05,463.28,2024-01-10 21:15:00
WF_000927,BATCH_038,MACH_005,Post-Etch,92.35,3,None,89.491,122.93,251.9,49.38,120.06,437.72,2024-01-10 21:30:00
WF_000928,BATCH_005,MACH_003,Post-Etch,95.57,2,None,89.886,118.31,252.04,49.55,118.88,442.53,2024-01-10 21:45:00
WF_000929,BATCH_040,MACH_005,Post-Etch,91.66,4,Micro-crack,90.319,117.18,245.21,51.73,120.63,448.96,2024-01-10 22:00:00
WF_000930,BATCH_020,MACH_005,Post-Etch,88.42,6,Photoresist Residue,92.438,123.81,253.18,54.65,121.06,464.14,2024-01-10 22:15:00
WF_000931,BATCH_005,MACH_002,Post-Etch,91.36,4,Etch Pit,92.795,120.04,253.0,57.41,118.03,449.44,2024-01-10 22:30:00
WF_000932,BATCH_048,MACH_005,Post-Etch,93.76,3,None,90.346,117.64,250.78,50.33,120.27,444.85,2024-01-10 22:45:00
WF_000933,BATCH_026,MACH_005,Post-Etch,91.65,4,Etch Pit,89.612,122.75,254.29,49.82,122.35,447.93,2024-01-10 23:00:00
WF_000934,BATCH_017,MACH_001,Post-Etch,99.0,0,None,89.431,121.49,245.25,49.36,120.54,454.72,2024-01-10 23:15:00
WF_000935,BATCH_009,MACH_002,Post-Etch,98.06,1,None,90.772,120.75,253.81,51.51,119.22,456.88,2024-01-10 23:30:00
WF_000936,BATCH_020,MACH_005,Post-Etch,89.73,5,Pattern Distortion,91.145,123.11,258.88,50.62,120.7,441.0,2024-01-10 23:45:00
WF_000937,BATCH_018,MACH_002,Post-Etch,92.58,4,Pattern Distortion,91.575,115.48,252.97,53.43,119.29,451.37,2024-01-11 00:00:00
WF_000938,BATCH_029,MACH_003,Post-Etch,93.23,3,None,89.718,121.03,246.48,49.8,120.11,434.89,2024-01-11 00:15:00
WF_000939,BATCH_046,MACH_005,Post-Etch,93.24,3,None,90.714,120.21,252.33,51.84,120.85,436.84,2024-01-11 00:30:00
WF_000940,BATCH_022,MACH_003,Post-Etch,94.55,2,None,90.788,121.15,258.97,50.22,121.74,455.92,2024-01-11 00:45:00
WF_000941,BATCH_010,MACH_001,Post-Etch,93.15,3,None,90.962,115.5,249.58,51.19,119.39,448.36,2024-01-11 01:00:00
WF_000942,BATCH_042,MACH_005,Post-Etch,99.0,0,None,90.644,115.21,259.89,50.08,119.31,438.55,2024-01-11 01:15:00
WF_000943,BATCH_050,MACH_002,Post-Etch,91.81,4,Etch Pit,90.293,120.6,250.27,50.64,118.9,444.89,2024-01-11 01:30:00
WF_000944,BATCH_033,MACH_005,Post-Etch,95.63,2,None,90.04,118.72,248.27,49.57,119.29,455.45,2024-01-11 01:45:00
WF_000945,BATCH_029,MACH_001,Post-Etch,91.55,4,Pattern Distortion,90.351,117.77,245.38,52.11,117.72,464.69,2024-01-11 02:00:00
WF_000946,BATCH_050,MACH_002,Post-Etch,91.78,4,Photoresist Residue,92.53,116.36,249.43,57.62,120.67,453.05,2024-01-11 02:15:00
WF_000947,BATCH_006,MACH_002,Post-Etch,96.49,1,None,90.606,117.76,251.67,52.43,122.52,456.16,2024-01-11 02:30:00
WF_000948,BATCH_045,MACH_001,Post-Etch,93.11,3,None,90.81,123.96,254.21,51.55,120.31,438.65,2024-01-11 02:45:00
WF_000949,BATCH_017,MACH_004,Post-Etch,93.86,3,None,89.66,119.14,250.91,50.01,118.78,444.97,2024-01-11 03:00:00
WF_000950,BATCH_006,MACH_002,Post-Etch,90.11,5,Pattern Distortion,91.654,120.57,245.73,55.44,118.85,468.94,2024-01-11 03:15:00
WF_000951,BATCH_007,MACH_001,Post-Etch,95.65,2,None,89.063,120.28,257.31,46.92,120.09,459.84,2024-01-11 03:30:00
WF_000952,BATCH_017,MACH_003,Post-Etch,94.48,3,None,89.949,119.01,256.06,48.68,118.88,450.25,2024-01-11 03:45:00
WF_000953,BATCH_009,MACH_003,Post-Etch,94.16,3,None,89.383,120.54,254.55,47.49,120.22,450.31,2024-01-11 04:00:00
WF_000954,BATCH_009,MACH_004,Post-Etch,95.94,2,None,89.615,116.67,250.02,47.45,118.92,452.34,2024-01-11 04:15:00
WF_000955,BATCH_010,MACH_004,Post-Etch,90.95,4,Contamination,89.279,123.99,249.91,47.84,119.42,447.38,2024-01-11 04:30:00
WF_000956,BATCH_026,MACH_001,Post-Etch,91.75,4,Photoresist Residue,88.242,120.06,253.05,45.11,120.0,444.27,2024-01-11 04:45:00
WF_000957,BATCH_024,MACH_003,Post-Etch,90.23,5,Photoresist Residue,92.405,123.17,253.36,54.55,120.34,447.78,2024-01-11 05:00:00
WF_000958,BATCH_008,MACH_002,Post-Etch,95.47,2,None,91.32,118.1,258.63,53.34,119.01,441.83,2024-01-11 05:15:00
WF_000959,BATCH_006,MACH_004,Post-Etch,97.46,1,None,90.784,122.07,251.74,52.1,119.36,433.18,2024-01-11 05:30:00
WF_000960,BATCH_046,MACH_003,Post-Etch,99.0,0,None,90.077,123.15,243.34,51.26,120.8,450.06,2024-01-11 05:45:00
WF_000961,BATCH_049,MACH_003,Post-Etch,97.07,1,None,90.47,124.21,245.95,51.17,119.09,450.26,2024-01-11 06:00:00
WF_000962,BATCH_044,MACH_004,Post-Etch,92.06,4,Etch Pit,91.638,120.72,251.16,52.99,119.99,452.82,2024-01-11 06:15:00
WF_000963,BATCH_025,MACH_003,Post-Etch,93.8,3,None,89.896,122.39,248.16,49.22,121.97,459.4,2024-01-11 06:30:00
WF_000964,BATCH_018,MACH_002,Post-Etch,93.07,3,None,91.398,115.4,250.61,53.81,119.91,450.09,2024-01-11 06:45:00
WF_000965,BATCH_009,MACH_001,Post-Etch,89.46,5,Contamination,90.092,121.34,240.74,50.21,119.73,426.44,2024-01-11 07:00:00
WF_000966,BATCH_046,MACH_002,Post-Etch,93.28,3,None,89.216,122.05,252.4,48.78,120.71,446.5,2024-01-11 07:15:00
WF_000967,BATCH_036,MACH_005,Post-Etch,94.53,2,None,89.672,120.07,253.71,48.55,119.78,442.48,2024-01-11 07:30:00
WF_000968,BATCH_031,MACH_005,Post-Etch,95.73,2,None,90.298,123.56,244.61,51.69,118.88,444.77,2024-01-11 07:45:00
WF_000969,BATCH_006,MACH_004,Post-Etch,94.4,2,None,89.227,116.06,243.7,49.19,118.95,445.42,2024-01-11 08:00:00
WF_000970,BATCH_015,MACH_005,Post-Etch,96.23,2,None,88.813,119.79,255.22,46.02,119.33,447.49,2024-01-11 08:15:00
WF_000971,BATCH_007,MACH_003,Post-Etch,90.27,5,Etch Pit,89.558,117.02,245.28,50.25,121.76,455.61,2024-01-11 08:30:00
WF_000972,BATCH_008,MACH_005,Post-Etch,95.79,2,None,90.081,124.44,246.13,49.55,120.33,444.35,2024-01-11 08:45:00
WF_000973,BATCH_017,MACH_005,Post-Etch,95.45,2,None,88.838,120.93,243.78,48.56,120.12,438.68,2024-01-11 09:00:00
WF_000974,BATCH_031,MACH_002,Post-Etch,94.04,3,None,91.853,123.33,250.64,54.04,121.93,457.43,2024-01-11 09:15:00
WF_000975,BATCH_044,MACH_005,Post-Etch,96.27,1,None,90.17,124.29,260.47,48.96,118.91,460.52,2024-01-11 09:30:00
WF_000976,BATCH_011,MACH_003,Post-Etch,93.6,3,None,89.75,123.5,243.12,48.74,119.8,466.97,2024-01-11 09:45:00
WF_000977,BATCH_007,MACH_001,Post-Etch,93.58,3,None,90.755,116.48,249.03,51.71,120.01,460.56,2024-01-11 10:00:00
WF_000978,BATCH_041,MACH_004,Post-Etch,94.41,3,None,90.066,124.82,247.49,51.91,120.46,440.03,2024-01-11 10:15:00
WF_000979,BATCH_018,MACH_004,Post-Etch,95.13,2,None,91.112,121.74,246.7,52.48,119.74,460.55,2024-01-11 10:30:00
WF_000980,BATCH_008,MACH_004,Post-Etch,97.05,1,None,88.899,117.66,263.16,46.11,119.29,440.48,2024-01-11 10:45:00
WF_000981,BATCH_009,MACH_004,Post-Etch,97.11,1,None,89.605,120.81,249.51,48.36,121.16,462.24,2024-01-11 11:00:00
WF_000982,BATCH_047,MACH_001,Post-Etch,91.13,4,Pattern Distortion,90.721,121.91,250.97,53.14,120.75,454.19,2024-01-11 11:15:00
WF_000983,BATCH_024,MACH_005,Post-Etch,93.94,3,None,91.395,123.24,253.06,53.17,120.41,456.55,2024-01-11 11:30:00
WF_000984,BATCH_021,MACH_002,Post-Etch,87.68,6,Photoresist Residue,93.665,117.35,251.25,58.34,120.9,457.47,2024-01-11 11:45:00
WF_000985,BATCH_021,MACH_005,Post-Etch,95.37,2,None,89.52,116.98,252.46,47.74,119.04,450.0,2024-01-11 12:00:00
WF_000986,BATCH_026,MACH_001,Post-Etch,97.16,1,None,90.04,117.96,259.93,48.69,119.99,443.47,2024-01-11 12:15:00
WF_000987,BATCH_017,MACH_002,Post-Etch,92.51,4,Contamination,92.455,115.55,248.85,55.32,119.36,436.05,2024-01-11 12:30:00
WF_000988,BATCH_027,MACH_005,Post-Etch,95.9,2,None,90.207,117.57,244.2,50.71,120.9,446.13,2024-01-11 12:45:00
WF_000989,BATCH_048,MACH_005,Post-Etch,98.61,0,None,89.882,117.47,242.43,50.71,120.39,461.75,2024-01-11 13:00:00
WF_000990,BATCH_017,MACH_001,Post-Etch,94.27,2,None,91.062,120.3,261.06,50.92,119.53,448.26,2024-01-11 13:15:00
WF_000991,BATCH_048,MACH_005,Post-Etch,87.9,6,Photoresist Residue,91.192,119.05,249.52,52.02,121.3,442.18,2024-01-11 13:30:00
WF_000992,BATCH_036,MACH_004,Post-Etch,91.4,4,Etch Pit,88.616,123.83,257.83,46.55,119.78,462.73,2024-01-11 13:45:00
WF_000993,BATCH_026,MACH_005,Post-Etch,90.32,5,Contamination,88.137,117.77,249.61,46.09,119.76,459.93,2024-01-11 14:00:00
WF_000994,BATCH_015,MACH_001,Post-Etch,93.77,3,None,89.86,118.35,244.92,50.37,118.15,454.62,2024-01-11 14:15:00
WF_000995,BATCH_018,MACH_005,Post-Etch,93.36,3,None,90.835,120.96,251.0,52.42,120.28,455.56,2024-01-11 14:30:00
WF_000996,BATCH_047,MACH_005,Post-Etch,91.84,4,Pattern Distortion,88.784,118.0,244.45,47.71,119.4,443.64,2024-01-11 14:45:00
WF_000997,BATCH_028,MACH_001,Post-Etch,96.38,2,None,89.073,115.08,237.81,48.63,121.79,454.1,2024-01-11 15:00:00
WF_000998,BATCH_009,MACH_003,Post-Etch,96.12,2,None,89.409,122.12,251.68,49.56,120.23,446.12,2024-01-11 15:15:00
WF_000999,BATCH_041,MACH_002,Post-Etch,94.81,3,None,90.988,119.95,245.57,54.24,120.25,459.5,2024-01-11 15:30:00
WF_001000,BATCH_010,MACH_003,Post-Etch,94.65,2,None,89.919,120.48,255.51,50.36,119.47,458.05,2024-01-11 15:45:00
WF_001001,BATCH_043,MACH_002,Post-Etch,88.46,6,Contamination,92.16,123.74,252.44,55.9,119.7,431.0,2024-01-11 16:00:00
WF_001002,BATCH_015,MACH_001,Post-Etch,93.22,3,None,89.738,118.97,239.58,50.58,118.95,446.22,2024-01-11 16:15:00
WF_001003,BATCH_044,MACH_003,Post-Etch,93.45,3,None,89.891,118.15,245.87,50.09,120.75,464.94,2024-01-11 16:30:00
WF_001004,BATCH_014,MACH_002,Post-Etch,96.49,1,None,90.453,120.55,248.1,51.47,118.52,427.09,2024-01-11 16:45:00
WF_001005,BATCH_031,MACH_005,Post-Etch,98.65,0,None,89.591,117.98,242.41,50.95,120.69,446.57,2024-01-11 17:00:00
WF_001006,BATCH_042,MACH_001,Post-Etch,88.83,6,Pattern Distortion,91.337,119.97,251.63,52.2,117.75,438.75,2024-01-11 17:15:00
WF_001007,BATCH_015,MACH_005,Post-Etch,88.94,5,Pattern Distortion,87.441,118.55,247.6,43.91,118.82,445.56,2024-01-11 17:30:00
WF_001008,BATCH_049,MACH_002,Post-Etch,84.88,8,Pattern Distortion,93.003,118.94,260.3,55.61,119.93,452.44,2024-01-11 17:45:00
WF_001009,BATCH_003,MACH_001,Post-Etch,92.66,3,None,89.203,123.85,248.46,48.09,120.3,444.47,2024-01-11 18:00:00
WF_001010,BATCH_023,MACH_002,Post-Etch,90.02,5,Pattern Distortion,91.374,118.64,251.62,53.23,116.99,448.44,2024-01-11 18:15:00
WF_001011,BATCH_043,MACH_004,Post-Etch,93.79,3,None,90.479,116.1,255.0,51.75,116.55,449.19,2024-01-11 18:30:00
WF_001012,BATCH_030,MACH_004,Post-Etch,95.27,2,None,89.603,122.87,249.06,49.54,120.28,435.7,2024-01-11 18:45:00
WF_001013,BATCH_036,MACH_004,Post-Etch,95.59,2,None,89.132,121.31,236.75,50.68,120.72,440.88,2024-01-11 19:00:00
WF_001014,BATCH_011,MACH_004,Post-Etch,99.0,0,None,90.571,115.81,248.21,50.7,119.61,456.34,2024-01-11 19:15:00
WF_001015,BATCH_038,MACH_002,Post-Etch,89.84,5,Pattern Distortion,91.345,117.49,245.68,54.35,119.8,446.14,2024-01-11 19:30:00
WF_001016,BATCH_034,MACH_001,Post-Etch,88.9,6,Contamination,89.453,116.91,249.89,48.26,119.98,464.57,2024-01-11 19:45:00
WF_001017,BATCH_035,MACH_003,Post-Etch,89.38,5,Photoresist Residue,89.295,119.28,251.65,48.6,119.19,460.04,2024-01-11 20:00:00
WF_001018,BATCH_014,MACH_004,Post-Etch,94.52,2,None,90.03,118.89,252.35,50.13,120.32,450.96,2024-01-11 20:15:00
WF_001019,BATCH_002,MACH_003,Post-Etch,95.13,2,None,89.477,117.59,251.08,48.15,119.47,434.86,2024-01-11 20:30:00
WF_001020,BATCH_016,MACH_005,Post-Etch,97.81,0,None,90.581,115.74,246.52,53.11,118.39,449.4,2024-01-11 20:45:00
WF_001021,BATCH_023,MACH_001,Post-Etch,93.08,3,None,91.039,116.28,246.33,53.25,118.64,466.92,2024-01-11 21:00:00
WF_001022,BATCH_040,MACH_002,Post-Etch,91.6,4,Etch Pit,93.165,115.96,248.96,57.53,117.57,452.48,2024-01-11 21:15:00
WF_001023,BATCH_036,MACH_002,Post-Etch,92.54,4,Pattern Distortion,91.451,123.85,241.64,53.76,118.95,439.03,2024-01-11 21:30:00
WF_001024,BATCH_038,MACH_001,Post-Etch,94.16,3,None,88.415,119.13,248.95,46.9,120.16,440.98,2024-01-11 21:45:00
WF_001025,BATCH_048,MACH_002,Post-Etch,90.37,5,Contamination,92.581,117.92,253.22,55.98,118.97,456.1,2024-01-11 22:00:00
WF_001026,BATCH_044,MACH_001,Post-Etch,98.57,1,None,89.873,119.51,250.24,48.14,120.97,460.58,2024-01-11 22:15:00
WF_001027,BATCH_027,MACH_001,Post-Etch,95.8,2,None,89.389,122.47,251.19,47.85,119.93,460.0,2024-01-11 22:30:00
WF_001028,BATCH_034,MACH_003,Post-Etch,95.96,2,None,88.988,115.39,247.03,49.15,118.69,452.41,2024-01-11 22:45:00
WF_001029,BATCH_039,MACH_001,Post-Etch,92.19,4,Contamination,90.362,124.17,248.18,51.66,118.53,458.24,2024-01-11 23:00:00
WF_001030,BATCH_049,MACH_004,Post-Etch,96.01,2,None,90.502,124.17,252.3,51.59,119.61,451.98,2024-01-11 23:15:00
WF_001031,BATCH_025,MACH_004,Post-Etch,99.0,0,None,90.657,121.53,250.33,50.75,118.52,447.11,2024-01-11 23:30:00
WF_001032,BATCH_022,MACH_003,Post-Etch,95.31,2,None,90.218,121.0,251.83,50.49,119.4,455.74,2024-01-11 23:45:00
WF_001033,BATCH_023,MACH_002,Post-Etch,88.33,6,Contamination,91.341,118.61,246.83,52.94,118.74,453.78,2024-01-12 00:00:00
WF_001034,BATCH_014,MACH_001,Post-Etch,98.1,1,None,90.842,118.37,246.58,51.72,120.64,458.87,2024-01-12 00:15:00
WF_001035,BATCH_030,MACH_002,Post-Etch,89.22,5,Photoresist Residue,92.883,120.4,258.66,53.56,121.76,453.45,2024-01-12 00:30:00
WF_001036,BATCH_042,MACH_001,Post-Etch,95.89,2,None,89.827,120.74,256.36,49.35,119.7,454.53,2024-01-12 00:45:00
WF_001037,BATCH_042,MACH_001,Post-Etch,94.38,3,None,88.915,116.92,251.89,47.94,119.41,447.73,2024-01-12 01:00:00
WF_001038,BATCH_046,MACH_005,Post-Etch,92.06,4,Micro-crack,90.309,122.7,256.62,49.93,120.22,449.57,2024-01-12 01:15:00
WF_001039,BATCH_044,MACH_005,Post-Etch,98.22,1,None,90.605,118.83,251.48,52.01,118.78,438.48,2024-01-12 01:30:00
WF_001040,BATCH_030,MACH_003,Post-Etch,97.87,1,None,90.513,116.09,245.42,51.69,120.55,466.42,2024-01-12 01:45:00
WF_001041,BATCH_011,MACH_003,Post-Etch,95.91,2,None,89.876,121.99,252.07,50.11,120.66,453.14,2024-01-12 02:00:00
WF_001042,BATCH_050,MACH_005,Post-Etch,96.61,1,None,89.435,120.42,253.62,48.86,118.77,454.03,2024-01-12 02:15:00
WF_001043,BATCH_038,MACH_005,Post-Etch,97.65,1,None,90.232,118.56,250.3,49.65,121.46,437.15,2024-01-12 02:30:00
WF_001044,BATCH_045,MACH_005,Post-Etch,88.12,6,Contamination,87.937,118.09,242.39,46.1,121.85,447.03,2024-01-12 02:45:00
WF_001045,BATCH_027,MACH_005,Post-Etch,93.57,3,None,92.258,124.73,265.73,53.09,119.36,451.32,2024-01-12 03:00:00
WF_001046,BATCH_024,MACH_003,Post-Etch,94.22,3,None,90.15,123.32,251.16,49.32,120.9,445.23,2024-01-12 03:15:00
WF_001047,BATCH_017,MACH_002,Post-Etch,88.41,5,Etch Pit,91.596,120.21,252.1,53.63,119.53,446.31,2024-01-12 03:30:00
WF_001048,BATCH_035,MACH_003,Post-Etch,96.55,1,None,90.452,117.22,248.41,52.49,121.55,452.47,2024-01-12 03:45:00
WF_001049,BATCH_046,MACH_003,Post-Etch,88.64,6,Etch Pit,91.395,116.37,246.15,53.24,119.23,450.6,2024-01-12 04:00:00
WF_001050,BATCH_034,MACH_003,Post-Etch,88.85,6,Etch Pit,88.798,116.75,251.69,48.11,120.66,450.76,2024-01-12 04:15:00
WF_001051,BATCH_006,MACH_004,Post-Etch,93.45,3,None,90.261,123.29,249.6,49.74,119.2,448.96,2024-01-12 04:30:00
WF_001052,BATCH_022,MACH_001,Post-Etch,94.4,3,None,90.998,120.06,253.1,51.28,120.54,460.7,2024-01-12 04:45:00
WF_001053,BATCH_015,MACH_003,Post-Etch,97.55,1,None,90.193,115.13,252.37,50.75,120.49,457.96,2024-01-12 05:00:00
WF_001054,BATCH_001,MACH_002,Post-Etch,89.83,5,Contamination,92.723,121.5,253.88,54.72,119.81,441.92,2024-01-12 05:15:00
WF_001055,BATCH_031,MACH_001,Post-Etch,95.59,2,None,88.58,122.76,247.38,47.27,119.21,469.49,2024-01-12 05:30:00
WF_001056,BATCH_010,MACH_002,Post-Etch,97.05,1,None,90.023,123.87,250.27,50.95,120.22,450.37,2024-01-12 05:45:00
WF_001057,BATCH_006,MACH_003,Post-Etch,94.03,3,None,89.549,123.98,247.77,49.57,121.47,449.91,2024-01-12 06:00:00
WF_001058,BATCH_034,MACH_002,Post-Etch,88.6,6,Etch Pit,93.204,122.92,258.65,57.41,119.74,460.26,2024-01-12 06:15:00
WF_001059,BATCH_043,MACH_001,Post-Etch,91.74,4,Pattern Distortion,92.221,122.75,252.66,54.8,120.86,441.9,2024-01-12 06:30:00
WF_001060,BATCH_032,MACH_002,Post-Etch,92.16,4,Micro-crack,92.471,116.86,250.59,54.62,119.49,419.54,2024-01-12 06:45:00
WF_001061,BATCH_030,MACH_001,Post-Etch,93.56,3,None,88.684,120.04,250.82,47.15,119.03,452.3,2024-01-12 07:00:00
WF_001062,BATCH_002,MACH_001,Post-Etch,94.38,3,None,90.126,119.38,247.42,50.3,121.47,462.27,2024-01-12 07:15:00
WF_001063,BATCH_045,MACH_001,Post-Etch,91.37,4,Contamination,90.75,115.99,256.85,50.69,120.09,469.94,2024-01-12 07:30:00
WF_001064,BATCH_039,MACH_004,Post-Etch,93.37,3,None,90.868,118.4,250.49,52.66,119.11,469.69,2024-01-12 07:45:00
WF_001065,BATCH_003,MACH_005,Post-Etch,97.16,1,None,90.266,123.87,255.12,49.98,120.98,455.85,2024-01-12 08:00:00
WF_001066,BATCH_002,MACH_005,Post-Etch,86.76,7,Contamination,91.351,123.52,251.49,53.32,121.26,444.42,2024-01-12 08:15:00
WF_001067,BATCH_006,MACH_004,Post-Etch,91.92,4,Micro-crack,91.523,123.81,255.69,53.9,120.15,447.58,2024-01-12 08:30:00
WF_001068,BATCH_040,MACH_005,Post-Etch,94.01,3,None,89.47,121.17,252.36,48.98,118.89,442.3,2024-01-12 08:45:00
WF_001069,BATCH_021,MACH_002,Post-Etch,89.91,5,Contamination,91.704,123.85,254.12,53.3,119.36,449.65,2024-01-12 09:00:00
WF_001070,BATCH_002,MACH_004,Post-Etch,93.07,3,None,89.545,118.75,248.11,50.97,119.07,461.06,2024-01-12 09:15:00
WF_001071,BATCH_021,MACH_005,Post-Etch,95.81,2,None,90.216,117.39,257.74,49.86,120.34,439.37,2024-01-12 09:30:00
WF_001072,BATCH_016,MACH_002,Post-Etch,93.12,3,None,91.946,120.65,259.97,52.1,119.31,455.36,2024-01-12 09:45:00
WF_001073,BATCH_031,MACH_002,Post-Etch,91.99,4,Photoresist Residue,92.039,124.85,238.56,56.33,119.88,438.37,2024-01-12 10:00:00
WF_001074,BATCH_029,MACH_004,Post-Etch,93.59,3,None,90.461,117.2,247.92,51.86,118.86,450.7,2024-01-12 10:15:00
WF_001075,BATCH_029,MACH_002,Post-Etch,93.45,3,None,91.616,121.58,253.46,53.8,120.37,457.78,2024-01-12 10:30:00
WF_001076,BATCH_016,MACH_001,Post-Etch,93.45,3,None,90.925,115.09,246.91,50.75,117.29,457.26,2024-01-12 10:45:00
WF_001077,BATCH_029,MACH_003,Post-Etch,95.55,2,None,89.964,118.33,253.24,51.69,119.72,463.16,2024-01-12 11:00:00
WF_001078,BATCH_021,MACH_005,Post-Etch,87.88,6,Pattern Distortion,88.653,121.99,251.97,47.56,120.4,443.7,2024-01-12 11:15:00
WF_001079,BATCH_013,MACH_002,Post-Etch,92.75,4,Photoresist Residue,91.066,118.71,255.55,52.15,121.3,452.24,2024-01-12 11:30:00
WF_001080,BATCH_009,MACH_002,Post-Etch,89.73,5,Pattern Distortion,92.072,120.38,246.8,56.44,118.88,451.1,2024-01-12 11:45:00
WF_001081,BATCH_047,MACH_002,Post-Etch,93.76,3,None,91.78,115.22,252.37,54.6,121.43,450.72,2024-01-12 12:00:00
WF_001082,BATCH_022,MACH_003,Post-Etch,98.53,0,None,89.75,121.57,255.48,49.14,120.52,444.74,2024-01-12 12:15:00
WF_001083,BATCH_046,MACH_002,Post-Etch,95.1,2,None,91.151,120.06,250.12,50.97,120.82,451.46,2024-01-12 12:30:00
WF_001084,BATCH_008,MACH_003,Post-Etch,97.53,1,None,89.763,115.96,249.4,50.67,118.09,461.44,2024-01-12 12:45:00
WF_001085,BATCH_003,MACH_002,Post-Etch,94.26,3,None,92.348,120.94,263.01,54.48,121.96,458.04,2024-01-12 13:00:00
WF_001086,BATCH_019,MACH_005,Post-Etch,96.18,2,None,89.342,119.4,246.31,48.75,122.51,468.07,2024-01-12 13:15:00
WF_001087,BATCH_027,MACH_001,Post-Etch,92.12,3,None,90.505,124.82,253.59,49.68,119.41,429.02,2024-01-12 13:30:00
WF_001088,BATCH_004,MACH_003,Post-Etch,94.1,3,None,90.89,124.43,242.99,53.06,119.69,440.2,2024-01-12 13:45:00
WF_001089,BATCH_023,MACH_004,Post-Etch,93.0,3,None,89.1,117.26,250.88,47.3,120.78,447.9,2024-01-12 14:00:00
WF_001090,BATCH_010,MACH_001,Post-Etch,95.67,2,None,89.923,115.98,245.19,50.62,121.29,438.45,2024-01-12 14:15:00
WF_001091,BATCH_012,MACH_001,Post-Etch,90.73,5,Pattern Distortion,89.252,120.08,244.48,48.08,119.01,447.13,2024-01-12 14:30:00
WF_001092,BATCH_030,MACH_004,Post-Etch,97.87,1,None,90.571,123.87,253.85,50.05,120.44,466.27,2024-01-12 14:45:00
WF_001093,BATCH_045,MACH_001,Post-Etch,92.48,4,Micro-crack,88.906,122.15,244.77,48.64,119.32,451.47,2024-01-12 15:00:00
WF_001094,BATCH_031,MACH_004,Post-Etch,94.16,3,None,88.575,117.9,247.51,47.39,119.13,445.47,2024-01-12 15:15:00
WF_001095,BATCH_021,MACH_001,Post-Etch,93.58,3,None,89.557,123.22,247.56,49.37,119.8,452.5,2024-01-12 15:30:00
WF_001096,BATCH_009,MACH_004,Post-Etch,95.46,2,None,90.333,117.81,249.95,51.41,119.12,443.43,2024-01-12 15:45:00
WF_001097,BATCH_010,MACH_004,Post-Etch,93.33,3,None,88.629,115.69,257.31,46.48,119.81,457.4,2024-01-12 16:00:00
WF_001098,BATCH_048,MACH_002,Post-Etch,91.19,4,Micro-crack,91.642,124.43,241.3,55.35,119.0,451.32,2024-01-12 16:15:00
WF_001099,BATCH_044,MACH_005,Post-Etch,93.51,3,None,90.87,120.12,255.86,50.83,120.24,450.68,2024-01-12 16:30:00
WF_001100,BATCH_025,MACH_005,Post-Etch,94.76,3,None,89.745,124.13,244.81,49.57,120.78,452.11,2024-01-12 16:45:00
WF_001101,BATCH_044,MACH_005,Post-Etch,92.59,4,Etch Pit,89.476,120.91,251.04,47.73,120.23,443.44,2024-01-12 17:00:00
WF_001102,BATCH_040,MACH_004,Post-Etch,92.64,4,Pattern Distortion,90.835,119.11,250.09,52.65,119.45,431.34,2024-01-12 17:15:00
WF_001103,BATCH_038,MACH_005,Post-Etch,95.75,2,None,89.502,120.11,261.02,49.16,119.11,467.72,2024-01-12 17:30:00
WF_001104,BATCH_025,MACH_001,Post-Etch,97.27,1,None,89.589,122.58,248.34,50.24,120.66,444.54,2024-01-12 17:45:00
WF_001105,BATCH_022,MACH_004,Post-Etch,97.19,1,None,89.993,120.65,248.36,50.81,121.59,442.85,2024-01-12 18:00:00
WF_001106,BATCH_033,MACH_004,Post-Etch,94.44,2,None,90.828,121.98,251.72,51.67,120.53,457.54,2024-01-12 18:15:00
WF_001107,BATCH_030,MACH_002,Post-Etch,92.37,4,Micro-crack,91.465,121.77,252.21,52.7,120.67,448.25,2024-01-12 18:30:00
WF_001108,BATCH_043,MACH_001,Post-Etch,94.37,3,None,89.296,121.63,252.92,48.08,119.95,442.57,2024-01-12 18:45:00
WF_001109,BATCH_036,MACH_003,Post-Etch,93.32,3,None,90.319,120.8,255.47,49.71,119.71,441.75,2024-01-12 19:00:00
WF_001110,BATCH_028,MACH_004,Post-Etch,93.24,3,None,89.02,118.42,252.77,47.34,119.4,450.3,2024-01-12 19:15:00
WF_001111,BATCH_018,MACH_004,Post-Etch,95.3,2,None,89.665,121.06,244.77,50.31,122.11,434.09,2024-01-12 19:30:00
WF_001112,BATCH_032,MACH_003,Post-Etch,96.63,1,None,90.547,116.28,251.98,49.14,120.15,434.63,2024-01-12 19:45:00
WF_001113,BATCH_003,MACH_001,Post-Etch,95.05,2,None,89.301,123.64,241.51,49.56,119.85,457.65,2024-01-12 20:00:00
WF_001114,BATCH_004,MACH_003,Post-Etch,89.54,5,Pattern Distortion,89.059,124.51,240.04,48.39,120.63,437.75,2024-01-12 20:15:00
WF_001115,BATCH_047,MACH_005,Post-Etch,89.03,6,Micro-crack,88.831,124.82,245.28,48.15,120.57,458.64,2024-01-12 20:30:00
WF_001116,BATCH_049,MACH_002,Post-Etch,89.96,5,Etch Pit,91.63,119.07,256.88,53.27,117.23,446.04,2024-01-12 20:45:00
WF_001117,BATCH_004,MACH_005,Post-Etch,97.65,1,None,89.47,123.05,244.65,49.4,120.97,464.0,2024-01-12 21:00:00
WF_001118,BATCH_032,MACH_004,Post-Etch,93.12,3,None,89.058,117.14,246.15,50.16,121.54,453.85,2024-01-12 21:15:00
WF_001119,BATCH_025,MACH_005,Post-Etch,98.98,0,None,89.429,115.89,245.94,50.31,120.95,461.72,2024-01-12 21:30:00
WF_001120,BATCH_036,MACH_005,Post-Etch,93.07,4,Contamination,91.092,115.89,248.73,52.61,119.56,444.79,2024-01-12 21:45:00
WF_001121,BATCH_010,MACH_004,Post-Etch,95.36,2,None,91.108,123.93,258.56,52.05,119.74,460.29,2024-01-12 22:00:00
WF_001122,BATCH_008,MACH_004,Post-Etch,90.26,5,Contamination,89.056,115.17,254.19,45.62,119.26,434.22,2024-01-12 22:15:00
WF_001123,BATCH_043,MACH_001,Post-Etch,94.29,3,None,89.126,124.24,247.41,47.18,120.08,457.0,2024-01-12 22:30:00
WF_001124,BATCH_020,MACH_004,Post-Etch,92.08,4,Contamination,89.505,122.95,255.81,48.24,119.53,451.5,2024-01-12 22:45:00
WF_001125,BATCH_009,MACH_004,Post-Etch,86.94,7,Pattern Distortion,91.984,123.91,256.41,53.36,117.66,458.66,2024-01-12 23:00:00
WF_001126,BATCH_046,MACH_004,Post-Etch,93.18,3,None,90.033,121.33,246.7,49.8,120.31,444.93,2024-01-12 23:15:00
WF_001127,BATCH_002,MACH_002,Post-Etch,96.76,1,None,91.014,117.79,240.34,52.99,117.99,451.66,2024-01-12 23:30:00
WF_001128,BATCH_025,MACH_003,Post-Etch,97.5,1,None,89.766,123.85,260.36,49.64,118.76,444.38,2024-01-12 23:45:00
WF_001129,BATCH_017,MACH_001,Post-Etch,95.37,2,None,89.141,118.38,240.02,49.22,118.07,440.9,2024-01-13 00:00:00
WF_001130,BATCH_047,MACH_005,Post-Etch,89.91,5,Photoresist Residue,89.359,115.12,256.18,45.96,120.59,436.89,2024-01-13 00:15:00
WF_001131,BATCH_001,MACH_004,Post-Etch,89.99,5,Micro-crack,90.678,121.79,249.25,52.22,120.46,438.32,2024-01-13 00:30:00
WF_001132,BATCH_028,MACH_001,Post-Etch,92.91,3,None,90.823,123.29,251.06,50.84,120.87,451.82,2024-01-13 00:45:00
WF_001133,BATCH_047,MACH_002,Post-Etch,94.16,3,None,90.454,119.88,245.2,51.93,121.34,445.28,2024-01-13 01:00:00
WF_001134,BATCH_038,MACH_003,Post-Etch,93.38,3,None,90.866,118.07,249.0,52.18,119.17,460.01,2024-01-13 01:15:00
WF_001135,BATCH_048,MACH_002,Post-Etch,95.99,2,None,91.952,124.35,237.53,54.93,118.88,457.0,2024-01-13 01:30:00
WF_001136,BATCH_050,MACH_004,Post-Etch,95.36,2,None,88.797,122.25,254.01,47.01,120.06,452.99,2024-01-13 01:45:00
WF_001137,BATCH_046,MACH_001,Post-Etch,94.36,2,None,89.919,119.58,249.62,50.16,122.52,453.71,2024-01-13 02:00:00
WF_001138,BATCH_040,MACH_002,Post-Etch,93.83,3,None,91.143,123.66,250.0,52.72,119.9,436.06,2024-01-13 02:15:00
WF_001139,BATCH_001,MACH_002,Post-Etch,89.82,5,Contamination,92.599,120.09,255.37,55.68,120.51,443.42,2024-01-13 02:30:00
WF_001140,BATCH_050,MACH_001,Post-Etch,93.3,3,None,90.91,123.54,257.41,51.52,120.83,455.88,2024-01-13 02:45:00
WF_001141,BATCH_044,MACH_001,Post-Etch,93.51,3,None,91.876,121.21,246.29,54.44,119.39,440.51,2024-01-13 03:00:00
WF_001142,BATCH_046,MACH_003,Post-Etch,97.36,1,None,90.728,120.58,248.52,51.69,118.77,456.74,2024-01-13 03:15:00
WF_001143,BATCH_047,MACH_001,Post-Etch,93.4,3,None,91.638,121.09,248.64,53.51,119.36,427.74,2024-01-13 03:30:00
WF_001144,BATCH_050,MACH_004,Post-Etch,91.67,4,Contamination,91.667,121.56,251.2,53.68,119.12,450.31,2024-01-13 03:45:00
WF_001145,BATCH_046,MACH_005,Post-Etch,96.09,2,None,91.133,115.22,254.08,52.35,118.73,457.13,2024-01-13 04:00:00
WF_001146,BATCH_010,MACH_001,Post-Etch,96.77,1,None,89.628,122.98,255.56,48.9,118.49,451.46,2024-01-13 04:15:00
WF_001147,BATCH_023,MACH_001,Post-Etch,89.78,5,Contamination,88.867,123.78,249.2,47.62,120.19,460.27,2024-01-13 04:30:00
WF_001148,BATCH_006,MACH_001,Post-Etch,98.96,0,None,89.412,115.76,258.32,47.48,116.9,452.68,2024-01-13 04:45:00
WF_001149,BATCH_047,MACH_001,Post-Etch,92.12,4,Contamination,89.831,123.43,246.08,50.65,119.3,446.05,2024-01-13 05:00:00
WF_001150,BATCH_025,MACH_005,Post-Etch,96.35,2,None,89.398,120.7,251.56,49.97,120.92,462.77,2024-01-13 05:15:00
WF_001151,BATCH_036,MACH_004,Post-Etch,91.05,4,Etch Pit,90.975,122.18,249.91,51.59,119.91,462.25,2024-01-13 05:30:00
WF_001152,BATCH_014,MACH_005,Post-Etch,95.7,2,None,90.052,119.05,247.93,51.21,118.94,454.25,2024-01-13 05:45:00
WF_001153,BATCH_018,MACH_001,Post-Etch,97.44,1,None,90.198,122.69,243.27,51.65,119.54,449.02,2024-01-13 06:00:00
WF_001154,BATCH_044,MACH_004,Post-Etch,93.13,3,None,89.201,119.9,246.72,47.29,119.35,446.7,2024-01-13 06:15:00
WF_001155,BATCH_007,MACH_002,Post-Etch,92.17,4,Etch Pit,91.131,123.19,250.74,54.0,119.0,456.13,2024-01-13 06:30:00
WF_001156,BATCH_041,MACH_003,Post-Etch,93.67,3,None,91.175,121.54,253.35,51.87,122.16,442.97,2024-01-13 06:45:00
WF_001157,BATCH_021,MACH_001,Post-Etch,94.21,3,None,89.173,117.11,244.84,48.63,119.64,446.05,2024-01-13 07:00:00
WF_001158,BATCH_009,MACH_005,Post-Etch,91.85,4,Etch Pit,90.765,116.72,261.01,50.74,122.54,450.88,2024-01-13 07:15:00
WF_001159,BATCH_007,MACH_001,Post-Etch,88.63,6,Contamination,91.535,122.59,255.15,53.57,119.83,436.72,2024-01-13 07:30:00
WF_001160,BATCH_031,MACH_005,Post-Etch,94.24,3,None,91.245,119.72,245.84,53.18,119.28,452.41,2024-01-13 07:45:00
WF_001161,BATCH_008,MACH_001,Post-Etch,97.42,1,None,90.864,117.67,249.15,51.55,119.78,454.72,2024-01-13 08:00:00
WF_001162,BATCH_022,MACH_004,Post-Etch,99.0,0,None,89.694,119.54,241.06,49.76,120.94,462.4,2024-01-13 08:15:00
WF_001163,BATCH_003,MACH_001,Post-Etch,95.0,2,None,90.053,117.53,251.26,50.46,120.67,452.95,2024-01-13 08:30:00
WF_001164,BATCH_035,MACH_002,Post-Etch,98.85,0,None,90.666,117.1,244.03,51.76,119.81,445.89,2024-01-13 08:45:00
WF_001165,BATCH_020,MACH_005,Post-Etch,98.86,0,None,89.388,119.35,241.03,49.9,118.46,471.84,2024-01-13 09:00:00
WF_001166,BATCH_012,MACH_004,Post-Etch,97.39,1,None,89.625,115.65,257.39,47.91,120.32,451.55,2024-01-13 09:15:00
WF_001167,BATCH_036,MACH_003,Post-Etch,94.48,2,None,88.581,122.31,252.67,46.44,119.76,448.66,2024-01-13 09:30:00
WF_001168,BATCH_003,MACH_005,Post-Etch,97.26,1,None,90.551,123.92,254.48,50.29,120.71,449.93,2024-01-13 09:45:00
WF_001169,BATCH_003,MACH_001,Post-Etch,95.63,2,None,90.54,116.77,254.6,51.49,119.82,438.42,2024-01-13 10:00:00
WF_001170,BATCH_009,MACH_005,Post-Etch,97.48,1,None,89.407,124.85,247.88,49.93,119.14,449.89,2024-01-13 10:15:00
WF_001171,BATCH_050,MACH_004,Post-Etch,95.36,2,None,89.012,120.35,243.57,47.67,120.09,447.16,2024-01-13 10:30:00
WF_001172,BATCH_045,MACH_001,Post-Etch,94.27,3,None,89.206,117.04,240.06,50.06,120.56,442.8,2024-01-13 10:45:00
WF_001173,BATCH_005,MACH_005,Post-Etch,93.34,3,None,88.534,115.41,246.48,46.93,120.7,453.24,2024-01-13 11:00:00
WF_001174,BATCH_020,MACH_002,Post-Etch,95.24,2,None,91.964,124.33,248.38,54.61,119.35,442.42,2024-01-13 11:15:00
WF_001175,BATCH_023,MACH_005,Post-Etch,93.6,3,None,91.362,124.28,255.79,52.5,120.29,453.34,2024-01-13 11:30:00
WF_001176,BATCH_027,MACH_001,Post-Etch,96.27,2,None,89.967,116.35,249.96,49.94,119.93,438.38,2024-01-13 11:45:00
WF_001177,BATCH_048,MACH_004,Post-Etch,95.19,2,None,89.088,117.1,252.83,47.81,121.26,446.67,2024-01-13 12:00:00
WF_001178,BATCH_003,MACH_004,Post-Etch,93.02,3,None,89.934,115.6,246.47,51.18,120.7,479.26,2024-01-13 12:15:00
WF_001179,BATCH_002,MACH_001,Post-Etch,90.22,5,Pattern Distortion,91.752,122.01,257.03,52.93,119.2,450.2,2024-01-13 12:30:00
WF_001180,BATCH_049,MACH_001,Post-Etch,96.06,2,None,89.892,122.16,245.14,50.87,121.59,439.82,2024-01-13 12:45:00
WF_001181,BATCH_042,MACH_004,Post-Etch,91.49,4,Etch Pit,90.281,122.51,250.25,50.55,119.18,459.5,2024-01-13 13:00:00
WF_001182,BATCH_030,MACH_002,Post-Etch,97.46,1,None,90.494,124.87,247.11,51.61,119.66,452.2,2024-01-13 13:15:00
WF_001183,BATCH_003,MACH_001,Post-Etch,91.7,4,Contamination,90.08,123.76,259.5,50.1,119.15,458.5,2024-01-13 13:30:00
WF_001184,BATCH_028,MACH_002,Post-Etch,94.15,3,None,91.454,117.56,244.07,53.54,120.87,439.27,2024-01-13 13:45:00
WF_001185,BATCH_008,MACH_001,Post-Etch,97.15,1,None,89.49,115.74,247.62,49.27,119.36,451.37,2024-01-13 14:00:00
WF_001186,BATCH_012,MACH_003,Post-Etch,98.21,0,None,89.812,122.78,249.09,49.77,120.13,446.89,2024-01-13 14:15:00
WF_001187,BATCH_033,MACH_005,Post-Etch,93.33,3,None,90.499,124.51,251.78,49.88,118.84,458.15,2024-01-13 14:30:00
WF_001188,BATCH_020,MACH_003,Post-Etch,92.37,4,Contamination,92.455,120.7,258.9,54.89,120.72,440.17,2024-01-13 14:45:00
WF_001189,BATCH_008,MACH_003,Post-Etch,93.66,3,None,90.222,119.67,248.84,51.08,121.79,451.78,2024-01-13 15:00:00
WF_001190,BATCH_049,MACH_001,Post-Etch,94.74,2,None,91.287,122.18,249.77,51.48,119.02,466.31,2024-01-13 15:15:00
WF_001191,BATCH_029,MACH_005,Post-Etch,93.47,3,None,89.78,116.49,254.77,48.04,119.88,438.62,2024-01-13 15:30:00
WF_001192,BATCH_030,MACH_002,Post-Etch,94.62,3,None,91.4,117.98,249.85,54.61,121.36,469.82,2024-01-13 15:45:00
WF_001193,BATCH_025,MACH_002,Post-Etch,86.87,7,Contamination,93.246,119.21,261.37,55.75,118.45,465.04,2024-01-13 16:00:00
WF_001194,BATCH_009,MACH_005,Post-Etch,97.35,1,None,91.267,119.62,252.06,53.33,120.65,442.81,2024-01-13 16:15:00
WF_001195,BATCH_037,MACH_004,Post-Etch,99.0,0,None,89.464,118.48,251.16,48.81,119.63,461.1,2024-01-13 16:30:00
WF_001196,BATCH_021,MACH_001,Post-Etch,92.96,3,None,88.596,123.71,251.47,47.66,120.13,459.98,2024-01-13 16:45:00
WF_001197,BATCH_042,MACH_005,Post-Etch,93.15,3,None,90.845,116.02,251.16,52.02,118.88,451.9,2024-01-13 17:00:00
WF_001198,BATCH_038,MACH_004,Post-Etch,93.11,3,None,89.183,115.46,251.77,49.26,120.95,451.98,2024-01-13 17:15:00
WF_001199,BATCH_031,MACH_001,Post-Etch,95.18,2,None,91.185,124.82,254.88,51.87,121.39,461.21,2024-01-13 17:30:00
WF_001200,BATCH_028,MACH_002,Post-Etch,89.59,5,Contamination,91.785,121.93,254.26,53.08,118.35,441.98,2024-01-13 17:45:00
WF_001201,BATCH_030,MACH_003,Post-Etch,95.46,2,None,90.125,118.46,246.5,50.21,120.1,451.16,2024-01-13 18:00:00
WF_001202,BATCH_011,MACH_005,Post-Etch,89.04,6,Contamination,91.058,122.15,250.67,52.0,120.78,452.23,2024-01-13 18:15:00
WF_001203,BATCH_047,MACH_002,Post-Etch,88.8,6,Etch Pit,92.259,117.36,251.97,54.73,119.16,438.33,2024-01-13 18:30:00
WF_001204,BATCH_048,MACH_002,Post-Etch,92.61,3,None,90.972,123.46,242.85,53.28,121.86,454.0,2024-01-13 18:45:00
WF_001205,BATCH_050,MACH_001,Post-Etch,99.0,0,None,90.421,119.47,247.15,51.1,121.26,444.38,2024-01-13 19:00:00
WF_001206,BATCH_026,MACH_003,Post-Etch,96.16,1,None,90.319,118.45,250.99,50.23,120.23,450.72,2024-01-13 19:15:00
WF_001207,BATCH_015,MACH_001,Post-Etch,97.05,1,None,90.894,118.6,254.14,51.69,120.31,428.67,2024-01-13 19:30:00
WF_001208,BATCH_049,MACH_002,Post-Etch,94.4,3,None,91.041,123.43,250.1,53.17,118.19,460.01,2024-01-13 19:45:00
WF_001209,BATCH_016,MACH_002,Post-Etch,95.32,2,None,90.852,119.13,244.3,53.46,119.9,464.8,2024-01-13 20:00:00
WF_001210,BATCH_041,MACH_005,Post-Etch,97.22,1,None,90.52,120.26,253.24,50.08,120.17,442.93,2024-01-13 20:15:00
WF_001211,BATCH_043,MACH_004,Post-Etch,92.99,3,None,88.066,119.13,245.84,47.83,118.86,454.05,2024-01-13 20:30:00
WF_001212,BATCH_022,MACH_002,Post-Etch,97.6,1,None,90.346,118.65,243.66,52.82,120.09,460.98,2024-01-13 20:45:00
WF_001213,BATCH_033,MACH_005,Post-Etch,93.46,3,None,91.194,124.5,242.25,54.38,120.08,464.86,2024-01-13 21:00:00
WF_001214,BATCH_027,MACH_001,Post-Etch,91.97,4,Pattern Distortion,90.932,123.36,252.19,52.4,120.13,463.66,2024-01-13 21:15:00
WF_001215,BATCH_039,MACH_004,Post-Etch,90.57,5,Photoresist Residue,89.592,124.38,250.91,48.66,119.52,444.14,2024-01-13 21:30:00
WF_001216,BATCH_037,MACH_003,Post-Etch,96.75,1,None,90.15,115.68,253.95,49.34,120.34,439.86,2024-01-13 21:45:00
WF_001217,BATCH_007,MACH_004,Post-Etch,96.8,1,None,88.7,116.79,253.95,46.59,120.53,461.66,2024-01-13 22:00:00
WF_001218,BATCH_006,MACH_002,Post-Etch,90.04,5,Contamination,91.905,118.82,240.94,55.68,119.46,449.22,2024-01-13 22:15:00
WF_001219,BATCH_024,MACH_001,Post-Etch,95.23,2,None,89.805,116.23,246.83,49.42,118.11,442.14,2024-01-13 22:30:00
WF_001220,BATCH_045,MACH_005,Post-Etch,94.34,3,None,91.381,115.7,250.5,51.79,120.13,457.62,2024-01-13 22:45:00
WF_001221,BATCH_039,MACH_003,Post-Etch,86.11,7,Etch Pit,92.106,116.12,244.27,55.6,120.19,453.76,2024-01-13 23:00:00
WF_001222,BATCH_031,MACH_003,Post-Etch,93.29,3,None,88.733,120.78,251.29,48.46,120.45,454.13,2024-01-13 23:15:00
WF_001223,BATCH_030,MACH_004,Post-Etch,95.43,2,None,88.013,118.24,252.28,45.51,120.09,461.94,2024-01-13 23:30:00
WF_001224,BATCH_037,MACH_002,Post-Etch,95.64,2,None,91.154,115.03,251.09,52.71,119.84,442.8,2024-01-13 23:45:00
WF_001225,BATCH_040,MACH_003,Post-Etch,96.33,1,None,89.608,118.02,246.54,49.78,119.51,444.62,2024-01-14 00:00:00
WF_001226,BATCH_021,MACH_002,Post-Etch,89.79,5,Etch Pit,91.396,117.71,250.91,53.47,121.15,447.57,2024-01-14 00:15:00
WF_001227,BATCH_035,MACH_004,Post-Etch,97.48,1,None,89.463,117.15,248.66,49.75,119.54,435.5,2024-01-14 00:30:00
WF_001228,BATCH_017,MACH_001,Post-Etch,92.09,4,Micro-crack,90.224,115.49,240.74,51.64,119.45,440.12,2024-01-14 00:45:00
WF_001229,BATCH_038,MACH_001,Post-Etch,94.99,2,None,89.909,119.89,241.73,50.97,120.31,439.49,2024-01-14 01:00:00
WF_001230,BATCH_025,MACH_003,Post-Etch,89.64,5,Contamination,90.053,117.16,261.64,49.09,121.04,452.78,2024-01-14 01:15:00
WF_001231,BATCH_004,MACH_001,Post-Etch,92.02,4,Etch Pit,88.688,122.49,255.18,44.32,120.39,460.98,2024-01-14 01:30:00
WF_001232,BATCH_018,MACH_001,Post-Etch,93.52,3,None,91.395,115.29,243.67,53.77,118.46,461.52,2024-01-14 01:45:00
WF_001233,BATCH_004,MACH_002,Post-Etch,92.13,4,Micro-crack,91.793,120.45,245.48,55.1,120.65,432.93,2024-01-14 02:00:00
WF_001234,BATCH_031,MACH_002,Post-Etch,93.77,3,None,90.76,122.39,255.64,51.14,120.23,452.45,2024-01-14 02:15:00
WF_001235,BATCH_034,MACH_004,Post-Etch,91.06,4,Micro-crack,89.874,119.41,249.26,50.53,119.24,439.92,2024-01-14 02:30:00
WF_001236,BATCH_034,MACH_004,Post-Etch,93.49,3,None,89.032,118.2,238.16,50.21,120.6,452.97,2024-01-14 02:45:00
WF_001237,BATCH_050,MACH_002,Post-Etch,91.74,4,Pattern Distortion,91.898,123.42,254.57,54.36,120.13,434.96,2024-01-14 03:00:00
WF_001238,BATCH_034,MACH_005,Post-Etch,96.91,1,None,89.693,124.22,243.06,50.09,120.94,442.71,2024-01-14 03:15:00
WF_001239,BATCH_013,MACH_004,Post-Etch,92.15,4,Photoresist Residue,90.847,123.95,253.13,51.57,119.21,461.2,2024-01-14 03:30:00
WF_001240,BATCH_043,MACH_004,Post-Etch,95.97,2,None,90.856,117.91,251.28,52.81,119.06,445.31,2024-01-14 03:45:00
WF_001241,BATCH_036,MACH_004,Post-Etch,86.98,7,Pattern Distortion,89.515,122.0,250.77,48.0,121.25,450.93,2024-01-14 04:00:00
WF_001242,BATCH_012,MACH_005,Post-Etch,95.25,2,None,90.071,120.22,255.63,49.61,120.03,445.26,2024-01-14 04:15:00
WF_001243,BATCH_021,MACH_004,Post-Etch,97.75,1,None,89.819,123.71,248.79,49.47,120.49,452.06,2024-01-14 04:30:00
WF_001244,BATCH_044,MACH_005,Post-Etch,94.04,3,None,89.338,123.85,245.67,48.59,119.79,444.72,2024-01-14 04:45:00
WF_001245,BATCH_014,MACH_001,Post-Etch,90.04,5,Photoresist Residue,89.114,123.8,252.59,48.09,121.32,447.63,2024-01-14 05:00:00
WF_001246,BATCH_002,MACH_003,Post-Etch,93.9,3,None,91.463,117.27,247.07,54.67,120.4,448.59,2024-01-14 05:15:00
WF_001247,BATCH_049,MACH_003,Post-Etch,92.3,4,Contamination,88.434,117.54,253.8,45.28,121.28,450.55,2024-01-14 05:30:00
WF_001248,BATCH_023,MACH_001,Post-Etch,95.47,2,None,89.474,121.82,256.33,48.44,119.51,429.47,2024-01-14 05:45:00
WF_001249,BATCH_032,MACH_003,Post-Etch,92.25,4,Contamination,87.704,123.23,251.81,44.12,119.3,452.96,2024-01-14 06:00:00
WF_001250,BATCH_044,MACH_002,Post-Etch,94.44,3,None,91.0,117.84,254.69,52.03,119.49,440.11,2024-01-14 06:15:00
WF_001251,BATCH_021,MACH_002,Post-Etch,84.7,8,Micro-crack,91.697,124.48,245.09,55.24,119.95,454.39,2024-01-14 06:30:00
WF_001252,BATCH_044,MACH_002,Post-Etch,91.09,5,Photoresist Residue,93.033,121.98,259.1,57.44,119.62,449.95,2024-01-14 06:45:00
WF_001253,BATCH_022,MACH_004,Post-Etch,93.56,3,None,91.081,120.27,256.49,53.52,120.02,440.13,2024-01-14 07:00:00
WF_001254,BATCH_034,MACH_004,Post-Etch,96.81,1,None,90.498,124.67,247.7,51.57,120.58,446.73,2024-01-14 07:15:00
WF_001255,BATCH_032,MACH_004,Post-Etch,88.7,6,Micro-crack,88.707,116.37,251.92,46.1,121.27,460.05,2024-01-14 07:30:00
WF_001256,BATCH_011,MACH_002,Post-Etch,93.27,3,None,91.331,122.08,245.44,53.15,119.38,447.23,2024-01-14 07:45:00
WF_001257,BATCH_036,MACH_005,Post-Etch,95.53,2,None,89.369,118.03,255.2,47.64,120.41,462.39,2024-01-14 08:00:00
WF_001258,BATCH_029,MACH_003,Post-Etch,99.0,0,None,89.875,122.19,242.12,50.58,122.62,435.09,2024-01-14 08:15:00
WF_001259,BATCH_044,MACH_001,Post-Etch,95.41,2,None,89.872,119.91,259.07,47.98,120.44,450.95,2024-01-14 08:30:00
WF_001260,BATCH_044,MACH_005,Post-Etch,91.02,4,Pattern Distortion,91.278,124.58,251.14,51.41,120.31,466.35,2024-01-14 08:45:00
WF_001261,BATCH_012,MACH_005,Post-Etch,97.27,1,None,90.03,119.58,255.02,49.3,119.0,453.5,2024-01-14 09:00:00
WF_001262,BATCH_004,MACH_005,Post-Etch,91.99,4,Etch Pit,90.396,118.01,254.39,50.4,118.32,451.4,2024-01-14 09:15:00
WF_001263,BATCH_039,MACH_004,Post-Etch,89.62,5,Contamination,91.04,123.29,255.04,51.66,120.93,452.31,2024-01-14 09:30:00
WF_001264,BATCH_003,MACH_003,Post-Etch,96.76,1,None,89.923,119.84,249.07,50.3,118.48,454.53,2024-01-14 09:45:00
WF_001265,BATCH_024,MACH_005,Post-Etch,98.93,0,None,89.471,117.93,241.41,49.67,119.42,447.47,2024-01-14 10:00:00
WF_001266,BATCH_016,MACH_004,Post-Etch,93.44,3,None,89.111,118.07,245.13,47.95,118.91,450.91,2024-01-14 10:15:00
WF_001267,BATCH_047,MACH_004,Post-Etch,97.81,1,None,89.639,116.53,248.93,48.95,119.92,451.01,2024-01-14 10:30:00
WF_001268,BATCH_010,MACH_003,Post-Etch,91.46,4,Micro-crack,89.158,123.32,246.79,48.88,121.66,460.79,2024-01-14 10:45:00
WF_001269,BATCH_049,MACH_002,Post-Etch,98.65,0,None,90.085,116.18,246.7,51.81,117.95,439.66,2024-01-14 11:00:00
WF_001270,BATCH_031,MACH_001,Post-Etch,93.82,3,None,90.144,121.31,248.89,50.59,120.17,437.72,2024-01-14 11:15:00
WF_001271,BATCH_012,MACH_001,Post-Etch,95.2,2,None,90.935,117.41,249.21,52.11,119.21,441.26,2024-01-14 11:30:00
WF_001272,BATCH_039,MACH_002,Post-Etch,93.78,3,None,92.58,123.11,250.64,55.78,119.79,458.32,2024-01-14 11:45:00
WF_001273,BATCH_050,MACH_002,Post-Etch,94.03,3,None,89.571,119.0,247.01,49.96,120.17,445.94,2024-01-14 12:00:00
WF_001274,BATCH_022,MACH_002,Post-Etch,92.45,4,Pattern Distortion,90.956,116.98,248.6,53.5,121.75,450.52,2024-01-14 12:15:00
WF_001275,BATCH_039,MACH_003,Post-Etch,96.65,1,None,90.252,120.87,256.34,49.62,119.48,461.41,2024-01-14 12:30:00
WF_001276,BATCH_042,MACH_005,Post-Etch,95.56,2,None,89.396,117.6,247.59,49.19,121.58,446.83,2024-01-14 12:45:00
WF_001277,BATCH_014,MACH_002,Post-Etch,90.1,5,Contamination,91.771,121.09,249.99,54.3,120.72,451.58,2024-01-14 13:00:00
WF_001278,BATCH_028,MACH_004,Post-Etch,91.04,5,Contamination,90.693,122.77,252.31,48.97,121.76,465.46,2024-01-14 13:15:00
WF_001279,BATCH_043,MACH_005,Post-Etch,93.58,3,None,89.327,118.52,251.46,49.17,119.77,470.91,2024-01-14 13:30:00
WF_001280,BATCH_001,MACH_005,Post-Etch,94.22,3,None,90.859,121.87,253.94,52.94,118.99,456.84,2024-01-14 13:45:00
WF_001281,BATCH_046,MACH_002,Post-Etch,93.55,3,None,90.683,119.69,250.84,51.51,118.23,427.36,2024-01-14 14:00:00
WF_001282,BATCH_042,MACH_005,Post-Etch,98.87,0,None,90.178,118.42,258.45,48.61,118.66,454.34,2024-01-14 14:15:00
WF_001283,BATCH_028,MACH_004,Post-Etch,93.35,3,None,89.187,122.98,246.69,47.85,120.29,442.3,2024-01-14 14:30:00
WF_001284,BATCH_021,MACH_004,Post-Etch,89.63,5,Etch Pit,89.055,117.2,250.45,47.7,119.96,440.38,2024-01-14 14:45:00
WF_001285,BATCH_028,MACH_001,Post-Etch,93.1,3,None,91.558,118.88,249.99,53.5,118.63,427.02,2024-01-14 15:00:00
WF_001286,BATCH_032,MACH_005,Post-Etch,96.99,1,None,89.745,124.76,239.33,51.36,120.21,444.4,2024-01-14 15:15:00
WF_001287,BATCH_028,MACH_003,Post-Etch,89.82,5,Photoresist Residue,88.62,124.34,250.45,44.95,119.5,438.16,2024-01-14 15:30:00
WF_001288,BATCH_024,MACH_001,Post-Etch,93.08,3,None,88.606,124.47,248.76,48.15,120.09,453.0,2024-01-14 15:45:00
WF_001289,BATCH_048,MACH_001,Post-Etch,95.75,2,None,89.306,124.84,248.36,48.31,121.46,449.17,2024-01-14 16:00:00
WF_001290,BATCH_035,MACH_003,Post-Etch,93.4,3,None,90.091,116.45,248.29,49.93,119.89,453.32,2024-01-14 16:15:00
WF_001291,BATCH_016,MACH_004,Post-Etch,91.99,4,Micro-crack,91.755,121.05,253.73,52.37,120.09,422.27,2024-01-14 16:30:00
WF_001292,BATCH_015,MACH_002,Post-Etch,90.09,5,Contamination,90.862,120.45,248.99,51.95,120.53,442.8,2024-01-14 16:45:00
WF_001293,BATCH_020,MACH_002,Post-Etch,90.15,5,Pattern Distortion,92.155,124.04,248.09,54.86,121.72,454.24,2024-01-14 17:00:00
WF_001294,BATCH_032,MACH_003,Post-Etch,94.34,3,None,91.306,123.57,238.82,53.56,119.63,449.7,2024-01-14 17:15:00
WF_001295,BATCH_011,MACH_002,Post-Etch,98.26,1,None,90.958,121.41,246.62,52.09,119.59,451.13,2024-01-14 17:30:00
WF_001296,BATCH_048,MACH_004,Post-Etch,96.8,1,None,90.921,116.25,252.95,52.01,120.14,444.39,2024-01-14 17:45:00
WF_001297,BATCH_024,MACH_002,Post-Etch,88.5,6,Contamination,92.848,123.53,250.34,55.99,120.6,445.38,2024-01-14 18:00:00
WF_001298,BATCH_005,MACH_001,Post-Etch,93.4,3,None,90.435,123.38,247.89,51.41,120.96,449.02,2024-01-14 18:15:00
WF_001299,BATCH_033,MACH_004,Post-Etch,89.01,6,Contamination,87.93,118.62,250.03,44.88,119.19,444.12,2024-01-14 18:30:00
WF_001300,BATCH_048,MACH_004,Post-Etch,92.94,4,Micro-crack,88.812,122.01,240.25,48.86,120.72,443.56,2024-01-14 18:45:00
WF_001301,BATCH_023,MACH_005,Post-Etch,96.72,1,None,89.808,120.75,245.82,49.72,118.93,446.48,2024-01-14 19:00:00
WF_001302,BATCH_019,MACH_001,Post-Etch,96.95,1,None,90.521,120.73,248.12,51.97,119.04,445.76,2024-01-14 19:15:00
WF_001303,BATCH_035,MACH_002,Post-Etch,84.3,8,Pattern Distortion,92.167,123.78,249.45,55.15,120.29,451.18,2024-01-14 19:30:00
WF_001304,BATCH_003,MACH_003,Post-Etch,89.84,5,Pattern Distortion,89.03,117.53,249.63,47.01,119.97,455.65,2024-01-14 19:45:00
WF_001305,BATCH_016,MACH_002,Post-Etch,90.66,5,Etch Pit,91.57,121.01,252.62,53.84,119.44,448.21,2024-01-14 20:00:00
WF_001306,BATCH_040,MACH_003,Post-Etch,92.72,3,None,91.134,124.9,247.15,53.6,121.45,444.58,2024-01-14 20:15:00
WF_001307,BATCH_025,MACH_005,Post-Etch,93.42,3,None,90.003,116.32,247.22,49.31,120.55,446.94,2024-01-14 20:30:00
WF_001308,BATCH_047,MACH_005,Post-Etch,90.47,5,Photoresist Residue,89.674,120.09,248.3,50.19,119.84,433.13,2024-01-14 20:45:00
WF_001309,BATCH_044,MACH_004,Post-Etch,95.79,2,None,89.237,118.71,254.77,47.82,118.93,424.74,2024-01-14 21:00:00
WF_001310,BATCH_012,MACH_003,Post-Etch,93.53,3,None,90.855,124.52,254.3,50.46,121.18,449.59,2024-01-14 21:15:00
WF_001311,BATCH_047,MACH_002,Post-Etch,87.16,6,Photoresist Residue,92.2,120.8,245.38,55.79,118.48,443.89,2024-01-14 21:30:00
WF_001312,BATCH_040,MACH_004,Post-Etch,97.12,1,None,90.124,123.52,248.65,50.59,119.93,434.68,2024-01-14 21:45:00
WF_001313,BATCH_034,MACH_003,Post-Etch,97.14,1,None,89.436,116.23,251.76,46.75,120.45,438.92,2024-01-14 22:00:00
WF_001314,BATCH_033,MACH_005,Post-Etch,91.57,4,Photoresist Residue,90.701,118.31,255.15,51.14,119.93,453.68,2024-01-14 22:15:00
WF_001315,BATCH_018,MACH_004,Post-Etch,99.0,0,None,89.6,118.76,254.31,48.68,119.86,454.59,2024-01-14 22:30:00
WF_001316,BATCH_038,MACH_003,Post-Etch,94.44,2,None,89.334,120.46,251.31,47.21,119.34,443.72,2024-01-14 22:45:00
WF_001317,BATCH_012,MACH_003,Post-Etch,91.73,4,Micro-crack,91.906,117.28,257.88,52.75,120.31,458.96,2024-01-14 23:00:00
WF_001318,BATCH_050,MACH_004,Post-Etch,89.95,5,Contamination,89.268,120.14,246.06,49.06,119.76,445.1,2024-01-14 23:15:00
WF_001319,BATCH_009,MACH_005,Post-Etch,95.27,2,None,90.592,122.75,253.49,51.5,120.62,447.52,2024-01-14 23:30:00
WF_001320,BATCH_033,MACH_002,Post-Etch,85.88,7,Micro-crack,93.363,123.94,253.83,56.91,121.62,437.04,2024-01-14 23:45:00
WF_001321,BATCH_021,MACH_002,Post-Etch,99.0,0,None,90.647,119.26,241.72,52.02,120.36,459.45,2024-01-15 00:00:00
WF_001322,BATCH_035,MACH_001,Post-Etch,89.73,5,Etch Pit,91.041,116.67,259.7,51.48,121.25,444.16,2024-01-15 00:15:00
WF_001323,BATCH_048,MACH_001,Post-Etch,96.07,2,None,90.989,121.18,247.75,54.17,118.71,464.59,2024-01-15 00:30:00
WF_001324,BATCH_013,MACH_001,Post-Etch,93.45,3,None,89.466,115.68,241.97,49.02,120.19,465.92,2024-01-15 00:45:00
WF_001325,BATCH_047,MACH_002,Post-Etch,93.67,3,None,91.582,122.97,249.87,53.13,120.59,428.64,2024-01-15 01:00:00
WF_001326,BATCH_039,MACH_001,Post-Etch,95.52,2,None,89.015,122.52,247.79,48.48,117.89,454.71,2024-01-15 01:15:00
WF_001327,BATCH_025,MACH_005,Post-Etch,91.99,4,Pattern Distortion,88.799,118.94,246.88,47.59,119.98,443.9,2024-01-15 01:30:00
WF_001328,BATCH_047,MACH_005,Post-Etch,91.65,4,Etch Pit,91.208,120.55,250.85,52.91,121.68,448.15,2024-01-15 01:45:00
WF_001329,BATCH_029,MACH_003,Post-Etch,96.33,1,None,89.423,123.89,244.82,48.41,120.67,450.73,2024-01-15 02:00:00
WF_001330,BATCH_029,MACH_003,Post-Etch,92.37,4,Pattern Distortion,91.72,117.65,249.09,53.57,120.8,464.98,2024-01-15 02:15:00
WF_001331,BATCH_024,MACH_002,Post-Etch,92.02,4,Pattern Distortion,92.619,123.45,249.73,55.91,120.13,443.02,2024-01-15 02:30:00
WF_001332,BATCH_010,MACH_005,Post-Etch,96.49,1,None,89.801,115.59,245.12,49.9,120.49,456.83,2024-01-15 02:45:00
WF_001333,BATCH_049,MACH_004,Post-Etch,86.99,7,Photoresist Residue,89.175,122.37,247.1,48.73,120.22,454.21,2024-01-15 03:00:00
WF_001334,BATCH_043,MACH_001,Post-Etch,93.73,3,None,89.916,119.68,247.19,49.7,118.83,462.07,2024-01-15 03:15:00
WF_001335,BATCH_021,MACH_005,Post-Etch,96.82,1,None,89.949,120.33,244.85,50.41,120.66,429.36,2024-01-15 03:30:00
WF_001336,BATCH_018,MACH_004,Post-Etch,99.0,0,None,89.743,116.59,245.68,50.55,119.24,432.67,2024-01-15 03:45:00
WF_001337,BATCH_002,MACH_002,Post-Etch,94.48,3,None,91.625,123.16,249.19,53.12,120.23,454.24,2024-01-15 04:00:00
WF_001338,BATCH_015,MACH_001,Post-Etch,97.06,1,None,89.155,115.42,248.71,48.2,120.79,438.59,2024-01-15 04:15:00
WF_001339,BATCH_037,MACH_004,Post-Etch,91.55,4,Micro-crack,89.356,118.27,246.61,49.42,119.87,464.25,2024-01-15 04:30:00
WF_001340,BATCH_049,MACH_001,Post-Etch,99.0,0,None,89.92,122.41,245.39,50.73,120.69,465.27,2024-01-15 04:45:00
WF_001341,BATCH_013,MACH_004,Post-Etch,95.01,2,None,88.923,124.25,256.97,47.26,120.32,460.28,2024-01-15 05:00:00
WF_001342,BATCH_038,MACH_003,Post-Etch,96.68,1,None,89.563,120.14,242.81,49.72,119.38,450.23,2024-01-15 05:15:00
WF_001343,BATCH_031,MACH_004,Post-Etch,97.15,1,None,90.504,121.32,249.14,51.03,119.25,449.71,2024-01-15 05:30:00
WF_001344,BATCH_043,MACH_005,Post-Etch,95.45,2,None,89.83,120.5,245.06,49.79,119.73,466.63,2024-01-15 05:45:00
WF_001345,BATCH_013,MACH_001,Post-Etch,95.2,2,None,89.975,119.0,246.87,50.5,118.9,442.12,2024-01-15 06:00:00
WF_001346,BATCH_048,MACH_005,Post-Etch,95.18,2,None,90.892,122.17,245.27,53.05,120.57,443.2,2024-01-15 06:15:00
WF_001347,BATCH_009,MACH_005,Post-Etch,96.93,1,None,90.6,115.64,245.77,51.13,119.37,441.9,2024-01-15 06:30:00
WF_001348,BATCH_022,MACH_002,Post-Etch,86.28,7,Contamination,91.925,119.08,253.98,54.69,119.19,442.37,2024-01-15 06:45:00
WF_001349,BATCH_015,MACH_005,Post-Etch,98.53,0,None,89.37,121.72,259.02,47.61,120.69,460.49,2024-01-15 07:00:00
WF_001350,BATCH_010,MACH_002,Post-Etch,98.46,0,None,89.965,123.21,250.17,49.59,119.81,441.94,2024-01-15 07:15:00
WF_001351,BATCH_030,MACH_005,Post-Etch,97.24,1,None,90.298,120.32,250.79,50.48,119.4,463.36,2024-01-15 07:30:00
WF_001352,BATCH_026,MACH_002,Post-Etch,87.74,6,Pattern Distortion,91.609,118.25,245.73,54.7,120.11,445.33,2024-01-15 07:45:00
WF_001353,BATCH_037,MACH_003,Post-Etch,93.54,3,None,89.16,123.88,245.87,48.55,120.64,441.88,2024-01-15 08:00:00
WF_001354,BATCH_049,MACH_003,Post-Etch,95.94,2,None,90.905,122.02,247.17,53.02,120.3,445.33,2024-01-15 08:15:00
WF_001355,BATCH_014,MACH_005,Post-Etch,91.57,4,Micro-crack,89.673,117.56,254.8,48.71,119.31,468.74,2024-01-15 08:30:00
WF_001356,BATCH_001,MACH_005,Post-Etch,87.58,6,Photoresist Residue,89.233,124.42,246.05,49.44,119.06,444.95,2024-01-15 08:45:00
WF_001357,BATCH_047,MACH_002,Post-Etch,86.85,7,Contamination,92.995,117.18,258.74,55.98,119.5,451.69,2024-01-15 09:00:00
WF_001358,BATCH_021,MACH_001,Post-Etch,95.56,2,None,89.769,118.75,254.58,49.54,118.49,452.46,2024-01-15 09:15:00
WF_001359,BATCH_044,MACH_001,Post-Etch,97.34,1,None,90.814,118.72,256.81,50.41,121.13,436.59,2024-01-15 09:30:00
WF_001360,BATCH_025,MACH_003,Post-Etch,98.02,1,None,90.456,124.63,255.34,49.84,120.11,455.28,2024-01-15 09:45:00
WF_001361,BATCH_029,MACH_003,Post-Etch,96.73,1,None,89.887,122.95,254.3,48.25,119.86,441.08,2024-01-15 10:00:00
WF_001362,BATCH_029,MACH_001,Post-Etch,90.33,5,Contamination,90.741,116.83,250.1,52.43,119.88,459.0,2024-01-15 10:15:00
WF_001363,BATCH_004,MACH_004,Post-Etch,93.83,3,None,89.608,117.25,248.46,49.02,120.18,447.88,2024-01-15 10:30:00
WF_001364,BATCH_048,MACH_003,Post-Etch,93.68,3,None,90.284,117.43,256.08,50.58,121.31,447.27,2024-01-15 10:45:00
WF_001365,BATCH_032,MACH_003,Post-Etch,95.1,2,None,89.689,124.95,254.31,48.9,122.24,468.64,2024-01-15 11:00:00
WF_001366,BATCH_024,MACH_005,Post-Etch,99.0,0,None,90.304,120.26,254.63,50.67,119.28,441.83,2024-01-15 11:15:00
WF_001367,BATCH_008,MACH_004,Post-Etch,94.83,2,None,88.894,123.6,244.96,47.31,119.67,455.75,2024-01-15 11:30:00
WF_001368,BATCH_017,MACH_005,Post-Etch,97.95,1,None,90.541,124.99,253.73,49.89,121.43,446.8,2024-01-15 11:45:00
WF_001369,BATCH_047,MACH_001,Post-Etch,91.66,4,Pattern Distortion,91.822,121.58,246.98,54.64,119.02,453.56,2024-01-15 12:00:00
WF_001370,BATCH_032,MACH_004,Post-Etch,89.8,5,Pattern Distortion,88.919,122.31,244.64,47.52,120.04,446.84,2024-01-15 12:15:00
WF_001371,BATCH_039,MACH_002,Post-Etch,88.4,6,Photoresist Residue,91.839,124.11,259.85,54.61,119.09,447.5,2024-01-15 12:30:00
WF_001372,BATCH_020,MACH_005,Post-Etch,97.0,1,None,90.594,116.5,254.14,51.6,120.1,471.78,2024-01-15 12:45:00
WF_001373,BATCH_025,MACH_005,Post-Etch,93.77,3,None,91.214,118.2,248.0,53.78,119.59,442.01,2024-01-15 13:00:00
WF_001374,BATCH_040,MACH_004,Post-Etch,93.33,3,None,91.299,117.36,255.91,51.61,119.59,446.25,2024-01-15 13:15:00
WF_001375,BATCH_050,MACH_004,Post-Etch,95.96,2,None,90.091,116.02,244.65,51.93,120.56,430.14,2024-01-15 13:30:00
WF_001376,BATCH_012,MACH_001,Post-Etch,97.07,1,None,91.254,117.56,257.8,50.87,118.79,459.22,2024-01-15 13:45:00
WF_001377,BATCH_022,MACH_002,Post-Etch,90.22,5,Etch Pit,90.448,119.87,252.57,51.02,119.0,470.36,2024-01-15 14:00:00
WF_001378,BATCH_026,MACH_004,Post-Etch,91.17,4,Micro-crack,91.257,115.66,241.0,54.26,120.24,445.16,2024-01-15 14:15:00
WF_001379,BATCH_029,MACH_005,Post-Etch,96.0,2,None,88.897,115.26,246.98,48.44,120.56,469.91,2024-01-15 14:30:00
WF_001380,BATCH_020,MACH_002,Post-Etch,92.96,3,None,90.806,122.77,250.74,51.14,121.0,438.05,2024-01-15 14:45:00
WF_001381,BATCH_007,MACH_003,Post-Etch,95.62,2,None,90.048,115.92,247.36,50.97,120.78,464.65,2024-01-15 15:00:00
WF_001382,BATCH_047,MACH_003,Post-Etch,94.97,2,None,90.55,118.31,235.35,52.55,121.03,447.1,2024-01-15 15:15:00
WF_001383,BATCH_033,MACH_005,Post-Etch,93.52,3,None,89.965,124.67,249.38,49.02,121.06,444.77,2024-01-15 15:30:00
WF_001384,BATCH_037,MACH_003,Post-Etch,95.8,2,None,89.344,119.44,247.99,48.08,121.19,442.56,2024-01-15 15:45:00
WF_001385,BATCH_005,MACH_001,Post-Etch,94.09,3,None,88.756,120.0,250.1,46.97,120.67,451.81,2024-01-15 16:00:00
WF_001386,BATCH_036,MACH_002,Post-Etch,95.04,2,None,90.751,122.57,255.97,51.6,118.93,445.62,2024-01-15 16:15:00
WF_001387,BATCH_023,MACH_002,Post-Etch,90.16,5,Pattern Distortion,91.418,118.32,253.42,52.94,118.41,445.91,2024-01-15 16:30:00
WF_001388,BATCH_043,MACH_004,Post-Etch,97.86,1,None,89.569,123.05,255.51,48.32,120.63,443.36,2024-01-15 16:45:00
WF_001389,BATCH_042,MACH_003,Post-Etch,98.87,0,None,90.422,116.52,256.52,49.56,119.27,457.5,2024-01-15 17:00:00
WF_001390,BATCH_021,MACH_004,Post-Etch,97.28,1,None,89.137,117.76,249.68,48.25,119.4,442.36,2024-01-15 17:15:00
WF_001391,BATCH_004,MACH_002,Post-Etch,95.24,2,None,91.564,119.92,252.18,53.91,119.83,449.04,2024-01-15 17:30:00
WF_001392,BATCH_008,MACH_001,Post-Etch,90.02,5,Photoresist Residue,87.156,119.6,248.87,43.79,120.34,455.03,2024-01-15 17:45:00
WF_001393,BATCH_046,MACH_005,Post-Etch,95.48,2,None,90.331,115.4,246.24,51.23,119.64,458.96,2024-01-15 18:00:00
WF_001394,BATCH_017,MACH_001,Post-Etch,97.13,1,None,90.526,121.86,254.98,50.68,120.46,450.61,2024-01-15 18:15:00
WF_001395,BATCH_032,MACH_001,Post-Etch,97.43,1,None,89.132,120.79,244.42,48.92,120.45,433.48,2024-01-15 18:30:00
WF_001396,BATCH_031,MACH_002,Post-Etch,95.07,2,None,90.58,119.03,246.77,51.42,120.07,452.09,2024-01-15 18:45:00
WF_001397,BATCH_016,MACH_002,Post-Etch,91.66,4,Contamination,91.992,124.05,256.16,54.66,120.47,436.27,2024-01-15 19:00:00
WF_001398,BATCH_015,MACH_002,Post-Etch,84.4,8,Micro-crack,92.697,121.7,247.57,55.91,121.09,432.19,2024-01-15 19:15:00
WF_001399,BATCH_026,MACH_001,Post-Etch,89.33,5,Pattern Distortion,90.856,117.5,256.41,49.51,120.07,465.19,2024-01-15 19:30:00
WF_001400,BATCH_023,MACH_003,Post-Etch,95.67,2,None,91.193,116.94,250.83,51.78,120.48,465.76,2024-01-15 19:45:00
WF_001401,BATCH_037,MACH_005,Post-Etch,93.78,3,None,89.93,122.71,250.04,49.65,118.43,441.93,2024-01-15 20:00:00
WF_001402,BATCH_049,MACH_004,Post-Etch,95.72,2,None,90.601,120.01,249.52,51.33,120.61,466.41,2024-01-15 20:15:00
WF_001403,BATCH_050,MACH_002,Post-Etch,95.3,2,None,91.307,122.66,248.33,54.02,120.44,457.78,2024-01-15 20:30:00
WF_001404,BATCH_003,MACH_001,Post-Etch,94.79,2,None,90.299,117.44,253.64,49.64,120.11,437.5,2024-01-15 20:45:00
WF_001405,BATCH_012,MACH_003,Post-Etch,93.17,3,None,88.72,121.6,254.7,47.32,118.88,444.67,2024-01-15 21:00:00
WF_001406,BATCH_034,MACH_005,Post-Etch,91.74,4,Photoresist Residue,90.569,121.47,249.79,51.18,120.95,452.93,2024-01-15 21:15:00
WF_001407,BATCH_007,MACH_005,Post-Etch,98.77,0,None,90.65,124.86,250.62,50.88,118.89,436.57,2024-01-15 21:30:00
WF_001408,BATCH_048,MACH_002,Post-Etch,91.18,4,Photoresist Residue,92.831,121.77,262.1,55.19,120.89,448.09,2024-01-15 21:45:00
WF_001409,BATCH_047,MACH_002,Post-Etch,89.5,5,Etch Pit,92.728,119.01,253.84,55.03,118.76,438.08,2024-01-15 22:00:00
WF_001410,BATCH_032,MACH_004,Post-Etch,99.0,0,None,90.282,124.81,256.11,50.72,121.13,459.35,2024-01-15 22:15:00
WF_001411,BATCH_042,MACH_003,Post-Etch,94.79,2,None,90.332,124.7,252.32,50.54,119.31,445.02,2024-01-15 22:30:00
WF_001412,BATCH_008,MACH_002,Post-Etch,92.39,4,Pattern Distortion,91.063,124.37,257.1,51.75,117.93,469.12,2024-01-15 22:45:00
WF_001413,BATCH_038,MACH_004,Post-Etch,95.66,2,None,89.726,117.22,250.77,50.42,119.61,453.19,2024-01-15 23:00:00
WF_001414,BATCH_020,MACH_004,Post-Etch,95.61,2,None,91.072,118.48,248.15,52.96,120.01,458.0,2024-01-15 23:15:00
WF_001415,BATCH_027,MACH_004,Post-Etch,95.83,2,None,91.31,118.17,247.33,52.96,120.18,462.78,2024-01-15 23:30:00
WF_001416,BATCH_019,MACH_004,Post-Etch,92.45,3,None,90.323,122.19,252.82,51.01,120.91,454.8,2024-01-15 23:45:00
WF_001417,BATCH_043,MACH_004,Post-Etch,90.04,5,Micro-crack,92.505,118.83,263.61,54.05,118.48,456.57,2024-01-16 00:00:00
WF_001418,BATCH_042,MACH_004,Post-Etch,96.35,2,None,90.658,118.21,250.4,51.41,121.55,457.71,2024-01-16 00:15:00
WF_001419,BATCH_015,MACH_003,Post-Etch,93.32,3,None,89.927,118.04,247.44,50.42,118.63,454.67,2024-01-16 00:30:00
WF_001420,BATCH_010,MACH_004,Post-Etch,94.53,3,None,90.277,119.59,244.71,51.76,120.93,459.87,2024-01-16 00:45:00
WF_001421,BATCH_020,MACH_002,Post-Etch,86.64,7,Photoresist Residue,92.826,122.13,251.53,56.63,120.58,439.92,2024-01-16 01:00:00
WF_001422,BATCH_047,MACH_003,Post-Etch,98.66,0,None,89.584,122.74,240.15,49.87,120.04,453.56,2024-01-16 01:15:00
WF_001423,BATCH_015,MACH_004,Post-Etch,95.34,2,None,90.054,123.12,250.2,48.73,120.37,445.22,2024-01-16 01:30:00
WF_001424,BATCH_043,MACH_005,Post-Etch,97.26,1,None,90.32,117.21,254.68,49.77,119.61,454.42,2024-01-16 01:45:00
WF_001425,BATCH_049,MACH_002,Post-Etch,91.84,4,Contamination,91.233,119.82,252.65,53.6,118.97,466.72,2024-01-16 02:00:00
WF_001426,BATCH_007,MACH_003,Post-Etch,93.82,3,None,91.517,121.26,250.83,54.23,119.09,461.89,2024-01-16 02:15:00
WF_001427,BATCH_047,MACH_002,Post-Etch,85.79,7,Etch Pit,93.362,121.84,248.34,58.2,120.12,446.31,2024-01-16 02:30:00
WF_001428,BATCH_037,MACH_004,Post-Etch,94.61,2,None,89.415,119.5,247.21,49.94,121.58,444.56,2024-01-16 02:45:00
WF_001429,BATCH_007,MACH_003,Post-Etch,90.0,5,Etch Pit,89.242,123.07,241.26,50.57,118.73,440.81,2024-01-16 03:00:00
WF_001430,BATCH_013,MACH_005,Post-Etch,87.76,6,Etch Pit,91.698,122.62,243.58,55.4,119.92,459.36,2024-01-16 03:15:00
WF_001431,BATCH_014,MACH_001,Post-Etch,95.51,2,None,90.269,115.26,247.56,49.93,119.71,453.98,2024-01-16 03:30:00
WF_001432,BATCH_003,MACH_004,Post-Etch,89.72,5,Etch Pit,89.578,123.6,255.71,48.42,120.09,445.15,2024-01-16 03:45:00
WF_001433,BATCH_008,MACH_005,Post-Etch,92.4,4,Photoresist Residue,90.811,117.0,263.35,51.18,120.62,455.36,2024-01-16 04:00:00
WF_001434,BATCH_044,MACH_001,Post-Etch,96.92,1,None,89.84,116.19,248.11,49.68,119.66,459.96,2024-01-16 04:15:00
WF_001435,BATCH_036,MACH_003,Post-Etch,95.54,2,None,88.932,117.11,253.13,46.76,119.77,425.92,2024-01-16 04:30:00
WF_001436,BATCH_018,MACH_004,Post-Etch,97.87,1,None,90.015,123.95,256.88,50.82,117.06,436.87,2024-01-16 04:45:00
WF_001437,BATCH_002,MACH_001,Post-Etch,93.64,3,None,90.824,117.43,252.26,52.69,118.02,456.77,2024-01-16 05:00:00
WF_001438,BATCH_022,MACH_002,Post-Etch,89.75,5,Etch Pit,90.856,116.31,255.3,51.2,119.46,482.16,2024-01-16 05:15:00
WF_001439,BATCH_013,MACH_001,Post-Etch,97.25,1,None,90.457,118.64,250.62,51.13,119.59,443.8,2024-01-16 05:30:00
WF_001440,BATCH_008,MACH_004,Post-Etch,95.45,2,None,89.019,124.28,247.67,48.88,119.61,434.98,2024-01-16 05:45:00
WF_001441,BATCH_001,MACH_002,Post-Etch,89.84,5,Pattern Distortion,91.119,124.78,249.42,51.94,120.72,467.92,2024-01-16 06:00:00
WF_001442,BATCH_037,MACH_001,Post-Etch,99.0,0,None,89.768,116.52,252.93,49.22,119.11,444.83,2024-01-16 06:15:00
WF_001443,BATCH_003,MACH_001,Post-Etch,91.87,4,Contamination,89.325,116.35,247.96,49.41,119.66,452.92,2024-01-16 06:30:00
WF_001444,BATCH_026,MACH_005,Post-Etch,91.43,4,Micro-crack,89.684,118.32,254.16,47.59,120.1,437.68,2024-01-16 06:45:00
WF_001445,BATCH_030,MACH_004,Post-Etch,91.4,4,Photoresist Residue,91.414,115.1,248.21,53.41,120.84,458.79,2024-01-16 07:00:00
WF_001446,BATCH_040,MACH_005,Post-Etch,97.87,1,None,90.944,124.6,258.57,50.74,122.37,457.65,2024-01-16 07:15:00
WF_001447,BATCH_009,MACH_003,Post-Etch,95.88,2,None,89.607,116.93,254.52,48.33,120.96,440.8,2024-01-16 07:30:00
WF_001448,BATCH_011,MACH_002,Post-Etch,93.58,3,None,92.667,124.32,249.01,55.33,120.02,448.52,2024-01-16 07:45:00
WF_001449,BATCH_036,MACH_003,Post-Etch,96.79,1,None,89.043,123.92,243.87,47.33,119.45,439.86,2024-01-16 08:00:00
WF_001450,BATCH_005,MACH_005,Post-Etch,96.81,1,None,89.183,121.66,253.3,48.23,121.0,438.49,2024-01-16 08:15:00
WF_001451,BATCH_012,MACH_001,Post-Etch,95.98,2,None,89.447,116.92,249.14,49.46,119.67,457.56,2024-01-16 08:30:00
WF_001452,BATCH_046,MACH_003,Post-Etch,86.16,7,Pattern Distortion,92.138,120.73,257.3,54.74,120.73,444.86,2024-01-16 08:45:00
WF_001453,BATCH_013,MACH_001,Post-Etch,93.05,3,None,89.976,124.47,249.91,50.75,120.49,433.64,2024-01-16 09:00:00
WF_001454,BATCH_008,MACH_004,Post-Etch,89.89,5,Photoresist Residue,89.783,121.03,256.99,49.6,120.11,431.36,2024-01-16 09:15:00
WF_001455,BATCH_025,MACH_005,Post-Etch,91.66,4,Contamination,90.104,117.27,243.58,50.74,119.74,439.82,2024-01-16 09:30:00
WF_001456,BATCH_040,MACH_004,Post-Etch,97.86,1,None,89.481,124.91,258.73,48.79,118.03,437.37,2024-01-16 09:45:00
WF_001457,BATCH_008,MACH_002,Post-Etch,94.19,3,None,91.033,121.29,252.31,52.34,121.39,433.55,2024-01-16 10:00:00
WF_001458,BATCH_006,MACH_001,Post-Etch,97.44,0,None,89.586,124.23,256.24,49.26,120.03,456.94,2024-01-16 10:15:00
WF_001459,BATCH_035,MACH_003,Post-Etch,96.65,1,None,89.586,122.18,251.08,49.22,121.1,448.97,2024-01-16 10:30:00
WF_001460,BATCH_014,MACH_002,Post-Etch,87.59,6,Photoresist Residue,91.745,118.93,254.23,53.55,120.7,454.82,2024-01-16 10:45:00
WF_001461,BATCH_020,MACH_005,Post-Etch,93.42,3,None,91.723,121.59,247.83,53.12,119.97,418.63,2024-01-16 11:00:00
WF_001462,BATCH_020,MACH_005,Post-Etch,94.65,2,None,88.794,116.74,248.88,46.8,120.65,458.39,2024-01-16 11:15:00
WF_001463,BATCH_028,MACH_001,Post-Etch,99.0,0,None,90.449,115.82,242.57,51.12,119.66,438.65,2024-01-16 11:30:00
WF_001464,BATCH_023,MACH_002,Post-Etch,94.47,2,None,89.133,120.86,243.06,48.75,120.17,441.67,2024-01-16 11:45:00
WF_001465,BATCH_021,MACH_001,Post-Etch,93.41,3,None,88.987,115.56,245.66,48.05,118.67,433.08,2024-01-16 12:00:00
WF_001466,BATCH_002,MACH_002,Post-Etch,97.59,1,None,90.676,115.93,251.83,52.54,117.59,460.56,2024-01-16 12:15:00
WF_001467,BATCH_022,MACH_001,Post-Etch,91.8,4,Etch Pit,90.809,120.11,241.53,53.62,119.09,452.63,2024-01-16 12:30:00
WF_001468,BATCH_046,MACH_005,Post-Etch,96.02,2,None,91.386,118.54,250.24,53.36,120.33,434.55,2024-01-16 12:45:00
WF_001469,BATCH_024,MACH_005,Post-Etch,91.54,4,Photoresist Residue,88.977,124.3,251.8,46.36,121.07,442.88,2024-01-16 13:00:00
WF_001470,BATCH_014,MACH_004,Post-Etch,92.74,3,None,88.951,123.27,245.72,47.67,120.2,454.79,2024-01-16 13:15:00
WF_001471,BATCH_007,MACH_003,Post-Etch,97.22,1,None,89.404,123.59,244.52,49.28,121.46,453.65,2024-01-16 13:30:00
WF_001472,BATCH_029,MACH_003,Post-Etch,90.06,5,Contamination,88.585,122.96,245.63,46.85,118.25,452.31,2024-01-16 13:45:00
WF_001473,BATCH_005,MACH_001,Post-Etch,90.93,5,Contamination,87.84,116.79,242.68,45.61,120.36,460.44,2024-01-16 14:00:00
WF_001474,BATCH_015,MACH_002,Post-Etch,93.29,3,None,91.506,122.48,251.86,53.35,120.37,450.23,2024-01-16 14:15:00
WF_001475,BATCH_044,MACH_001,Post-Etch,97.13,1,None,89.447,118.16,251.47,48.27,120.92,457.03,2024-01-16 14:30:00
WF_001476,BATCH_012,MACH_005,Post-Etch,96.97,1,None,90.068,122.1,245.82,50.64,120.41,440.51,2024-01-16 14:45:00
WF_001477,BATCH_011,MACH_005,Post-Etch,91.62,4,Etch Pit,90.379,115.56,254.76,49.19,119.59,436.12,2024-01-16 15:00:00
WF_001478,BATCH_017,MACH_004,Post-Etch,97.07,1,None,90.06,124.91,246.97,50.11,119.04,433.27,2024-01-16 15:15:00
WF_001479,BATCH_004,MACH_005,Post-Etch,99.0,0,None,90.052,122.02,245.7,51.48,119.26,448.23,2024-01-16 15:30:00
WF_001480,BATCH_012,MACH_001,Post-Etch,91.1,4,Etch Pit,91.176,115.43,252.12,52.5,120.04,444.81,2024-01-16 15:45:00
WF_001481,BATCH_027,MACH_005,Post-Etch,92.67,3,None,90.192,120.34,244.99,51.46,119.87,442.86,2024-01-16 16:00:00
WF_001482,BATCH_013,MACH_001,Post-Etch,98.74,0,None,89.542,123.77,245.57,49.42,120.18,459.39,2024-01-16 16:15:00
WF_001483,BATCH_022,MACH_004,Post-Etch,91.26,4,Etch Pit,90.041,120.15,240.91,51.38,120.5,447.47,2024-01-16 16:30:00
WF_001484,BATCH_041,MACH_005,Post-Etch,95.17,2,None,90.259,124.57,258.09,49.39,120.56,451.37,2024-01-16 16:45:00
WF_001485,BATCH_041,MACH_002,Post-Etch,89.74,5,Photoresist Residue,92.339,120.65,250.0,55.58,118.84,430.77,2024-01-16 17:00:00
WF_001486,BATCH_045,MACH_001,Post-Etch,82.14,9,Etch Pit,90.626,123.91,255.99,50.04,118.94,441.19,2024-01-16 17:15:00
WF_001487,BATCH_047,MACH_002,Post-Etch,93.45,3,None,89.927,120.95,241.44,51.08,118.91,468.12,2024-01-16 17:30:00
WF_001488,BATCH_013,MACH_005,Post-Etch,96.47,1,None,91.063,122.96,244.11,53.36,119.26,433.78,2024-01-16 17:45:00
WF_001489,BATCH_023,MACH_005,Post-Etch,97.16,1,None,90.619,115.42,250.62,51.96,118.01,451.76,2024-01-16 18:00:00
WF_001490,BATCH_038,MACH_001,Post-Etch,91.71,4,Etch Pit,91.603,123.25,261.4,51.48,120.34,454.16,2024-01-16 18:15:00
WF_001491,BATCH_042,MACH_003,Post-Etch,97.11,1,None,90.076,121.07,245.08,50.41,120.09,450.63,2024-01-16 18:30:00
WF_001492,BATCH_029,MACH_004,Post-Etch,82.91,9,Contamination,88.939,124.05,248.21,49.14,120.46,448.47,2024-01-16 18:45:00
WF_001493,BATCH_019,MACH_001,Post-Etch,93.88,3,None,88.336,121.14,246.56,47.29,120.75,448.19,2024-01-16 19:00:00
WF_001494,BATCH_045,MACH_003,Post-Etch,91.32,4,Etch Pit,89.054,123.07,250.71,48.83,121.24,446.55,2024-01-16 19:15:00
WF_001495,BATCH_008,MACH_002,Post-Etch,95.64,2,None,91.056,124.12,248.48,52.83,119.43,452.01,2024-01-16 19:30:00
WF_001496,BATCH_021,MACH_005,Post-Etch,93.64,3,None,91.098,123.06,258.07,52.46,118.86,464.76,2024-01-16 19:45:00
WF_001497,BATCH_038,MACH_003,Post-Etch,95.92,2,None,90.708,117.35,251.31,51.54,121.64,452.41,2024-01-16 20:00:00
WF_001498,BATCH_039,MACH_002,Post-Etch,96.24,2,None,91.359,116.82,240.71,53.58,119.27,459.28,2024-01-16 20:15:00
WF_001499,BATCH_022,MACH_001,Post-Etch,93.81,3,None,89.202,123.38,244.49,49.14,120.44,436.26,2024-01-16 20:30:00
WF_001500,BATCH_004,MACH_005,Post-Etch,96.98,1,None,89.643,117.43,251.53,47.91,119.0,455.08,2024-01-16 20:45:00
WF_001501,BATCH_028,MACH_001,Post-Etch,99.0,0,None,90.645,121.15,256.09,52.29,119.58,443.11,2024-01-16 21:00:00
WF_001502,BATCH_026,MACH_002,Post-Etch,92.59,3,None,92.654,120.87,253.06,55.96,120.17,458.97,2024-01-16 21:15:00
WF_001503,BATCH_007,MACH_004,Post-Etch,93.51,3,None,91.139,118.36,251.76,52.42,119.06,440.96,2024-01-16 21:30:00
WF_001504,BATCH_027,MACH_004,Post-Etch,94.83,2,None,90.367,118.67,250.73,50.31,120.94,466.09,2024-01-16 21:45:00
WF_001505,BATCH_031,MACH_003,Post-Etch,91.51,4,Photoresist Residue,88.831,122.17,254.87,47.4,120.11,445.39,2024-01-16 22:00:00
WF_001506,BATCH_003,MACH_004,Post-Etch,95.6,2,None,90.896,118.82,253.52,51.99,120.02,474.75,2024-01-16 22:15:00
WF_001507,BATCH_046,MACH_001,Post-Etch,91.53,4,Micro-crack,91.937,122.65,258.37,52.93,120.63,438.21,2024-01-16 22:30:00
WF_001508,BATCH_030,MACH_001,Post-Etch,95.53,2,None,89.209,118.85,246.49,49.81,120.19,460.33,2024-01-16 22:45:00
WF_001509,BATCH_008,MACH_005,Post-Etch,94.72,2,None,89.786,119.01,252.96,49.25,120.24,440.8,2024-01-16 23:00:00
WF_001510,BATCH_039,MACH_003,Post-Etch,99.0,0,None,89.804,118.45,249.39,50.48,119.18,446.35,2024-01-16 23:15:00
WF_001511,BATCH_018,MACH_002,Post-Etch,98.61,0,None,90.366,119.7,261.02,49.74,119.58,451.74,2024-01-16 23:30:00
WF_001512,BATCH_011,MACH_004,Post-Etch,91.86,4,Contamination,90.241,116.18,247.18,51.34,119.58,449.3,2024-01-16 23:45:00
WF_001513,BATCH_045,MACH_004,Post-Etch,95.19,2,None,90.18,121.57,251.21,49.4,119.17,437.27,2024-01-17 00:00:00
WF_001514,BATCH_018,MACH_005,Post-Etch,91.71,4,Contamination,91.764,124.27,251.68,52.53,119.61,461.19,2024-01-17 00:15:00
WF_001515,BATCH_020,MACH_003,Post-Etch,95.81,2,None,90.633,117.82,253.98,51.69,119.48,443.88,2024-01-17 00:30:00
WF_001516,BATCH_004,MACH_002,Post-Etch,89.08,5,Contamination,91.115,121.57,250.09,53.03,121.48,457.5,2024-01-17 00:45:00
WF_001517,BATCH_049,MACH_005,Post-Etch,95.91,2,None,90.659,117.86,252.23,51.86,121.15,452.71,2024-01-17 01:00:00
WF_001518,BATCH_028,MACH_004,Post-Etch,95.74,2,None,90.152,124.73,256.04,48.45,119.32,457.13,2024-01-17 01:15:00
WF_001519,BATCH_006,MACH_001,Post-Etch,95.11,2,None,88.991,119.86,247.25,46.55,119.26,449.8,2024-01-17 01:30:00
WF_001520,BATCH_041,MACH_004,Post-Etch,97.41,1,None,89.799,123.74,250.11,49.03,118.08,447.13,2024-01-17 01:45:00
WF_001521,BATCH_043,MACH_003,Post-Etch,93.14,3,None,90.155,123.4,244.28,50.78,120.01,451.65,2024-01-17 02:00:00
WF_001522,BATCH_050,MACH_003,Post-Etch,92.25,4,Contamination,90.667,119.59,245.7,51.12,119.75,441.43,2024-01-17 02:15:00
WF_001523,BATCH_043,MACH_002,Post-Etch,91.37,4,Photoresist Residue,92.004,124.53,254.59,55.05,121.71,440.02,2024-01-17 02:30:00
WF_001524,BATCH_019,MACH_002,Post-Etch,85.9,7,Photoresist Residue,94.092,118.62,257.04,58.5,121.9,438.67,2024-01-17 02:45:00
WF_001525,BATCH_031,MACH_005,Post-Etch,93.2,3,None,89.637,124.8,249.74,48.81,118.36,427.14,2024-01-17 03:00:00
WF_001526,BATCH_049,MACH_001,Post-Etch,93.35,3,None,89.505,122.71,249.85,48.45,119.22,456.13,2024-01-17 03:15:00
WF_001527,BATCH_014,MACH_004,Post-Etch,95.27,2,None,90.644,115.17,247.76,51.7,121.56,441.7,2024-01-17 03:30:00
WF_001528,BATCH_002,MACH_002,Post-Etch,91.36,4,Contamination,92.798,117.57,248.66,56.86,118.2,457.44,2024-01-17 03:45:00
WF_001529,BATCH_045,MACH_002,Post-Etch,91.9,4,Etch Pit,92.282,118.91,246.69,56.17,120.47,439.86,2024-01-17 04:00:00
WF_001530,BATCH_029,MACH_002,Post-Etch,90.43,5,Pattern Distortion,92.392,115.1,252.24,54.57,119.83,446.4,2024-01-17 04:15:00
WF_001531,BATCH_049,MACH_002,Post-Etch,91.98,4,Etch Pit,91.393,120.28,253.01,53.06,119.8,447.3,2024-01-17 04:30:00
WF_001532,BATCH_004,MACH_001,Post-Etch,97.15,1,None,89.67,116.25,253.85,49.06,119.62,439.9,2024-01-17 04:45:00
WF_001533,BATCH_012,MACH_004,Post-Etch,90.63,5,Photoresist Residue,89.888,118.16,241.33,50.67,121.26,482.3,2024-01-17 05:00:00
WF_001534,BATCH_038,MACH_005,Post-Etch,96.81,1,None,90.351,122.92,248.89,50.88,119.58,440.21,2024-01-17 05:15:00
WF_001535,BATCH_038,MACH_003,Post-Etch,96.99,1,None,90.839,120.16,250.59,51.83,119.58,434.03,2024-01-17 05:30:00
WF_001536,BATCH_039,MACH_005,Post-Etch,93.87,3,None,91.186,124.58,249.26,52.78,119.55,459.66,2024-01-17 05:45:00
WF_001537,BATCH_007,MACH_005,Post-Etch,97.17,1,None,89.485,120.34,233.35,51.19,118.03,443.93,2024-01-17 06:00:00
WF_001538,BATCH_045,MACH_005,Post-Etch,93.85,3,None,88.773,123.95,245.21,48.85,119.27,425.79,2024-01-17 06:15:00
WF_001539,BATCH_047,MACH_001,Post-Etch,92.45,4,Contamination,90.77,119.7,251.45,52.28,119.26,447.8,2024-01-17 06:30:00
WF_001540,BATCH_048,MACH_003,Post-Etch,93.96,3,None,89.018,116.22,249.4,48.87,119.75,450.14,2024-01-17 06:45:00
WF_001541,BATCH_041,MACH_005,Post-Etch,96.72,1,None,90.572,120.89,257.77,50.06,119.25,444.66,2024-01-17 07:00:00
WF_001542,BATCH_037,MACH_003,Post-Etch,94.69,3,None,90.2,124.08,254.94,50.13,118.69,451.56,2024-01-17 07:15:00
WF_001543,BATCH_008,MACH_004,Post-Etch,95.51,2,None,90.181,119.68,252.1,48.4,118.09,447.98,2024-01-17 07:30:00
WF_001544,BATCH_032,MACH_001,Post-Etch,95.04,2,None,91.211,118.34,250.49,52.06,119.57,436.68,2024-01-17 07:45:00
WF_001545,BATCH_020,MACH_005,Post-Etch,90.36,5,Photoresist Residue,88.778,121.11,250.88,46.99,119.27,441.57,2024-01-17 08:00:00
WF_001546,BATCH_032,MACH_004,Post-Etch,95.61,2,None,90.593,120.96,260.65,50.29,119.26,451.08,2024-01-17 08:15:00
WF_001547,BATCH_032,MACH_001,Post-Etch,95.52,2,None,90.639,116.76,248.8,51.86,120.49,459.56,2024-01-17 08:30:00
WF_001548,BATCH_045,MACH_003,Post-Etch,97.95,1,None,89.777,123.85,253.25,50.14,120.95,443.2,2024-01-17 08:45:00
WF_001549,BATCH_043,MACH_003,Post-Etch,99.0,0,None,89.737,119.37,245.15,50.04,117.97,454.19,2024-01-17 09:00:00
WF_001550,BATCH_029,MACH_004,Post-Etch,96.31,2,None,90.308,115.38,252.74,49.54,119.77,459.23,2024-01-17 09:15:00
WF_001551,BATCH_049,MACH_003,Post-Etch,93.6,3,None,90.517,120.93,250.38,51.08,117.58,453.8,2024-01-17 09:30:00
WF_001552,BATCH_033,MACH_002,Post-Etch,95.36,2,None,91.601,118.97,243.83,55.19,119.08,454.07,2024-01-17 09:45:00
WF_001553,BATCH_038,MACH_001,Post-Etch,91.23,4,Micro-crack,91.214,122.23,251.86,52.98,119.76,439.17,2024-01-17 10:00:00
WF_001554,BATCH_014,MACH_005,Post-Etch,94.81,2,None,91.27,115.34,244.31,53.94,120.55,469.24,2024-01-17 10:15:00
WF_001555,BATCH_011,MACH_001,Post-Etch,95.93,2,None,90.561,123.12,249.25,52.14,120.28,464.56,2024-01-17 10:30:00
WF_001556,BATCH_027,MACH_004,Post-Etch,95.5,2,None,90.415,119.79,241.83,51.69,119.22,441.97,2024-01-17 10:45:00
WF_001557,BATCH_048,MACH_004,Post-Etch,91.8,4,Micro-crack,89.52,124.82,251.9,49.42,119.2,458.93,2024-01-17 11:00:00
WF_001558,BATCH_011,MACH_002,Post-Etch,93.39,3,None,91.587,124.57,251.22,53.79,120.52,464.0,2024-01-17 11:15:00
WF_001559,BATCH_008,MACH_002,Post-Etch,92.9,3,None,90.917,119.38,250.31,52.43,119.54,458.83,2024-01-17 11:30:00
WF_001560,BATCH_025,MACH_003,Post-Etch,93.67,3,None,91.316,124.75,256.46,52.29,120.68,442.26,2024-01-17 11:45:00
WF_001561,BATCH_042,MACH_001,Post-Etch,97.34,1,None,89.944,120.8,253.11,49.37,120.31,442.77,2024-01-17 12:00:00
WF_001562,BATCH_044,MACH_003,Post-Etch,95.59,2,None,90.187,115.58,248.05,49.93,119.31,464.09,2024-01-17 12:15:00
WF_001563,BATCH_041,MACH_004,Post-Etch,96.88,1,None,89.949,115.06,245.69,50.26,118.76,443.82,2024-01-17 12:30:00
WF_001564,BATCH_050,MACH_001,Post-Etch,92.79,4,Photoresist Residue,90.904,122.93,254.39,51.01,120.45,445.62,2024-01-17 12:45:00
WF_001565,BATCH_015,MACH_005,Post-Etch,92.01,4,Photoresist Residue,89.537,121.04,246.0,50.16,120.33,452.27,2024-01-17 13:00:00
WF_001566,BATCH_044,MACH_005,Post-Etch,98.7,0,None,90.371,124.97,250.99,50.39,118.48,467.8,2024-01-17 13:15:00
WF_001567,BATCH_002,MACH_005,Post-Etch,95.04,2,None,89.236,124.45,252.03,47.06,119.78,452.44,2024-01-17 13:30:00
WF_001568,BATCH_041,MACH_004,Post-Etch,88.56,6,Micro-crack,90.752,124.07,258.28,50.34,121.86,445.1,2024-01-17 13:45:00
WF_001569,BATCH_043,MACH_004,Post-Etch,97.33,1,None,89.597,123.63,250.91,49.11,120.24,450.61,2024-01-17 14:00:00
WF_001570,BATCH_028,MACH_001,Post-Etch,93.57,3,None,88.438,118.52,247.26,46.57,120.18,456.16,2024-01-17 14:15:00
WF_001571,BATCH_046,MACH_002,Post-Etch,93.1,3,None,91.573,116.44,252.8,53.23,119.69,458.22,2024-01-17 14:30:00
WF_001572,BATCH_002,MACH_004,Post-Etch,95.4,2,None,89.559,118.9,253.17,48.01,121.14,446.55,2024-01-17 14:45:00
WF_001573,BATCH_004,MACH_002,Post-Etch,97.51,1,None,90.291,118.6,250.54,51.99,119.65,447.84,2024-01-17 15:00:00
WF_001574,BATCH_035,MACH_002,Post-Etch,93.41,4,Pattern Distortion,92.484,124.73,249.09,56.42,119.16,452.52,2024-01-17 15:15:00
WF_001575,BATCH_021,MACH_005,Post-Etch,93.94,3,None,89.667,115.1,249.84,48.7,120.83,443.56,2024-01-17 15:30:00
WF_001576,BATCH_049,MACH_003,Post-Etch,97.69,1,None,89.354,118.19,247.61,48.05,120.61,475.63,2024-01-17 15:45:00
WF_001577,BATCH_032,MACH_001,Post-Etch,96.15,2,None,90.414,124.89,250.28,49.85,121.04,451.46,2024-01-17 16:00:00
WF_001578,BATCH_041,MACH_001,Post-Etch,97.46,1,None,90.543,119.62,249.46,50.63,120.07,454.2,2024-01-17 16:15:00
WF_001579,BATCH_023,MACH_005,Post-Etch,97.29,1,None,89.721,115.14,244.14,50.94,120.34,447.93,2024-01-17 16:30:00
WF_001580,BATCH_037,MACH_003,Post-Etch,95.48,2,None,88.948,121.88,244.0,47.39,120.91,448.93,2024-01-17 16:45:00
WF_001581,BATCH_033,MACH_005,Post-Etch,89.93,5,Photoresist Residue,91.938,117.82,256.4,54.02,119.71,446.85,2024-01-17 17:00:00
WF_001582,BATCH_042,MACH_002,Post-Etch,95.26,2,None,90.348,121.39,251.3,51.31,120.11,442.03,2024-01-17 17:15:00
WF_001583,BATCH_029,MACH_003,Post-Etch,95.57,2,None,90.854,117.17,250.86,52.16,119.65,450.07,2024-01-17 17:30:00
WF_001584,BATCH_037,MACH_001,Post-Etch,96.28,1,None,90.919,122.31,251.63,50.77,118.98,452.47,2024-01-17 17:45:00
WF_001585,BATCH_001,MACH_005,Post-Etch,94.32,3,None,90.575,124.01,251.26,50.87,120.67,448.08,2024-01-17 18:00:00
WF_001586,BATCH_049,MACH_005,Post-Etch,91.94,4,Pattern Distortion,90.419,123.67,251.06,50.68,119.71,460.86,2024-01-17 18:15:00
WF_001587,BATCH_005,MACH_001,Post-Etch,97.39,1,None,89.385,120.38,243.99,50.25,117.7,444.52,2024-01-17 18:30:00
WF_001588,BATCH_003,MACH_003,Post-Etch,94.29,3,None,91.26,121.6,246.67,52.85,121.19,458.57,2024-01-17 18:45:00
WF_001589,BATCH_004,MACH_002,Post-Etch,89.15,5,Micro-crack,93.309,118.18,245.99,59.06,120.09,453.88,2024-01-17 19:00:00
WF_001590,BATCH_022,MACH_003,Post-Etch,94.14,3,None,90.794,122.79,250.82,51.22,120.32,442.62,2024-01-17 19:15:00
WF_001591,BATCH_031,MACH_003,Post-Etch,93.55,3,None,89.44,119.94,252.34,49.17,119.33,453.39,2024-01-17 19:30:00
WF_001592,BATCH_031,MACH_003,Post-Etch,95.33,2,None,88.936,116.41,256.55,46.66,118.58,449.16,2024-01-17 19:45:00
WF_001593,BATCH_026,MACH_002,Post-Etch,88.64,6,Contamination,92.189,124.19,247.77,55.71,119.66,446.39,2024-01-17 20:00:00
WF_001594,BATCH_049,MACH_001,Post-Etch,91.67,4,Micro-crack,91.231,118.0,252.87,52.18,119.58,440.43,2024-01-17 20:15:00
WF_001595,BATCH_007,MACH_005,Post-Etch,95.75,2,None,90.406,124.42,246.59,52.14,118.98,448.75,2024-01-17 20:30:00
WF_001596,BATCH_025,MACH_001,Post-Etch,91.5,4,Contamination,89.313,115.18,253.62,47.69,120.46,439.28,2024-01-17 20:45:00
WF_001597,BATCH_050,MACH_001,Post-Etch,92.6,4,Micro-crack,90.69,115.49,250.69,51.5,120.29,446.6,2024-01-17 21:00:00
WF_001598,BATCH_037,MACH_002,Post-Etch,97.02,1,None,90.84,115.46,245.93,52.62,120.42,439.25,2024-01-17 21:15:00
WF_001599,BATCH_041,MACH_001,Post-Etch,90.02,5,Micro-crack,91.565,123.68,259.65,52.05,120.45,445.7,2024-01-17 21:30:00
WF_001600,BATCH_009,MACH_004,Post-Etch,95.39,2,None,89.841,117.37,248.39,50.94,120.08,453.95,2024-01-17 21:45:00
WF_001601,BATCH_037,MACH_004,Post-Etch,97.29,1,None,89.991,117.19,247.9,50.44,121.17,463.54,2024-01-17 22:00:00
WF_001602,BATCH_031,MACH_001,Post-Etch,97.41,1,None,90.272,122.67,246.73,50.96,119.03,445.46,2024-01-17 22:15:00
WF_001603,BATCH_050,MACH_003,Post-Etch,95.15,2,None,89.334,117.33,253.54,48.11,119.78,453.95,2024-01-17 22:30:00
WF_001604,BATCH_030,MACH_004,Post-Etch,95.51,2,None,89.173,117.97,244.04,48.59,120.1,453.1,2024-01-17 22:45:00
WF_001605,BATCH_004,MACH_002,Post-Etch,92.02,4,Etch Pit,91.187,121.01,256.86,51.59,119.18,447.16,2024-01-17 23:00:00
WF_001606,BATCH_037,MACH_004,Post-Etch,91.93,4,Etch Pit,91.053,116.75,249.84,52.26,117.24,430.16,2024-01-17 23:15:00
WF_001607,BATCH_035,MACH_005,Post-Etch,94.14,3,None,91.184,118.31,252.6,50.99,119.97,431.26,2024-01-17 23:30:00
WF_001608,BATCH_020,MACH_001,Post-Etch,93.35,3,None,89.803,119.77,239.2,50.09,119.85,441.24,2024-01-17 23:45:00
WF_001609,BATCH_017,MACH_005,Post-Etch,92.95,3,None,90.293,115.44,247.37,50.88,118.11,451.73,2024-01-18 00:00:00
WF_001610,BATCH_003,MACH_001,Post-Etch,92.34,3,None,90.782,122.48,257.07,51.17,118.76,449.58,2024-01-18 00:15:00
WF_001611,BATCH_049,MACH_003,Post-Etch,93.97,3,None,91.27,122.07,254.56,50.85,121.68,460.06,2024-01-18 00:30:00
WF_001612,BATCH_021,MACH_003,Post-Etch,95.2,2,None,89.886,119.65,247.45,48.58,121.67,436.15,2024-01-18 00:45:00
WF_001613,BATCH_044,MACH_004,Post-Etch,96.91,1,None,89.198,120.69,247.46,48.6,118.86,450.89,2024-01-18 01:00:00
WF_001614,BATCH_045,MACH_002,Post-Etch,94.83,2,None,91.009,122.49,255.78,52.39,118.82,470.97,2024-01-18 01:15:00
WF_001615,BATCH_007,MACH_003,Post-Etch,86.24,7,Photoresist Residue,87.867,123.28,241.52,47.12,117.35,446.36,2024-01-18 01:30:00
WF_001616,BATCH_016,MACH_005,Post-Etch,96.52,1,None,90.014,117.78,253.45,49.22,121.59,437.48,2024-01-18 01:45:00
WF_001617,BATCH_014,MACH_002,Post-Etch,91.69,5,Micro-crack,90.866,121.99,240.45,52.95,118.48,444.22,2024-01-18 02:00:00
WF_001618,BATCH_029,MACH_004,Post-Etch,95.13,2,None,89.441,115.34,248.45,49.82,120.56,450.58,2024-01-18 02:15:00
WF_001619,BATCH_018,MACH_004,Post-Etch,95.56,2,None,90.043,119.47,251.92,50.04,121.23,434.2,2024-01-18 02:30:00
WF_001620,BATCH_021,MACH_001,Post-Etch,93.69,3,None,88.052,115.47,242.15,46.96,120.44,429.29,2024-01-18 02:45:00
WF_001621,BATCH_045,MACH_005,Post-Etch,95.71,2,None,89.974,115.49,256.01,48.41,119.93,440.22,2024-01-18 03:00:00
WF_001622,BATCH_043,MACH_003,Post-Etch,95.04,2,None,90.539,119.95,251.71,51.65,119.95,438.56,2024-01-18 03:15:00
WF_001623,BATCH_016,MACH_005,Post-Etch,88.33,6,Pattern Distortion,92.062,123.57,245.53,54.28,120.9,457.14,2024-01-18 03:30:00
WF_001624,BATCH_014,MACH_001,Post-Etch,90.19,5,Contamination,89.65,123.07,252.92,49.74,119.24,456.57,2024-01-18 03:45:00
WF_001625,BATCH_010,MACH_005,Post-Etch,94.79,2,None,89.781,119.21,250.43,49.64,120.23,447.26,2024-01-18 04:00:00
WF_001626,BATCH_035,MACH_001,Post-Etch,88.92,6,Contamination,88.302,117.35,239.98,47.76,121.55,432.13,2024-01-18 04:15:00
WF_001627,BATCH_036,MACH_005,Post-Etch,93.58,3,None,89.945,115.32,249.43,49.9,120.55,429.11,2024-01-18 04:30:00
WF_001628,BATCH_049,MACH_003,Post-Etch,93.56,3,None,91.206,117.79,257.12,50.86,121.5,443.08,2024-01-18 04:45:00
WF_001629,BATCH_049,MACH_005,Post-Etch,91.45,4,Photoresist Residue,90.427,118.84,256.19,50.23,120.24,437.57,2024-01-18 05:00:00
WF_001630,BATCH_002,MACH_003,Post-Etch,94.65,3,None,89.127,118.4,252.21,46.89,119.93,442.06,2024-01-18 05:15:00
WF_001631,BATCH_045,MACH_005,Post-Etch,93.92,3,None,89.551,116.68,244.29,49.83,120.94,440.93,2024-01-18 05:30:00
WF_001632,BATCH_046,MACH_004,Post-Etch,99.0,0,None,90.62,118.79,251.1,51.31,120.12,447.4,2024-01-18 05:45:00
WF_001633,BATCH_036,MACH_002,Post-Etch,91.98,4,Micro-crack,90.735,118.29,254.93,51.51,119.82,439.95,2024-01-18 06:00:00
WF_001634,BATCH_047,MACH_004,Post-Etch,97.73,1,None,89.743,117.35,251.39,50.74,120.34,454.01,2024-01-18 06:15:00
WF_001635,BATCH_030,MACH_001,Post-Etch,84.97,8,Micro-crack,89.396,118.72,250.19,48.54,118.97,454.79,2024-01-18 06:30:00
WF_001636,BATCH_005,MACH_001,Post-Etch,96.98,1,None,89.181,119.36,250.25,49.19,119.61,445.83,2024-01-18 06:45:00
WF_001637,BATCH_030,MACH_001,Post-Etch,93.71,3,None,88.835,116.73,242.52,47.52,119.0,443.34,2024-01-18 07:00:00
WF_001638,BATCH_039,MACH_003,Post-Etch,93.23,3,None,90.782,122.75,249.7,50.38,120.76,434.25,2024-01-18 07:15:00
WF_001639,BATCH_024,MACH_005,Post-Etch,95.26,2,None,89.503,121.98,257.54,48.54,119.5,477.22,2024-01-18 07:30:00
WF_001640,BATCH_019,MACH_003,Post-Etch,95.37,2,None,88.289,118.08,247.65,47.17,120.12,437.97,2024-01-18 07:45:00
WF_001641,BATCH_042,MACH_003,Post-Etch,94.05,3,None,90.542,122.42,243.08,52.45,117.89,447.17,2024-01-18 08:00:00
WF_001642,BATCH_024,MACH_004,Post-Etch,96.5,1,None,89.582,116.16,246.2,48.27,120.69,438.2,2024-01-18 08:15:00
WF_001643,BATCH_013,MACH_005,Post-Etch,93.91,3,None,90.483,119.51,257.99,50.23,119.89,443.62,2024-01-18 08:30:00
WF_001644,BATCH_033,MACH_004,Post-Etch,95.59,2,None,89.672,118.51,254.25,48.27,120.15,444.78,2024-01-18 08:45:00
WF_001645,BATCH_014,MACH_003,Post-Etch,90.43,5,Pattern Distortion,90.681,117.04,254.81,51.59,119.65,446.53,2024-01-18 09:00:00
WF_001646,BATCH_031,MACH_005,Post-Etch,94.95,2,None,91.576,118.18,256.52,53.09,118.99,431.25,2024-01-18 09:15:00
WF_001647,BATCH_005,MACH_001,Post-Etch,97.85,1,None,90.877,121.51,251.39,52.22,120.46,468.22,2024-01-18 09:30:00
WF_001648,BATCH_029,MACH_005,Post-Etch,92.65,4,Pattern Distortion,90.983,124.97,261.0,51.73,118.27,456.17,2024-01-18 09:45:00
WF_001649,BATCH_046,MACH_003,Post-Etch,93.5,3,None,90.447,115.14,258.21,49.84,119.71,459.88,2024-01-18 10:00:00
WF_001650,BATCH_049,MACH_002,Post-Etch,95.42,2,None,90.802,122.32,247.63,53.2,119.94,464.6,2024-01-18 10:15:00
WF_001651,BATCH_009,MACH_005,Post-Etch,92.0,4,Photoresist Residue,89.316,117.35,250.7,48.19,120.31,453.45,2024-01-18 10:30:00
WF_001652,BATCH_001,MACH_003,Post-Etch,96.61,1,None,90.561,124.11,249.88,52.78,119.3,441.97,2024-01-18 10:45:00
WF_001653,BATCH_050,MACH_003,Post-Etch,95.53,2,None,89.674,120.92,239.87,49.78,119.53,436.67,2024-01-18 11:00:00
WF_001654,BATCH_013,MACH_001,Post-Etch,92.05,4,Etch Pit,90.348,119.51,248.66,51.52,118.55,448.23,2024-01-18 11:15:00
WF_001655,BATCH_039,MACH_001,Post-Etch,97.77,1,None,89.86,117.34,246.06,50.9,119.8,440.14,2024-01-18 11:30:00
WF_001656,BATCH_013,MACH_003,Post-Etch,98.7,0,None,89.668,122.41,254.25,49.58,120.76,454.42,2024-01-18 11:45:00
WF_001657,BATCH_019,MACH_004,Post-Etch,94.62,2,None,88.124,116.52,253.05,44.75,119.84,450.63,2024-01-18 12:00:00
WF_001658,BATCH_031,MACH_005,Post-Etch,95.49,2,None,90.675,120.27,251.12,51.47,118.75,442.02,2024-01-18 12:15:00
WF_001659,BATCH_043,MACH_002,Post-Etch,93.73,3,None,92.354,124.4,254.7,55.83,121.94,445.62,2024-01-18 12:30:00
WF_001660,BATCH_013,MACH_001,Post-Etch,93.61,3,None,91.458,120.32,257.74,52.97,118.05,449.97,2024-01-18 12:45:00
WF_001661,BATCH_049,MACH_001,Post-Etch,95.56,2,None,90.764,122.38,251.29,51.9,118.5,447.47,2024-01-18 13:00:00
WF_001662,BATCH_035,MACH_002,Post-Etch,92.97,3,None,91.783,122.02,246.39,55.72,118.7,434.39,2024-01-18 13:15:00
WF_001663,BATCH_015,MACH_002,Post-Etch,92.4,4,Pattern Distortion,90.811,124.74,255.3,51.41,120.44,450.61,2024-01-18 13:30:00
WF_001664,BATCH_026,MACH_002,Post-Etch,84.45,8,Pattern Distortion,92.019,123.7,250.62,53.81,118.81,459.96,2024-01-18 13:45:00
WF_001665,BATCH_025,MACH_005,Post-Etch,92.38,4,Photoresist Residue,90.508,119.48,247.74,52.25,120.66,444.31,2024-01-18 14:00:00
WF_001666,BATCH_039,MACH_003,Post-Etch,96.03,2,None,88.61,122.49,246.9,48.07,119.89,443.35,2024-01-18 14:15:00
WF_001667,BATCH_020,MACH_005,Post-Etch,91.64,4,Micro-crack,90.399,124.91,254.68,52.25,120.31,459.64,2024-01-18 14:30:00
WF_001668,BATCH_013,MACH_001,Post-Etch,87.71,6,Pattern Distortion,91.806,119.32,261.29,53.99,119.33,433.93,2024-01-18 14:45:00
WF_001669,BATCH_046,MACH_004,Post-Etch,90.09,5,Pattern Distortion,92.211,121.03,260.01,54.78,119.72,459.29,2024-01-18 15:00:00
WF_001670,BATCH_020,MACH_002,Post-Etch,97.55,1,None,90.548,121.79,252.49,50.27,118.11,444.48,2024-01-18 15:15:00
WF_001671,BATCH_047,MACH_003,Post-Etch,93.36,3,None,91.003,119.6,253.93,52.18,119.3,443.11,2024-01-18 15:30:00
WF_001672,BATCH_025,MACH_004,Post-Etch,96.74,1,None,90.623,123.75,259.28,50.06,118.41,450.3,2024-01-18 15:45:00
WF_001673,BATCH_040,MACH_005,Post-Etch,98.3,1,None,89.534,117.73,250.64,48.77,119.44,443.51,2024-01-18 16:00:00
WF_001674,BATCH_030,MACH_002,Post-Etch,82.19,9,Etch Pit,93.042,118.61,244.47,57.12,121.5,481.41,2024-01-18 16:15:00
WF_001675,BATCH_049,MACH_002,Post-Etch,92.36,4,Etch Pit,91.099,120.15,246.61,52.53,119.65,453.33,2024-01-18 16:30:00
WF_001676,BATCH_003,MACH_005,Post-Etch,91.19,4,Etch Pit,91.641,122.66,249.88,53.45,120.1,444.39,2024-01-18 16:45:00
WF_001677,BATCH_005,MACH_005,Post-Etch,83.98,8,Etch Pit,88.598,116.97,247.67,46.86,119.9,459.18,2024-01-18 17:00:00
WF_001678,BATCH_030,MACH_001,Post-Etch,96.94,1,None,89.381,120.57,251.01,49.2,119.42,463.38,2024-01-18 17:15:00
WF_001679,BATCH_024,MACH_003,Post-Etch,97.32,1,None,89.346,120.89,250.33,47.0,119.33,460.25,2024-01-18 17:30:00
WF_001680,BATCH_032,MACH_005,Post-Etch,96.75,1,None,91.263,124.97,251.21,54.35,120.51,444.49,2024-01-18 17:45:00
WF_001681,BATCH_025,MACH_005,Post-Etch,90.22,5,Etch Pit,88.819,124.16,247.13,47.12,121.13,442.89,2024-01-18 18:00:00
WF_001682,BATCH_013,MACH_004,Post-Etch,89.91,5,Photoresist Residue,90.773,119.51,250.28,51.33,117.76,465.44,2024-01-18 18:15:00
WF_001683,BATCH_009,MACH_003,Post-Etch,87.53,6,Etch Pit,89.817,117.95,246.51,49.4,119.38,446.07,2024-01-18 18:30:00
WF_001684,BATCH_021,MACH_001,Post-Etch,95.41,2,None,90.582,120.41,250.4,52.8,120.57,452.53,2024-01-18 18:45:00
WF_001685,BATCH_039,MACH_003,Post-Etch,96.95,1,None,90.541,120.98,250.81,51.28,119.86,459.55,2024-01-18 19:00:00
WF_001686,BATCH_025,MACH_005,Post-Etch,96.89,1,None,90.127,120.31,251.14,50.03,120.13,440.88,2024-01-18 19:15:00
WF_001687,BATCH_009,MACH_005,Post-Etch,97.18,1,None,88.734,117.06,249.6,48.09,119.54,445.88,2024-01-18 19:30:00
WF_001688,BATCH_015,MACH_003,Post-Etch,92.83,3,None,90.038,120.58,253.34,49.08,119.63,437.02,2024-01-18 19:45:00
WF_001689,BATCH_047,MACH_003,Post-Etch,91.22,4,Contamination,89.753,121.52,246.09,48.82,119.89,449.56,2024-01-18 20:00:00
WF_001690,BATCH_042,MACH_005,Post-Etch,99.0,0,None,89.764,120.15,251.4,48.83,121.09,461.33,2024-01-18 20:15:00
WF_001691,BATCH_002,MACH_002,Post-Etch,89.58,5,Contamination,92.195,117.96,254.85,54.29,120.35,441.54,2024-01-18 20:30:00
WF_001692,BATCH_001,MACH_001,Post-Etch,96.25,2,None,89.709,115.74,251.46,48.95,121.11,451.39,2024-01-18 20:45:00
WF_001693,BATCH_020,MACH_001,Post-Etch,95.45,2,None,88.895,117.81,245.88,48.52,119.17,452.71,2024-01-18 21:00:00
WF_001694,BATCH_026,MACH_005,Post-Etch,94.9,2,None,89.396,119.19,244.94,49.0,118.88,460.78,2024-01-18 21:15:00
WF_001695,BATCH_010,MACH_004,Post-Etch,95.86,2,None,90.464,118.67,254.17,51.69,118.26,459.71,2024-01-18 21:30:00
WF_001696,BATCH_047,MACH_005,Post-Etch,97.47,1,None,89.124,117.5,247.81,48.38,119.18,455.74,2024-01-18 21:45:00
WF_001697,BATCH_047,MACH_001,Post-Etch,94.16,3,None,90.437,115.84,253.19,51.51,119.43,457.21,2024-01-18 22:00:00
WF_001698,BATCH_047,MACH_002,Post-Etch,93.54,3,None,92.603,116.33,248.33,56.35,118.44,447.66,2024-01-18 22:15:00
WF_001699,BATCH_011,MACH_003,Post-Etch,97.44,1,None,90.215,115.31,246.83,50.44,120.49,448.27,2024-01-18 22:30:00
WF_001700,BATCH_033,MACH_005,Post-Etch,95.69,2,None,89.666,120.04,248.86,49.39,118.77,468.5,2024-01-18 22:45:00
WF_001701,BATCH_013,MACH_005,Post-Etch,98.66,0,None,89.897,121.02,242.3,50.23,120.48,432.42,2024-01-18 23:00:00
WF_001702,BATCH_038,MACH_003,Post-Etch,94.49,3,None,90.215,118.37,243.64,50.81,118.69,443.16,2024-01-18 23:15:00
WF_001703,BATCH_029,MACH_004,Post-Etch,95.55,2,None,88.263,122.48,243.93,47.09,121.15,443.78,2024-01-18 23:30:00
WF_001704,BATCH_005,MACH_005,Post-Etch,97.59,1,None,90.132,117.41,237.41,50.62,120.11,451.88,2024-01-18 23:45:00
WF_001705,BATCH_031,MACH_003,Post-Etch,97.25,1,None,91.08,119.03,249.46,51.96,118.73,456.42,2024-01-19 00:00:00
WF_001706,BATCH_027,MACH_003,Post-Etch,98.07,0,None,90.447,121.41,248.45,51.64,120.72,453.93,2024-01-19 00:15:00
WF_001707,BATCH_041,MACH_003,Post-Etch,95.74,2,None,89.007,115.47,253.12,47.62,120.59,462.03,2024-01-19 00:30:00
WF_001708,BATCH_027,MACH_002,Post-Etch,89.86,5,Etch Pit,88.853,122.52,240.41,49.15,118.82,458.17,2024-01-19 00:45:00
WF_001709,BATCH_021,MACH_005,Post-Etch,95.05,2,None,90.241,121.44,248.08,50.14,119.2,463.3,2024-01-19 01:00:00
WF_001710,BATCH_037,MACH_004,Post-Etch,95.46,2,None,89.53,123.41,248.71,48.83,119.61,436.86,2024-01-19 01:15:00
WF_001711,BATCH_020,MACH_004,Post-Etch,92.67,4,Pattern Distortion,89.136,124.76,237.59,50.42,121.05,445.23,2024-01-19 01:30:00
WF_001712,BATCH_028,MACH_004,Post-Etch,93.68,3,None,90.157,115.7,246.96,51.37,119.97,465.52,2024-01-19 01:45:00
WF_001713,BATCH_015,MACH_001,Post-Etch,91.91,4,Pattern Distortion,89.54,124.97,251.98,49.36,118.89,443.06,2024-01-19 02:00:00
WF_001714,BATCH_010,MACH_005,Post-Etch,95.5,2,None,91.212,119.74,239.76,52.75,119.98,447.47,2024-01-19 02:15:00
WF_001715,BATCH_033,MACH_001,Post-Etch,93.73,3,None,88.31,116.04,250.62,45.8,120.4,445.42,2024-01-19 02:30:00
WF_001716,BATCH_046,MACH_005,Post-Etch,91.71,4,Pattern Distortion,88.567,118.19,244.29,48.28,120.43,455.46,2024-01-19 02:45:00
WF_001717,BATCH_003,MACH_005,Post-Etch,98.86,0,None,90.297,120.65,249.98,51.12,119.77,444.92,2024-01-19 03:00:00
WF_001718,BATCH_028,MACH_001,Post-Etch,88.02,6,Pattern Distortion,90.879,117.97,256.85,50.94,118.93,464.63,2024-01-19 03:15:00
WF_001719,BATCH_005,MACH_002,Post-Etch,93.37,3,None,91.605,122.45,247.75,54.53,119.12,436.81,2024-01-19 03:30:00
WF_001720,BATCH_045,MACH_003,Post-Etch,95.02,2,None,89.668,115.73,250.48,48.67,119.63,452.96,2024-01-19 03:45:00
WF_001721,BATCH_047,MACH_001,Post-Etch,93.48,3,None,91.062,124.49,250.88,51.75,119.91,439.47,2024-01-19 04:00:00
WF_001722,BATCH_004,MACH_002,Post-Etch,89.76,5,Photoresist Residue,92.046,117.8,261.21,52.34,119.51,447.34,2024-01-19 04:15:00
WF_001723,BATCH_040,MACH_001,Post-Etch,92.97,3,None,89.348,115.14,250.81,48.2,120.11,442.72,2024-01-19 04:30:00
WF_001724,BATCH_035,MACH_001,Post-Etch,98.88,0,None,89.991,123.09,250.81,50.59,120.27,451.39,2024-01-19 04:45:00
WF_001725,BATCH_045,MACH_002,Post-Etch,92.13,4,Photoresist Residue,92.425,124.01,257.02,54.68,123.0,451.05,2024-01-19 05:00:00
WF_001726,BATCH_038,MACH_005,Post-Etch,97.86,1,None,90.495,117.87,240.72,52.18,118.11,468.61,2024-01-19 05:15:00
WF_001727,BATCH_034,MACH_003,Post-Etch,97.14,1,None,90.008,120.4,248.7,50.12,119.21,454.81,2024-01-19 05:30:00
WF_001728,BATCH_024,MACH_004,Post-Etch,94.03,3,None,90.045,117.38,254.03,50.18,119.99,453.13,2024-01-19 05:45:00
WF_001729,BATCH_043,MACH_001,Post-Etch,93.67,3,None,88.227,120.11,248.68,44.74,119.82,437.52,2024-01-19 06:00:00
WF_001730,BATCH_019,MACH_004,Post-Etch,90.32,5,Micro-crack,91.182,118.42,246.87,52.06,119.04,453.95,2024-01-19 06:15:00
WF_001731,BATCH_010,MACH_004,Post-Etch,95.39,2,None,90.12,116.07,250.62,50.19,120.04,443.48,2024-01-19 06:30:00
WF_001732,BATCH_012,MACH_003,Post-Etch,98.27,0,None,90.127,115.19,256.12,50.75,121.71,448.23,2024-01-19 06:45:00
WF_001733,BATCH_023,MACH_005,Post-Etch,95.03,2,None,90.255,123.18,256.15,49.28,121.22,439.46,2024-01-19 07:00:00
WF_001734,BATCH_048,MACH_001,Post-Etch,92.34,4,Contamination,89.108,115.7,250.49,47.8,119.6,451.62,2024-01-19 07:15:00
WF_001735,BATCH_022,MACH_005,Post-Etch,92.06,4,Pattern Distortion,91.802,122.98,264.93,52.44,119.59,457.59,2024-01-19 07:30:00
WF_001736,BATCH_032,MACH_004,Post-Etch,98.72,0,None,90.253,124.99,247.38,50.29,118.56,434.1,2024-01-19 07:45:00
WF_001737,BATCH_008,MACH_004,Post-Etch,99.0,0,None,90.659,119.32,255.83,50.97,120.78,457.78,2024-01-19 08:00:00
WF_001738,BATCH_025,MACH_002,Post-Etch,89.24,6,Photoresist Residue,92.03,119.01,248.38,54.18,120.17,452.68,2024-01-19 08:15:00
WF_001739,BATCH_049,MACH_002,Post-Etch,89.01,6,Photoresist Residue,92.479,121.4,252.53,53.96,119.82,447.92,2024-01-19 08:30:00
WF_001740,BATCH_037,MACH_003,Post-Etch,99.0,0,None,90.185,115.68,259.65,48.91,119.62,437.77,2024-01-19 08:45:00
WF_001741,BATCH_019,MACH_001,Post-Etch,91.38,4,Pattern Distortion,90.274,117.97,246.54,51.33,119.15,443.5,2024-01-19 09:00:00
WF_001742,BATCH_037,MACH_003,Post-Etch,93.76,3,None,88.782,124.38,252.55,46.78,119.96,453.86,2024-01-19 09:15:00
WF_001743,BATCH_045,MACH_002,Post-Etch,91.26,5,Micro-crack,92.378,119.95,248.07,57.74,119.25,452.16,2024-01-19 09:30:00
WF_001744,BATCH_024,MACH_005,Post-Etch,97.51,1,None,89.667,117.76,250.67,48.81,118.85,431.74,2024-01-19 09:45:00
WF_001745,BATCH_004,MACH_003,Post-Etch,96.08,2,None,89.655,119.62,249.97,48.93,121.69,441.63,2024-01-19 10:00:00
WF_001746,BATCH_026,MACH_001,Post-Etch,89.93,5,Etch Pit,89.241,121.8,249.15,48.65,121.3,447.93,2024-01-19 10:15:00
WF_001747,BATCH_032,MACH_005,Post-Etch,93.82,3,None,90.179,123.64,244.1,50.71,120.36,450.91,2024-01-19 10:30:00
WF_001748,BATCH_018,MACH_003,Post-Etch,95.19,2,None,89.638,124.26,250.67,48.32,121.14,455.71,2024-01-19 10:45:00
WF_001749,BATCH_033,MACH_001,Post-Etch,90.68,5,Photoresist Residue,91.083,120.79,256.67,51.6,119.88,443.26,2024-01-19 11:00:00
WF_001750,BATCH_020,MACH_005,Post-Etch,87.85,6,Contamination,88.458,115.42,246.59,46.62,119.42,460.78,2024-01-19 11:15:00
WF_001751,BATCH_015,MACH_005,Post-Etch,95.02,3,None,88.41,115.62,249.81,45.75,119.97,460.76,2024-01-19 11:30:00
WF_001752,BATCH_020,MACH_001,Post-Etch,95.43,2,None,89.869,121.63,252.77,49.88,120.85,454.41,2024-01-19 11:45:00
WF_001753,BATCH_015,MACH_001,Post-Etch,96.66,1,None,88.759,120.09,249.43,47.73,119.77,443.98,2024-01-19 12:00:00
WF_001754,BATCH_025,MACH_005,Post-Etch,97.32,1,None,88.966,123.22,244.47,48.34,119.68,436.6,2024-01-19 12:15:00
WF_001755,BATCH_023,MACH_001,Post-Etch,97.05,1,None,90.331,117.78,255.25,49.17,121.32,450.36,2024-01-19 12:30:00
WF_001756,BATCH_044,MACH_004,Post-Etch,95.21,2,None,90.839,116.41,248.31,52.3,120.29,442.41,2024-01-19 12:45:00
WF_001757,BATCH_047,MACH_004,Post-Etch,95.91,2,None,89.474,118.87,249.19,48.47,119.22,458.15,2024-01-19 13:00:00
WF_001758,BATCH_045,MACH_005,Post-Etch,90.16,5,Micro-crack,88.082,116.03,242.0,45.82,121.44,465.99,2024-01-19 13:15:00
WF_001759,BATCH_013,MACH_003,Post-Etch,97.49,1,None,90.589,118.1,251.77,51.38,120.85,437.9,2024-01-19 13:30:00
WF_001760,BATCH_005,MACH_005,Post-Etch,97.22,1,None,89.915,123.09,249.93,49.72,119.22,439.44,2024-01-19 13:45:00
WF_001761,BATCH_031,MACH_004,Post-Etch,88.45,6,Photoresist Residue,90.818,121.85,246.18,53.28,120.04,437.07,2024-01-19 14:00:00
WF_001762,BATCH_004,MACH_003,Post-Etch,93.96,3,None,89.203,120.81,253.04,47.93,118.51,457.99,2024-01-19 14:15:00
WF_001763,BATCH_027,MACH_001,Post-Etch,96.58,1,None,89.845,120.9,244.74,51.25,119.19,453.6,2024-01-19 14:30:00
WF_001764,BATCH_050,MACH_001,Post-Etch,90.56,5,Etch Pit,91.302,117.46,248.02,54.07,120.27,451.39,2024-01-19 14:45:00
WF_001765,BATCH_040,MACH_005,Post-Etch,94.37,3,None,90.263,120.69,251.77,50.76,120.46,466.99,2024-01-19 15:00:00
WF_001766,BATCH_035,MACH_004,Post-Etch,93.35,3,None,89.693,118.76,254.94,49.34,120.8,452.59,2024-01-19 15:15:00
WF_001767,BATCH_026,MACH_004,Post-Etch,95.0,2,None,90.509,117.0,243.58,52.19,121.2,449.92,2024-01-19 15:30:00
WF_001768,BATCH_047,MACH_005,Post-Etch,93.57,3,None,88.771,120.53,252.72,47.56,119.19,451.79,2024-01-19 15:45:00
WF_001769,BATCH_002,MACH_002,Post-Etch,98.75,0,None,90.305,123.17,248.63,51.12,119.22,446.22,2024-01-19 16:00:00
WF_001770,BATCH_037,MACH_002,Post-Etch,83.63,8,Photoresist Residue,93.471,115.72,249.12,58.57,119.17,438.35,2024-01-19 16:15:00
WF_001771,BATCH_047,MACH_005,Post-Etch,91.68,4,Photoresist Residue,91.224,119.38,245.02,52.8,120.75,456.17,2024-01-19 16:30:00
WF_001772,BATCH_029,MACH_004,Post-Etch,91.7,4,Micro-crack,89.955,117.75,256.49,50.04,120.27,459.58,2024-01-19 16:45:00
WF_001773,BATCH_002,MACH_001,Post-Etch,93.61,3,None,90.009,116.9,247.05,50.22,119.54,458.42,2024-01-19 17:00:00
WF_001774,BATCH_007,MACH_001,Post-Etch,92.66,4,Photoresist Residue,90.455,124.74,249.82,50.64,119.53,438.01,2024-01-19 17:15:00
WF_001775,BATCH_023,MACH_002,Post-Etch,96.88,1,None,89.992,115.89,247.17,50.85,121.16,456.64,2024-01-19 17:30:00
WF_001776,BATCH_006,MACH_005,Post-Etch,95.51,2,None,88.129,115.5,254.36,45.24,119.75,438.98,2024-01-19 17:45:00
WF_001777,BATCH_006,MACH_004,Post-Etch,96.5,1,None,90.43,118.86,249.57,51.09,117.74,455.78,2024-01-19 18:00:00
WF_001778,BATCH_037,MACH_004,Post-Etch,94.12,3,None,90.981,117.95,250.29,52.69,119.13,443.18,2024-01-19 18:15:00
WF_001779,BATCH_013,MACH_005,Post-Etch,90.77,5,Photoresist Residue,88.912,120.17,242.19,48.78,121.82,449.31,2024-01-19 18:30:00
WF_001780,BATCH_041,MACH_005,Post-Etch,96.5,1,None,89.964,122.17,251.33,49.88,119.18,460.94,2024-01-19 18:45:00
WF_001781,BATCH_001,MACH_003,Post-Etch,95.94,2,None,90.089,120.6,250.95,51.38,120.78,451.95,2024-01-19 19:00:00
WF_001782,BATCH_006,MACH_002,Post-Etch,95.73,2,None,90.983,123.98,246.07,54.17,118.53,447.62,2024-01-19 19:15:00
WF_001783,BATCH_019,MACH_005,Post-Etch,99.0,0,None,90.494,117.72,248.81,49.03,120.51,452.79,2024-01-19 19:30:00
WF_001784,BATCH_018,MACH_005,Post-Etch,99.0,0,None,89.873,119.25,249.74,49.67,120.31,442.54,2024-01-19 19:45:00
WF_001785,BATCH_006,MACH_005,Post-Etch,89.77,5,Contamination,91.403,120.25,254.88,52.35,119.9,446.73,2024-01-19 20:00:00
WF_001786,BATCH_002,MACH_002,Post-Etch,93.0,4,Etch Pit,91.506,123.95,247.12,53.76,120.51,441.44,2024-01-19 20:15:00
WF_001787,BATCH_048,MACH_003,Post-Etch,99.0,0,None,90.255,118.47,255.31,50.57,120.06,461.29,2024-01-19 20:30:00
WF_001788,BATCH_017,MACH_001,Post-Etch,97.76,1,None,90.15,122.34,251.63,50.57,119.64,443.7,2024-01-19 20:45:00
WF_001789,BATCH_038,MACH_002,Post-Etch,89.62,5,Contamination,92.41,123.69,244.15,56.19,120.42,459.94,2024-01-19 21:00:00
WF_001790,BATCH_038,MACH_003,Post-Etch,95.19,2,None,90.538,121.69,248.63,51.55,119.58,437.41,2024-01-19 21:15:00
WF_001791,BATCH_004,MACH_004,Post-Etch,99.0,0,None,89.889,124.44,243.58,51.16,120.79,443.81,2024-01-19 21:30:00
WF_001792,BATCH_020,MACH_003,Post-Etch,90.7,5,Photoresist Residue,90.894,122.62,263.63,48.85,118.64,472.58,2024-01-19 21:45:00
WF_001793,BATCH_044,MACH_003,Post-Etch,93.43,3,None,90.366,115.29,256.25,49.54,122.16,447.59,2024-01-19 22:00:00
WF_001794,BATCH_039,MACH_004,Post-Etch,96.57,1,None,90.612,123.35,251.97,50.23,120.65,449.38,2024-01-19 22:15:00
WF_001795,BATCH_017,MACH_002,Post-Etch,94.8,3,None,89.156,116.62,236.54,49.49,120.74,463.36,2024-01-19 22:30:00
WF_001796,BATCH_016,MACH_004,Post-Etch,95.38,2,None,90.738,123.74,255.31,51.18,120.07,452.74,2024-01-19 22:45:00
WF_001797,BATCH_004,MACH_001,Post-Etch,92.85,3,None,90.827,119.37,247.31,53.03,119.87,470.71,2024-01-19 23:00:00
WF_001798,BATCH_044,MACH_005,Post-Etch,87.35,6,Contamination,91.592,115.02,252.19,53.12,119.13,452.07,2024-01-19 23:15:00
WF_001799,BATCH_005,MACH_004,Post-Etch,96.39,2,None,90.595,119.4,256.0,51.12,120.96,442.44,2024-01-19 23:30:00
WF_001800,BATCH_004,MACH_003,Post-Etch,95.63,2,None,89.411,120.41,242.62,49.19,119.11,442.78,2024-01-19 23:45:00
WF_001801,BATCH_042,MACH_003,Post-Etch,92.06,4,Pattern Distortion,90.308,117.69,241.22,52.06,120.62,440.37,2024-01-20 00:00:00
WF_001802,BATCH_023,MACH_004,Post-Etch,86.76,7,Etch Pit,90.576,120.31,244.82,51.5,119.89,461.43,2024-01-20 00:15:00
WF_001803,BATCH_040,MACH_005,Post-Etch,93.77,3,None,89.06,123.03,249.08,47.81,120.72,444.36,2024-01-20 00:30:00
WF_001804,BATCH_009,MACH_003,Post-Etch,93.95,3,None,90.751,120.64,257.2,50.33,120.06,432.1,2024-01-20 00:45:00
WF_001805,BATCH_050,MACH_001,Post-Etch,99.0,0,None,89.797,116.59,245.58,51.39,119.03,471.34,2024-01-20 01:00:00
WF_001806,BATCH_036,MACH_003,Post-Etch,95.12,2,None,90.842,124.04,247.33,51.54,122.16,445.96,2024-01-20 01:15:00
WF_001807,BATCH_042,MACH_003,Post-Etch,94.0,3,None,90.776,120.51,252.67,51.48,121.55,444.17,2024-01-20 01:30:00
WF_001808,BATCH_039,MACH_002,Post-Etch,91.73,4,Pattern Distortion,89.96,120.84,251.96,50.15,121.54,441.36,2024-01-20 01:45:00
WF_001809,BATCH_032,MACH_005,Post-Etch,89.8,5,Photoresist Residue,88.252,117.57,254.45,44.95,120.13,448.91,2024-01-20 02:00:00
WF_001810,BATCH_023,MACH_002,Post-Etch,90.5,5,Contamination,92.344,124.69,253.06,54.42,119.63,442.66,2024-01-20 02:15:00
WF_001811,BATCH_036,MACH_003,Post-Etch,86.45,7,Photoresist Residue,91.46,123.13,249.7,53.37,118.95,452.95,2024-01-20 02:30:00
WF_001812,BATCH_008,MACH_004,Post-Etch,95.34,2,None,90.211,115.4,255.54,48.97,118.96,456.61,2024-01-20 02:45:00
WF_001813,BATCH_039,MACH_004,Post-Etch,95.07,2,None,90.162,123.17,244.53,50.87,119.34,462.83,2024-01-20 03:00:00
WF_001814,BATCH_007,MACH_003,Post-Etch,91.66,4,Contamination,90.785,116.92,243.27,51.9,119.41,449.93,2024-01-20 03:15:00
WF_001815,BATCH_044,MACH_005,Post-Etch,93.72,3,None,89.177,119.41,247.2,47.68,119.32,434.83,2024-01-20 03:30:00
WF_001816,BATCH_029,MACH_005,Post-Etch,99.0,0,None,89.516,117.41,246.44,50.01,120.85,447.69,2024-01-20 03:45:00
WF_001817,BATCH_010,MACH_004,Post-Etch,91.39,4,Pattern Distortion,91.041,122.9,248.42,52.33,120.82,452.4,2024-01-20 04:00:00
WF_001818,BATCH_013,MACH_001,Post-Etch,91.63,4,Etch Pit,88.12,115.34,244.39,47.06,117.95,445.16,2024-01-20 04:15:00
WF_001819,BATCH_027,MACH_002,Post-Etch,92.91,3,None,91.873,119.28,243.84,55.64,119.93,447.89,2024-01-20 04:30:00
WF_001820,BATCH_011,MACH_005,Post-Etch,96.02,2,None,90.163,115.93,249.61,49.95,119.86,448.17,2024-01-20 04:45:00
WF_001821,BATCH_043,MACH_001,Post-Etch,94.09,3,None,90.086,123.82,249.38,50.89,120.06,462.54,2024-01-20 05:00:00
WF_001822,BATCH_034,MACH_002,Post-Etch,95.45,2,None,90.125,124.79,242.58,50.78,119.83,452.17,2024-01-20 05:15:00
WF_001823,BATCH_014,MACH_002,Post-Etch,91.98,4,Micro-crack,91.923,119.71,253.55,54.26,120.25,452.53,2024-01-20 05:30:00
WF_001824,BATCH_007,MACH_001,Post-Etch,86.15,7,Contamination,91.612,115.77,249.79,53.27,117.74,466.17,2024-01-20 05:45:00
WF_001825,BATCH_046,MACH_003,Post-Etch,89.17,5,Micro-crack,91.143,122.31,254.8,50.89,120.62,441.22,2024-01-20 06:00:00
WF_001826,BATCH_048,MACH_001,Post-Etch,94.03,3,None,91.074,119.7,252.08,52.41,119.54,447.48,2024-01-20 06:15:00
WF_001827,BATCH_039,MACH_004,Post-Etch,98.67,1,None,90.033,116.25,252.24,50.25,118.69,449.99,2024-01-20 06:30:00
WF_001828,BATCH_004,MACH_005,Post-Etch,93.66,3,None,89.412,119.6,259.23,47.91,120.43,459.28,2024-01-20 06:45:00
WF_001829,BATCH_010,MACH_005,Post-Etch,97.13,1,None,89.377,117.01,249.65,47.71,119.58,459.6,2024-01-20 07:00:00
WF_001830,BATCH_048,MACH_004,Post-Etch,93.6,3,None,89.667,116.83,251.14,48.73,118.39,456.83,2024-01-20 07:15:00
WF_001831,BATCH_023,MACH_002,Post-Etch,94.07,3,None,92.403,122.7,248.82,54.71,119.54,452.36,2024-01-20 07:30:00
WF_001832,BATCH_001,MACH_004,Post-Etch,92.45,3,None,88.934,123.15,242.41,49.62,119.51,456.0,2024-01-20 07:45:00
WF_001833,BATCH_006,MACH_005,Post-Etch,97.06,1,None,91.143,117.59,250.12,52.25,120.23,464.94,2024-01-20 08:00:00
WF_001834,BATCH_015,MACH_002,Post-Etch,83.79,8,Pattern Distortion,93.074,115.79,254.92,55.45,118.56,454.19,2024-01-20 08:15:00
WF_001835,BATCH_005,MACH_003,Post-Etch,96.52,1,None,88.812,121.84,238.38,48.98,121.04,438.34,2024-01-20 08:30:00
WF_001836,BATCH_010,MACH_002,Post-Etch,95.21,2,None,91.499,115.01,246.03,53.54,119.19,453.2,2024-01-20 08:45:00
WF_001837,BATCH_048,MACH_004,Post-Etch,96.82,1,None,89.571,120.53,252.27,49.52,120.04,459.34,2024-01-20 09:00:00
WF_001838,BATCH_002,MACH_003,Post-Etch,93.99,3,None,90.276,115.85,248.33,50.56,119.85,445.55,2024-01-20 09:15:00
WF_001839,BATCH_038,MACH_002,Post-Etch,93.41,3,None,91.574,117.02,260.49,52.92,119.49,446.17,2024-01-20 09:30:00
WF_001840,BATCH_044,MACH_001,Post-Etch,97.88,1,None,90.581,116.44,252.45,50.17,120.42,458.98,2024-01-20 09:45:00
WF_001841,BATCH_010,MACH_002,Post-Etch,92.38,4,Contamination,91.421,120.17,240.22,54.04,121.56,422.84,2024-01-20 10:00:00
WF_001842,BATCH_033,MACH_003,Post-Etch,97.51,1,None,90.915,118.74,240.41,54.19,120.26,446.9,2024-01-20 10:15:00
WF_001843,BATCH_048,MACH_002,Post-Etch,93.99,3,None,91.025,120.59,250.21,53.7,120.04,430.38,2024-01-20 10:30:00
WF_001844,BATCH_038,MACH_002,Post-Etch,87.24,6,Etch Pit,91.743,115.38,247.16,54.78,120.03,453.84,2024-01-20 10:45:00
WF_001845,BATCH_048,MACH_001,Post-Etch,98.93,0,None,90.652,116.55,257.07,50.84,119.41,449.93,2024-01-20 11:00:00
WF_001846,BATCH_043,MACH_004,Post-Etch,93.37,3,None,90.547,115.74,239.72,52.12,119.04,426.3,2024-01-20 11:15:00
WF_001847,BATCH_017,MACH_002,Post-Etch,92.4,4,Pattern Distortion,91.535,124.2,252.73,53.35,121.08,446.7,2024-01-20 11:30:00
WF_001848,BATCH_034,MACH_003,Post-Etch,91.69,4,Contamination,89.394,122.89,245.46,48.96,119.51,458.94,2024-01-20 11:45:00
WF_001849,BATCH_032,MACH_001,Post-Etch,99.0,0,None,90.622,123.11,246.94,51.88,120.21,460.5,2024-01-20 12:00:00
WF_001850,BATCH_026,MACH_001,Post-Etch,96.96,1,None,89.665,118.34,244.45,49.15,120.02,442.89,2024-01-20 12:15:00
WF_001851,BATCH_031,MACH_002,Post-Etch,94.94,2,None,91.057,121.82,253.5,51.34,120.61,451.47,2024-01-20 12:30:00
WF_001852,BATCH_040,MACH_004,Post-Etch,96.22,1,None,89.207,119.72,255.95,47.18,122.36,458.77,2024-01-20 12:45:00
WF_001853,BATCH_033,MACH_005,Post-Etch,95.29,2,None,90.266,117.79,257.95,49.07,120.45,433.41,2024-01-20 13:00:00
WF_001854,BATCH_038,MACH_005,Post-Etch,90.78,5,Micro-crack,90.925,124.62,247.52,52.33,121.29,436.04,2024-01-20 13:15:00
WF_001855,BATCH_008,MACH_002,Post-Etch,82.22,10,Contamination,92.755,116.31,250.93,56.37,121.59,449.81,2024-01-20 13:30:00
WF_001856,BATCH_048,MACH_001,Post-Etch,87.4,6,Photoresist Residue,88.635,118.77,242.67,48.97,120.15,450.4,2024-01-20 13:45:00
WF_001857,BATCH_031,MACH_004,Post-Etch,92.51,4,Etch Pit,90.0,116.44,246.64,50.17,120.64,442.43,2024-01-20 14:00:00
WF_001858,BATCH_025,MACH_004,Post-Etch,98.17,1,None,90.471,117.18,258.22,50.68,122.05,468.97,2024-01-20 14:15:00
WF_001859,BATCH_034,MACH_001,Post-Etch,98.89,0,None,90.154,120.75,247.32,50.57,120.44,456.33,2024-01-20 14:30:00
WF_001860,BATCH_027,MACH_003,Post-Etch,89.47,5,Micro-crack,90.69,119.91,249.04,52.47,119.5,456.11,2024-01-20 14:45:00
WF_001861,BATCH_042,MACH_001,Post-Etch,93.46,3,None,89.55,122.97,250.08,49.28,119.94,460.99,2024-01-20 15:00:00
WF_001862,BATCH_004,MACH_001,Post-Etch,99.0,0,None,90.495,115.72,250.08,52.23,121.41,457.19,2024-01-20 15:15:00
WF_001863,BATCH_010,MACH_002,Post-Etch,89.18,5,Micro-crack,92.835,117.92,253.62,57.37,119.19,463.18,2024-01-20 15:30:00
WF_001864,BATCH_007,MACH_002,Post-Etch,88.97,6,Etch Pit,93.463,124.44,246.71,59.06,119.8,439.97,2024-01-20 15:45:00
WF_001865,BATCH_042,MACH_004,Post-Etch,93.06,3,None,90.253,115.86,245.92,51.63,120.89,448.49,2024-01-20 16:00:00
WF_001866,BATCH_046,MACH_004,Post-Etch,94.78,2,None,90.271,117.62,252.0,50.24,119.45,431.48,2024-01-20 16:15:00
WF_001867,BATCH_032,MACH_005,Post-Etch,90.03,5,Pattern Distortion,88.612,121.48,251.26,47.01,120.97,429.89,2024-01-20 16:30:00
WF_001868,BATCH_032,MACH_003,Post-Etch,93.97,3,None,88.371,117.8,241.51,46.43,119.77,460.11,2024-01-20 16:45:00
WF_001869,BATCH_036,MACH_005,Post-Etch,97.03,1,None,90.281,122.57,246.47,50.3,120.38,458.07,2024-01-20 17:00:00
WF_001870,BATCH_029,MACH_003,Post-Etch,95.81,2,None,90.086,124.06,247.44,50.9,118.85,441.87,2024-01-20 17:15:00
WF_001871,BATCH_029,MACH_003,Post-Etch,96.93,1,None,89.41,120.65,253.38,50.06,119.04,438.65,2024-01-20 17:30:00
WF_001872,BATCH_024,MACH_003,Post-Etch,87.95,6,Etch Pit,87.959,121.07,249.55,44.25,119.27,457.16,2024-01-20 17:45:00
WF_001873,BATCH_037,MACH_003,Post-Etch,97.82,1,None,90.317,115.82,253.52,50.96,120.18,450.31,2024-01-20 18:00:00
WF_001874,BATCH_048,MACH_004,Post-Etch,89.77,5,Photoresist Residue,88.919,117.3,253.61,46.51,119.57,426.72,2024-01-20 18:15:00
WF_001875,BATCH_018,MACH_001,Post-Etch,97.66,1,None,91.28,121.98,254.66,51.24,119.84,458.71,2024-01-20 18:30:00
WF_001876,BATCH_004,MACH_005,Post-Etch,88.28,6,Etch Pit,87.954,124.96,248.67,46.53,118.43,458.56,2024-01-20 18:45:00
WF_001877,BATCH_022,MACH_004,Post-Etch,96.33,1,None,90.387,124.71,245.59,50.77,120.12,456.32,2024-01-20 19:00:00
WF_001878,BATCH_015,MACH_004,Post-Etch,94.98,2,None,88.725,123.02,244.2,48.2,119.49,446.04,2024-01-20 19:15:00
WF_001879,BATCH_032,MACH_002,Post-Etch,90.39,5,Micro-crack,91.253,121.66,253.98,51.48,120.58,459.83,2024-01-20 19:30:00
WF_001880,BATCH_017,MACH_005,Post-Etch,93.71,3,None,90.543,123.83,249.12,51.56,119.19,446.87,2024-01-20 19:45:00
WF_001881,BATCH_044,MACH_004,Post-Etch,88.01,6,Micro-crack,90.122,116.85,250.91,50.16,118.91,445.56,2024-01-20 20:00:00
WF_001882,BATCH_010,MACH_004,Post-Etch,95.44,2,None,89.675,116.48,250.68,48.24,120.74,456.8,2024-01-20 20:15:00
WF_001883,BATCH_031,MACH_001,Post-Etch,91.63,4,Micro-crack,91.669,121.76,256.88,53.85,119.73,436.35,2024-01-20 20:30:00
WF_001884,BATCH_049,MACH_003,Post-Etch,91.97,4,Photoresist Residue,87.524,119.19,241.14,45.98,118.55,461.57,2024-01-20 20:45:00
WF_001885,BATCH_016,MACH_005,Post-Etch,93.8,3,None,89.23,121.75,246.01,48.97,119.34,464.03,2024-01-20 21:00:00
WF_001886,BATCH_022,MACH_002,Post-Etch,93.75,3,None,92.079,117.07,256.26,54.64,118.39,451.57,2024-01-20 21:15:00
WF_001887,BATCH_043,MACH_001,Post-Etch,92.93,4,Etch Pit,89.387,116.02,248.93,47.52,120.56,434.08,2024-01-20 21:30:00
WF_001888,BATCH_046,MACH_002,Post-Etch,97.98,1,None,90.375,124.2,251.62,50.5,120.29,443.18,2024-01-20 21:45:00
WF_001889,BATCH_010,MACH_005,Post-Etch,92.09,4,Micro-crack,89.098,121.72,238.92,50.2,119.05,468.77,2024-01-20 22:00:00
WF_001890,BATCH_014,MACH_004,Post-Etch,94.43,3,None,89.673,118.6,252.99,50.02,120.07,452.2,2024-01-20 22:15:00
WF_001891,BATCH_033,MACH_005,Post-Etch,94.05,3,None,89.56,124.12,248.3,48.58,119.82,441.83,2024-01-20 22:30:00
WF_001892,BATCH_021,MACH_005,Post-Etch,89.53,5,Etch Pit,90.189,121.07,249.4,49.88,120.28,440.41,2024-01-20 22:45:00
WF_001893,BATCH_014,MACH_005,Post-Etch,97.56,1,None,89.128,116.97,259.43,47.14,120.94,441.93,2024-01-20 23:00:00
WF_001894,BATCH_002,MACH_004,Post-Etch,99.0,0,None,90.662,121.8,247.81,52.39,120.05,445.42,2024-01-20 23:15:00
WF_001895,BATCH_031,MACH_004,Post-Etch,93.6,3,None,88.755,121.42,256.45,45.39,119.6,433.54,2024-01-20 23:30:00
WF_001896,BATCH_012,MACH_002,Post-Etch,94.96,2,None,91.243,124.94,257.31,52.16,120.8,453.64,2024-01-20 23:45:00
WF_001897,BATCH_041,MACH_001,Post-Etch,93.64,3,None,89.568,121.86,252.7,48.55,116.8,445.06,2024-01-21 00:00:00
WF_001898,BATCH_009,MACH_005,Post-Etch,91.73,4,Pattern Distortion,88.405,118.28,249.1,46.71,119.64,445.13,2024-01-21 00:15:00
WF_001899,BATCH_035,MACH_001,Post-Etch,91.88,4,Contamination,89.691,121.95,247.47,50.01,120.54,441.53,2024-01-21 00:30:00
WF_001900,BATCH_012,MACH_003,Post-Etch,97.61,1,None,89.74,115.91,257.01,49.47,118.88,437.88,2024-01-21 00:45:00
WF_001901,BATCH_024,MACH_005,Post-Etch,97.24,1,None,90.343,115.02,248.67,51.35,120.8,456.93,2024-01-21 01:00:00
WF_001902,BATCH_003,MACH_005,Post-Etch,95.84,2,None,89.942,119.58,245.05,48.9,119.34,445.78,2024-01-21 01:15:00
WF_001903,BATCH_024,MACH_004,Post-Etch,95.01,2,None,89.832,116.13,242.17,50.03,119.96,440.95,2024-01-21 01:30:00
WF_001904,BATCH_043,MACH_002,Post-Etch,94.38,2,None,89.891,121.03,244.03,51.09,121.46,454.99,2024-01-21 01:45:00
WF_001905,BATCH_024,MACH_002,Post-Etch,93.58,3,None,92.4,122.15,245.03,56.11,122.13,433.77,2024-01-21 02:00:00
WF_001906,BATCH_025,MACH_004,Post-Etch,93.58,3,None,92.203,123.62,260.37,52.87,119.15,458.15,2024-01-21 02:15:00
WF_001907,BATCH_030,MACH_005,Post-Etch,96.75,1,None,89.823,121.62,240.41,50.79,119.68,427.04,2024-01-21 02:30:00
WF_001908,BATCH_037,MACH_005,Post-Etch,94.07,3,None,90.609,121.96,255.52,51.06,120.54,484.08,2024-01-21 02:45:00
WF_001909,BATCH_033,MACH_003,Post-Etch,97.12,1,None,90.928,123.64,251.12,52.16,118.83,458.12,2024-01-21 03:00:00
WF_001910,BATCH_027,MACH_002,Post-Etch,85.78,7,Pattern Distortion,90.623,120.44,250.05,51.92,120.19,454.9,2024-01-21 03:15:00
WF_001911,BATCH_005,MACH_001,Post-Etch,88.97,5,Pattern Distortion,88.727,122.66,244.83,48.34,122.94,439.98,2024-01-21 03:30:00
WF_001912,BATCH_050,MACH_005,Post-Etch,97.25,1,None,89.667,123.03,248.26,48.98,119.68,446.51,2024-01-21 03:45:00
WF_001913,BATCH_029,MACH_001,Post-Etch,94.37,3,None,90.737,120.31,245.9,51.21,119.32,462.05,2024-01-21 04:00:00
WF_001914,BATCH_038,MACH_004,Post-Etch,96.05,2,None,88.683,118.24,256.63,46.1,119.0,441.95,2024-01-21 04:15:00
WF_001915,BATCH_033,MACH_002,Post-Etch,94.01,3,None,91.653,124.84,250.64,53.51,119.69,444.17,2024-01-21 04:30:00
WF_001916,BATCH_005,MACH_003,Post-Etch,91.93,4,Contamination,89.849,120.39,247.49,49.26,119.59,452.16,2024-01-21 04:45:00
WF_001917,BATCH_003,MACH_001,Post-Etch,95.31,2,None,89.271,123.35,246.15,49.03,120.93,439.25,2024-01-21 05:00:00
WF_001918,BATCH_019,MACH_003,Post-Etch,97.17,1,None,90.68,122.12,251.87,51.75,120.4,462.38,2024-01-21 05:15:00
WF_001919,BATCH_048,MACH_001,Post-Etch,90.05,5,Contamination,91.42,121.33,253.84,52.71,121.92,434.32,2024-01-21 05:30:00
WF_001920,BATCH_013,MACH_005,Post-Etch,95.77,2,None,89.879,119.2,247.16,50.16,119.86,455.2,2024-01-21 05:45:00
WF_001921,BATCH_030,MACH_004,Post-Etch,93.39,3,None,89.633,124.64,250.15,49.4,121.38,437.83,2024-01-21 06:00:00
WF_001922,BATCH_027,MACH_004,Post-Etch,93.32,3,None,89.887,119.78,255.0,50.18,120.53,478.55,2024-01-21 06:15:00
WF_001923,BATCH_040,MACH_002,Post-Etch,86.38,7,Contamination,92.812,117.24,256.9,55.91,120.62,465.0,2024-01-21 06:30:00
WF_001924,BATCH_012,MACH_003,Post-Etch,99.0,0,None,90.275,117.18,242.41,51.89,119.09,437.3,2024-01-21 06:45:00
WF_001925,BATCH_019,MACH_005,Post-Etch,93.31,3,None,90.089,118.06,256.54,49.7,118.97,434.11,2024-01-21 07:00:00
WF_001926,BATCH_038,MACH_004,Post-Etch,93.23,3,None,88.545,120.73,250.71,46.7,119.94,446.13,2024-01-21 07:15:00
WF_001927,BATCH_037,MACH_001,Post-Etch,92.93,3,None,90.266,123.58,260.39,48.93,120.44,451.46,2024-01-21 07:30:00
WF_001928,BATCH_011,MACH_001,Post-Etch,99.0,0,None,90.273,118.83,249.7,50.48,120.4,451.8,2024-01-21 07:45:00
WF_001929,BATCH_039,MACH_001,Post-Etch,93.49,3,None,89.957,124.57,248.18,48.6,120.14,465.11,2024-01-21 08:00:00
WF_001930,BATCH_023,MACH_003,Post-Etch,97.6,1,None,89.98,121.13,258.18,48.12,120.67,431.92,2024-01-21 08:15:00
WF_001931,BATCH_048,MACH_005,Post-Etch,93.85,3,None,90.694,122.27,254.79,50.31,119.61,449.02,2024-01-21 08:30:00
WF_001932,BATCH_033,MACH_004,Post-Etch,97.23,1,None,90.223,122.7,253.94,50.29,120.78,451.53,2024-01-21 08:45:00
WF_001933,BATCH_009,MACH_005,Post-Etch,90.45,5,Pattern Distortion,88.374,120.9,252.15,44.84,120.71,441.38,2024-01-21 09:00:00
WF_001934,BATCH_008,MACH_004,Post-Etch,98.65,0,None,90.441,116.73,249.63,50.7,119.43,445.21,2024-01-21 09:15:00
WF_001935,BATCH_039,MACH_005,Post-Etch,91.37,4,Micro-crack,91.427,119.71,263.52,52.77,121.38,439.66,2024-01-21 09:30:00
WF_001936,BATCH_019,MACH_001,Post-Etch,97.8,1,None,89.693,124.64,251.32,49.91,121.12,452.57,2024-01-21 09:45:00
WF_001937,BATCH_022,MACH_003,Post-Etch,94.12,3,None,90.436,123.71,254.41,49.91,120.1,452.15,2024-01-21 10:00:00
WF_001938,BATCH_036,MACH_005,Post-Etch,90.04,5,Micro-crack,92.108,117.4,257.21,53.13,119.86,452.38,2024-01-21 10:15:00
WF_001939,BATCH_035,MACH_002,Post-Etch,95.13,2,None,89.905,118.23,252.8,50.45,119.73,464.41,2024-01-21 10:30:00
WF_001940,BATCH_040,MACH_004,Post-Etch,87.97,6,Etch Pit,89.971,115.59,256.81,48.06,121.05,461.28,2024-01-21 10:45:00
WF_001941,BATCH_008,MACH_003,Post-Etch,98.75,0,None,89.773,121.95,253.67,49.24,120.27,462.42,2024-01-21 11:00:00
WF_001942,BATCH_019,MACH_004,Post-Etch,97.9,1,None,89.663,124.77,249.47,50.14,120.21,443.6,2024-01-21 11:15:00
WF_001943,BATCH_010,MACH_002,Post-Etch,91.87,4,Photoresist Residue,92.354,117.72,247.4,57.11,118.74,432.64,2024-01-21 11:30:00
WF_001944,BATCH_034,MACH_001,Post-Etch,94.21,2,None,88.745,124.36,237.79,48.82,119.3,455.57,2024-01-21 11:45:00
WF_001945,BATCH_002,MACH_004,Post-Etch,89.42,5,Etch Pit,89.078,122.74,254.23,46.39,120.73,443.61,2024-01-21 12:00:00
WF_001946,BATCH_038,MACH_005,Post-Etch,96.27,1,None,89.454,122.13,253.71,48.06,120.49,447.69,2024-01-21 12:15:00
WF_001947,BATCH_023,MACH_004,Post-Etch,95.15,2,None,89.63,116.71,241.56,51.57,120.91,454.57,2024-01-21 12:30:00
WF_001948,BATCH_045,MACH_005,Post-Etch,93.54,3,None,89.987,119.09,243.27,50.99,120.12,434.39,2024-01-21 12:45:00
WF_001949,BATCH_017,MACH_004,Post-Etch,88.2,6,Etch Pit,90.84,123.31,249.21,52.88,120.46,462.34,2024-01-21 13:00:00
WF_001950,BATCH_035,MACH_004,Post-Etch,91.54,4,Micro-crack,89.289,124.49,250.54,47.93,120.39,466.94,2024-01-21 13:15:00
WF_001951,BATCH_007,MACH_003,Post-Etch,93.1,3,None,89.25,122.04,250.6,47.8,119.2,455.18,2024-01-21 13:30:00
WF_001952,BATCH_012,MACH_003,Post-Etch,97.34,1,None,89.24,122.36,246.27,49.57,119.27,457.42,2024-01-21 13:45:00
WF_001953,BATCH_006,MACH_002,Post-Etch,88.58,5,Etch Pit,91.933,117.13,248.69,56.59,120.85,461.82,2024-01-21 14:00:00
WF_001954,BATCH_031,MACH_001,Post-Etch,94.97,2,None,91.443,120.78,249.62,52.78,120.83,467.02,2024-01-21 14:15:00
WF_001955,BATCH_006,MACH_002,Post-Etch,87.5,6,Micro-crack,91.97,117.56,248.85,54.58,121.37,443.61,2024-01-21 14:30:00
WF_001956,BATCH_024,MACH_003,Post-Etch,95.5,2,None,90.582,121.7,247.76,51.25,118.74,455.8,2024-01-21 14:45:00
WF_001957,BATCH_027,MACH_003,Post-Etch,91.91,4,Pattern Distortion,88.702,121.64,250.78,46.72,118.29,461.96,2024-01-21 15:00:00
WF_001958,BATCH_040,MACH_002,Post-Etch,95.84,2,None,90.794,118.3,252.53,52.37,120.4,444.36,2024-01-21 15:15:00
WF_001959,BATCH_001,MACH_002,Post-Etch,96.65,1,None,90.45,124.41,243.93,52.21,119.07,443.86,2024-01-21 15:30:00
WF_001960,BATCH_006,MACH_001,Post-Etch,91.7,4,Contamination,90.174,120.24,249.47,51.02,121.84,446.09,2024-01-21 15:45:00
WF_001961,BATCH_045,MACH_002,Post-Etch,91.0,4,Contamination,91.862,115.83,246.93,54.92,121.26,450.08,2024-01-21 16:00:00
WF_001962,BATCH_042,MACH_003,Post-Etch,95.51,2,None,90.494,115.27,253.44,50.45,120.07,447.48,2024-01-21 16:15:00
WF_001963,BATCH_049,MACH_003,Post-Etch,95.72,2,None,89.315,122.9,245.05,49.05,119.88,466.29,2024-01-21 16:30:00
WF_001964,BATCH_009,MACH_001,Post-Etch,88.04,6,Photoresist Residue,90.931,118.88,249.12,52.27,119.17,454.04,2024-01-21 16:45:00
WF_001965,BATCH_009,MACH_003,Post-Etch,94.18,3,None,90.323,122.6,256.98,49.7,118.66,458.68,2024-01-21 17:00:00
WF_001966,BATCH_040,MACH_003,Post-Etch,99.0,0,None,89.37,120.47,248.82,49.33,120.91,435.86,2024-01-21 17:15:00
WF_001967,BATCH_006,MACH_002,Post-Etch,86.77,7,Pattern Distortion,92.951,116.0,261.22,56.28,119.69,445.17,2024-01-21 17:30:00
WF_001968,BATCH_023,MACH_003,Post-Etch,89.91,5,Pattern Distortion,91.135,124.19,254.49,51.86,117.31,447.28,2024-01-21 17:45:00
WF_001969,BATCH_012,MACH_004,Post-Etch,99.0,0,None,89.599,115.79,254.5,47.05,122.51,461.91,2024-01-21 18:00:00
WF_001970,BATCH_042,MACH_005,Post-Etch,95.19,2,None,90.133,115.95,256.01,50.55,120.56,445.24,2024-01-21 18:15:00
WF_001971,BATCH_047,MACH_005,Post-Etch,99.0,0,None,90.602,122.87,248.92,51.02,120.47,439.07,2024-01-21 18:30:00
WF_001972,BATCH_049,MACH_004,Post-Etch,97.18,1,None,90.39,116.81,251.91,50.25,120.47,454.49,2024-01-21 18:45:00
WF_001973,BATCH_003,MACH_002,Post-Etch,90.8,5,Photoresist Residue,92.405,118.04,252.72,54.89,118.16,434.1,2024-01-21 19:00:00
WF_001974,BATCH_049,MACH_002,Post-Etch,91.74,4,Micro-crack,92.41,125.0,247.77,56.19,119.45,438.77,2024-01-21 19:15:00
WF_001975,BATCH_013,MACH_001,Post-Etch,92.45,3,None,89.123,121.58,250.74,48.24,120.92,437.36,2024-01-21 19:30:00
WF_001976,BATCH_034,MACH_001,Post-Etch,95.25,2,None,89.284,117.26,241.98,49.25,120.36,441.59,2024-01-21 19:45:00
WF_001977,BATCH_035,MACH_005,Post-Etch,96.06,2,None,89.941,121.04,255.85,50.27,120.61,459.37,2024-01-21 20:00:00
WF_001978,BATCH_009,MACH_003,Post-Etch,93.64,3,None,89.831,122.11,253.91,48.8,117.18,460.99,2024-01-21 20:15:00
WF_001979,BATCH_010,MACH_003,Post-Etch,91.54,4,Micro-crack,91.449,116.76,246.12,52.76,120.2,450.63,2024-01-21 20:30:00
WF_001980,BATCH_045,MACH_001,Post-Etch,90.75,5,Contamination,88.954,117.42,249.26,48.29,117.92,455.74,2024-01-21 20:45:00
WF_001981,BATCH_022,MACH_001,Post-Etch,95.66,2,None,90.214,115.01,242.76,51.53,119.63,453.56,2024-01-21 21:00:00
WF_001982,BATCH_005,MACH_004,Post-Etch,90.36,5,Photoresist Residue,90.862,116.82,249.85,52.52,120.21,444.1,2024-01-21 21:15:00
WF_001983,BATCH_050,MACH_001,Post-Etch,96.7,1,None,89.842,121.43,254.81,49.87,120.05,446.12,2024-01-21 21:30:00
WF_001984,BATCH_024,MACH_002,Post-Etch,87.63,6,Photoresist Residue,92.377,115.0,252.95,55.54,121.51,435.23,2024-01-21 21:45:00
WF_001985,BATCH_019,MACH_005,Post-Etch,94.37,3,None,89.159,117.8,248.67,48.78,120.23,458.48,2024-01-21 22:00:00
WF_001986,BATCH_043,MACH_001,Post-Etch,93.38,3,None,88.659,122.81,243.2,47.77,119.65,464.8,2024-01-21 22:15:00
WF_001987,BATCH_026,MACH_001,Post-Etch,93.85,3,None,89.582,118.57,248.96,48.61,118.31,438.95,2024-01-21 22:30:00
WF_001988,BATCH_015,MACH_001,Post-Etch,98.02,1,None,90.155,121.16,257.17,48.97,119.8,442.83,2024-01-21 22:45:00
WF_001989,BATCH_025,MACH_001,Post-Etch,97.07,1,None,90.162,119.43,254.26,50.56,119.7,450.44,2024-01-21 23:00:00
WF_001990,BATCH_050,MACH_004,Post-Etch,94.31,3,None,89.626,119.15,244.02,49.71,116.95,453.48,2024-01-21 23:15:00
WF_001991,BATCH_043,MACH_001,Post-Etch,91.74,4,Micro-crack,91.346,120.54,255.43,53.77,119.46,455.3,2024-01-21 23:30:00
WF_001992,BATCH_007,MACH_001,Post-Etch,91.33,4,Photoresist Residue,90.742,116.11,243.57,51.57,122.0,452.59,2024-01-21 23:45:00
WF_001993,BATCH_001,MACH_005,Post-Etch,95.15,2,None,88.488,123.55,244.78,47.64,119.58,459.03,2024-01-22 00:00:00
WF_001994,BATCH_048,MACH_005,Post-Etch,96.89,1,None,90.623,116.67,250.36,51.57,120.59,461.4,2024-01-22 00:15:00
WF_001995,BATCH_025,MACH_003,Post-Etch,95.85,2,None,89.643,124.01,253.44,49.45,121.47,444.11,2024-01-22 00:30:00
WF_001996,BATCH_050,MACH_001,Post-Etch,96.29,1,None,89.82,123.25,253.88,48.02,119.59,451.5,2024-01-22 00:45:00
WF_001997,BATCH_049,MACH_003,Post-Etch,89.95,5,Contamination,89.868,121.54,254.55,48.53,120.66,466.48,2024-01-22 01:00:00
WF_001998,BATCH_025,MACH_002,Post-Etch,92.13,4,Etch Pit,92.582,115.31,249.77,56.16,120.99,453.92,2024-01-22 01:15:00
WF_001999,BATCH_025,MACH_005,Post-Etch,95.63,2,None,89.898,122.86,250.19,51.2,120.38,428.2,2024-01-22 01:30:00
WF_002000,BATCH_024,MACH_002,Post-Etch,83.18,9,Contamination,91.653,119.0,253.34,54.27,121.3,456.54,2024-01-22 01:45:00
WF_002001,BATCH_004,MACH_003,Post-Etch,97.51,1,None,89.697,124.06,249.85,49.66,119.79,439.26,2024-01-22 02:00:00
WF_002002,BATCH_028,MACH_001,Post-Etch,98.65,0,None,90.234,121.02,255.28,49.8,119.56,452.49,2024-01-22 02:15:00
WF_002003,BATCH_001,MACH_001,Post-Etch,92.41,4,Etch Pit,88.393,122.13,249.14,47.86,117.62,440.76,2024-01-22 02:30:00
WF_002004,BATCH_010,MACH_002,Post-Etch,91.68,4,Micro-crack,91.205,116.32,242.14,54.4,120.78,471.31,2024-01-22 02:45:00
WF_002005,BATCH_046,MACH_002,Post-Etch,90.69,5,Etch Pit,92.776,122.28,245.61,57.36,120.12,454.87,2024-01-22 03:00:00
WF_002006,BATCH_008,MACH_002,Post-Etch,91.64,4,Photoresist Residue,91.495,124.09,250.0,54.59,120.2,460.51,2024-01-22 03:15:00
WF_002007,BATCH_043,MACH_003,Post-Etch,95.77,2,None,90.129,120.82,253.23,50.31,121.13,456.36,2024-01-22 03:30:00
WF_002008,BATCH_046,MACH_005,Post-Etch,88.51,6,Micro-crack,89.219,119.55,254.71,45.83,119.88,439.7,2024-01-22 03:45:00
WF_002009,BATCH_030,MACH_001,Post-Etch,93.4,3,None,89.75,122.46,246.9,49.55,120.89,438.63,2024-01-22 04:00:00
WF_002010,BATCH_005,MACH_004,Post-Etch,95.96,2,None,90.451,120.03,236.65,52.2,117.96,471.74,2024-01-22 04:15:00
WF_002011,BATCH_007,MACH_001,Post-Etch,93.9,3,None,89.3,119.51,250.37,48.43,120.43,447.69,2024-01-22 04:30:00
WF_002012,BATCH_030,MACH_003,Post-Etch,98.14,1,None,89.122,115.59,249.11,47.89,119.23,466.44,2024-01-22 04:45:00
WF_002013,BATCH_021,MACH_005,Post-Etch,94.43,2,None,91.324,117.08,250.26,52.15,120.45,444.35,2024-01-22 05:00:00
WF_002014,BATCH_048,MACH_004,Post-Etch,91.69,4,Photoresist Residue,88.229,116.38,250.98,45.85,122.36,449.91,2024-01-22 05:15:00
WF_002015,BATCH_033,MACH_004,Post-Etch,95.4,2,None,89.841,123.4,259.58,48.8,120.44,457.03,2024-01-22 05:30:00
WF_002016,BATCH_033,MACH_003,Post-Etch,95.15,2,None,90.076,116.6,257.11,49.23,119.9,448.39,2024-01-22 05:45:00
WF_002017,BATCH_023,MACH_001,Post-Etch,93.39,3,None,89.32,118.12,244.6,49.11,121.38,454.64,2024-01-22 06:00:00
WF_002018,BATCH_042,MACH_003,Post-Etch,93.6,3,None,89.777,115.65,249.98,50.69,119.65,431.01,2024-01-22 06:15:00
WF_002019,BATCH_045,MACH_004,Post-Etch,97.93,1,None,90.46,118.12,249.77,51.22,120.23,456.01,2024-01-22 06:30:00
WF_002020,BATCH_035,MACH_004,Post-Etch,90.06,5,Photoresist Residue,89.129,120.97,242.63,49.05,120.13,454.45,2024-01-22 06:45:00
WF_002021,BATCH_044,MACH_005,Post-Etch,91.15,4,Micro-crack,90.088,118.57,256.25,50.86,119.05,441.36,2024-01-22 07:00:00
WF_002022,BATCH_011,MACH_001,Post-Etch,95.89,2,None,89.187,121.19,244.85,49.32,120.7,450.44,2024-01-22 07:15:00
WF_002023,BATCH_027,MACH_004,Post-Etch,93.77,3,None,90.495,119.22,251.42,50.96,119.19,446.57,2024-01-22 07:30:00
WF_002024,BATCH_033,MACH_002,Post-Etch,92.22,4,Pattern Distortion,89.205,118.87,247.97,49.53,119.84,453.57,2024-01-22 07:45:00
WF_002025,BATCH_012,MACH_001,Post-Etch,95.46,2,None,90.575,122.48,249.99,51.0,120.7,450.75,2024-01-22 08:00:00
WF_002026,BATCH_037,MACH_003,Post-Etch,94.17,3,None,90.337,119.76,255.93,50.63,121.15,446.53,2024-01-22 08:15:00
WF_002027,BATCH_011,MACH_002,Post-Etch,83.73,9,Micro-crack,93.264,123.7,252.73,57.69,119.56,456.45,2024-01-22 08:30:00
WF_002028,BATCH_040,MACH_005,Post-Etch,89.96,5,Contamination,91.562,117.02,257.67,51.85,120.2,446.93,2024-01-22 08:45:00
WF_002029,BATCH_031,MACH_002,Post-Etch,95.06,2,None,89.595,116.32,248.61,48.98,120.58,452.29,2024-01-22 09:00:00
WF_002030,BATCH_005,MACH_004,Post-Etch,93.69,3,None,91.216,120.16,249.34,52.67,120.36,473.48,2024-01-22 09:15:00
WF_002031,BATCH_001,MACH_004,Post-Etch,89.52,5,Pattern Distortion,88.864,115.42,248.94,47.98,119.46,445.84,2024-01-22 09:30:00
WF_002032,BATCH_024,MACH_003,Post-Etch,96.36,1,None,90.205,117.65,248.36,51.18,119.78,449.25,2024-01-22 09:45:00
WF_002033,BATCH_005,MACH_002,Post-Etch,89.83,5,Pattern Distortion,93.056,119.38,241.97,58.53,120.49,413.11,2024-01-22 10:00:00
WF_002034,BATCH_038,MACH_005,Post-Etch,94.0,3,None,90.014,119.85,244.34,50.67,120.22,435.28,2024-01-22 10:15:00
WF_002035,BATCH_033,MACH_001,Post-Etch,91.83,4,Pattern Distortion,90.84,122.74,239.78,51.68,119.93,445.33,2024-01-22 10:30:00
WF_002036,BATCH_021,MACH_002,Post-Etch,93.26,3,None,91.522,121.2,246.61,54.21,119.59,450.28,2024-01-22 10:45:00
WF_002037,BATCH_029,MACH_004,Post-Etch,92.28,4,Etch Pit,90.364,124.03,242.91,50.85,122.27,460.26,2024-01-22 11:00:00
WF_002038,BATCH_035,MACH_003,Post-Etch,95.31,2,None,89.475,121.96,236.22,51.07,120.26,451.16,2024-01-22 11:15:00
WF_002039,BATCH_013,MACH_005,Post-Etch,93.5,3,None,89.18,115.36,256.13,48.02,119.32,444.95,2024-01-22 11:30:00
WF_002040,BATCH_049,MACH_004,Post-Etch,90.33,5,Etch Pit,89.138,116.28,248.04,48.42,118.25,443.01,2024-01-22 11:45:00
WF_002041,BATCH_050,MACH_004,Post-Etch,97.22,1,None,88.936,120.33,247.45,48.6,119.31,447.46,2024-01-22 12:00:00
WF_002042,BATCH_040,MACH_001,Post-Etch,94.6,3,None,90.602,118.07,256.37,49.99,118.3,445.06,2024-01-22 12:15:00
WF_002043,BATCH_021,MACH_005,Post-Etch,92.22,4,Etch Pit,88.757,118.11,244.64,47.07,119.46,467.25,2024-01-22 12:30:00
WF_002044,BATCH_003,MACH_001,Post-Etch,93.75,3,None,89.124,121.82,243.1,48.1,118.7,443.16,2024-01-22 12:45:00
WF_002045,BATCH_044,MACH_005,Post-Etch,91.74,4,Etch Pit,89.464,115.27,247.63,48.52,119.63,451.87,2024-01-22 13:00:00
WF_002046,BATCH_031,MACH_003,Post-Etch,98.35,1,None,90.623,118.49,259.03,50.15,119.76,440.23,2024-01-22 13:15:00
WF_002047,BATCH_034,MACH_005,Post-Etch,94.87,2,None,89.746,122.8,252.7,48.75,119.18,446.12,2024-01-22 13:30:00
WF_002048,BATCH_012,MACH_001,Post-Etch,97.33,1,None,89.919,123.62,249.21,50.09,120.05,452.38,2024-01-22 13:45:00
WF_002049,BATCH_036,MACH_001,Post-Etch,93.59,3,None,89.071,119.18,248.5,48.46,119.33,449.04,2024-01-22 14:00:00
WF_002050,BATCH_014,MACH_004,Post-Etch,97.35,1,None,90.489,120.04,256.83,50.56,122.34,462.46,2024-01-22 14:15:00
WF_002051,BATCH_017,MACH_003,Post-Etch,93.75,3,None,89.758,115.57,256.28,48.12,121.87,465.17,2024-01-22 14:30:00
WF_002052,BATCH_005,MACH_003,Post-Etch,94.6,2,None,90.42,115.87,246.91,50.79,120.98,455.17,2024-01-22 14:45:00
WF_002053,BATCH_022,MACH_003,Post-Etch,90.08,5,Contamination,89.232,122.69,245.44,48.94,119.15,449.78,2024-01-22 15:00:00
WF_002054,BATCH_047,MACH_005,Post-Etch,93.65,3,None,89.67,122.7,248.03,49.21,118.31,455.0,2024-01-22 15:15:00
WF_002055,BATCH_022,MACH_003,Post-Etch,96.91,1,None,89.547,119.17,243.06,50.02,120.54,439.31,2024-01-22 15:30:00
WF_002056,BATCH_046,MACH_002,Post-Etch,89.14,5,Pattern Distortion,92.666,119.3,251.36,56.57,120.64,443.18,2024-01-22 15:45:00
WF_002057,BATCH_010,MACH_004,Post-Etch,85.91,7,Etch Pit,91.38,124.29,244.53,54.1,119.52,423.4,2024-01-22 16:00:00
WF_002058,BATCH_018,MACH_005,Post-Etch,94.75,2,None,91.022,116.8,246.04,53.34,120.45,452.71,2024-01-22 16:15:00
WF_002059,BATCH_008,MACH_003,Post-Etch,95.31,2,None,90.411,118.81,247.07,51.85,120.92,442.79,2024-01-22 16:30:00
WF_002060,BATCH_046,MACH_004,Post-Etch,92.18,4,Pattern Distortion,88.808,121.23,252.56,46.28,121.2,431.03,2024-01-22 16:45:00
WF_002061,BATCH_017,MACH_003,Post-Etch,94.49,2,None,90.735,124.3,248.58,52.2,118.18,437.5,2024-01-22 17:00:00
WF_002062,BATCH_008,MACH_005,Post-Etch,97.59,1,None,90.237,116.75,254.7,48.82,119.19,458.49,2024-01-22 17:15:00
WF_002063,BATCH_001,MACH_005,Post-Etch,94.0,3,None,90.728,122.19,250.61,51.57,117.93,448.64,2024-01-22 17:30:00
WF_002064,BATCH_030,MACH_003,Post-Etch,93.91,3,None,89.579,121.54,243.3,49.76,118.27,466.0,2024-01-22 17:45:00
WF_002065,BATCH_015,MACH_003,Post-Etch,95.14,2,None,90.972,121.28,248.93,51.62,120.28,448.86,2024-01-22 18:00:00
WF_002066,BATCH_046,MACH_002,Post-Etch,91.5,4,Etch Pit,91.396,118.11,256.26,52.44,121.34,448.18,2024-01-22 18:15:00
WF_002067,BATCH_023,MACH_004,Post-Etch,93.36,3,None,89.835,118.45,254.32,48.29,120.89,463.1,2024-01-22 18:30:00
WF_002068,BATCH_031,MACH_005,Post-Etch,93.46,3,None,90.287,119.55,244.37,50.94,120.22,446.43,2024-01-22 18:45:00
WF_002069,BATCH_038,MACH_001,Post-Etch,94.96,2,None,89.496,124.99,253.83,48.44,118.86,456.85,2024-01-22 19:00:00
WF_002070,BATCH_030,MACH_005,Post-Etch,96.76,1,None,90.524,122.14,257.77,49.13,122.43,443.12,2024-01-22 19:15:00
WF_002071,BATCH_028,MACH_005,Post-Etch,91.3,4,Etch Pit,89.27,122.21,246.99,49.69,118.4,454.81,2024-01-22 19:30:00
WF_002072,BATCH_022,MACH_004,Post-Etch,94.43,2,None,90.86,120.98,255.92,49.9,119.67,452.01,2024-01-22 19:45:00
WF_002073,BATCH_038,MACH_003,Post-Etch,94.83,2,None,89.335,124.89,250.53,48.46,120.04,443.87,2024-01-22 20:00:00
WF_002074,BATCH_049,MACH_004,Post-Etch,98.94,0,None,90.481,115.89,253.04,51.6,120.13,447.52,2024-01-22 20:15:00
WF_002075,BATCH_008,MACH_002,Post-Etch,89.92,5,Micro-crack,91.336,121.21,254.48,52.76,120.94,417.14,2024-01-22 20:30:00
WF_002076,BATCH_021,MACH_002,Post-Etch,85.72,7,Pattern Distortion,92.049,117.68,251.73,54.57,117.99,462.7,2024-01-22 20:45:00
WF_002077,BATCH_047,MACH_003,Post-Etch,94.32,3,None,90.995,124.74,259.74,51.13,119.21,452.56,2024-01-22 21:00:00
WF_002078,BATCH_012,MACH_002,Post-Etch,90.33,5,Contamination,91.409,122.6,242.3,54.16,119.14,453.17,2024-01-22 21:15:00
WF_002079,BATCH_047,MACH_003,Post-Etch,91.59,4,Pattern Distortion,89.525,124.55,253.88,48.96,120.34,439.63,2024-01-22 21:30:00
WF_002080,BATCH_012,MACH_002,Post-Etch,92.87,3,None,91.903,121.48,247.47,54.79,119.79,455.76,2024-01-22 21:45:00
WF_002081,BATCH_039,MACH_001,Post-Etch,93.98,3,None,89.773,120.74,255.83,50.08,119.12,453.59,2024-01-22 22:00:00
WF_002082,BATCH_038,MACH_002,Post-Etch,90.09,5,Micro-crack,93.525,123.8,247.1,59.28,119.72,459.17,2024-01-22 22:15:00
WF_002083,BATCH_004,MACH_003,Post-Etch,97.19,1,None,90.238,124.19,243.38,51.63,119.59,458.61,2024-01-22 22:30:00
WF_002084,BATCH_046,MACH_002,Post-Etch,90.16,5,Photoresist Residue,92.182,115.32,245.59,55.02,119.5,457.2,2024-01-22 22:45:00
WF_002085,BATCH_050,MACH_001,Post-Etch,95.25,2,None,89.36,117.58,238.54,49.58,120.29,453.54,2024-01-22 23:00:00
WF_002086,BATCH_011,MACH_002,Post-Etch,90.42,5,Pattern Distortion,91.8,119.84,252.64,54.17,118.99,430.27,2024-01-22 23:15:00
WF_002087,BATCH_028,MACH_004,Post-Etch,94.78,2,None,88.415,121.58,247.91,47.44,118.51,460.08,2024-01-22 23:30:00
WF_002088,BATCH_007,MACH_001,Post-Etch,88.06,6,Contamination,90.545,116.37,249.8,52.53,117.99,459.9,2024-01-22 23:45:00
WF_002089,BATCH_007,MACH_005,Post-Etch,95.11,2,None,91.779,123.09,254.64,52.75,121.2,459.09,2024-01-23 00:00:00
WF_002090,BATCH_027,MACH_005,Post-Etch,92.81,4,Pattern Distortion,91.815,119.28,257.91,53.4,121.38,443.3,2024-01-23 00:15:00
WF_002091,BATCH_026,MACH_004,Post-Etch,94.08,3,None,90.034,120.89,260.73,48.89,118.78,451.41,2024-01-23 00:30:00
WF_002092,BATCH_025,MACH_004,Post-Etch,99.0,0,None,90.331,116.12,257.01,50.43,119.3,462.72,2024-01-23 00:45:00
WF_002093,BATCH_014,MACH_001,Post-Etch,93.68,3,None,88.683,121.54,242.51,48.72,120.41,448.39,2024-01-23 01:00:00
WF_002094,BATCH_041,MACH_003,Post-Etch,95.21,2,None,90.865,115.62,258.31,52.46,116.7,461.57,2024-01-23 01:15:00
WF_002095,BATCH_031,MACH_001,Post-Etch,90.79,4,Pattern Distortion,88.598,124.91,243.23,47.92,120.32,450.5,2024-01-23 01:30:00
WF_002096,BATCH_022,MACH_002,Post-Etch,96.34,2,None,90.574,115.86,244.17,52.8,119.64,456.74,2024-01-23 01:45:00
WF_002097,BATCH_022,MACH_005,Post-Etch,91.63,4,Contamination,88.935,115.42,240.82,48.67,118.27,455.61,2024-01-23 02:00:00
WF_002098,BATCH_041,MACH_005,Post-Etch,92.76,3,None,88.054,123.02,241.39,46.28,120.23,428.67,2024-01-23 02:15:00
WF_002099,BATCH_050,MACH_005,Post-Etch,93.81,3,None,90.761,116.03,249.62,51.89,119.82,454.82,2024-01-23 02:30:00
WF_002100,BATCH_039,MACH_002,Post-Etch,91.77,4,Photoresist Residue,92.364,124.22,251.88,54.35,120.15,461.16,2024-01-23 02:45:00
WF_002101,BATCH_031,MACH_002,Post-Etch,88.56,5,Micro-crack,92.666,124.23,258.52,55.48,120.85,439.6,2024-01-23 03:00:00
WF_002102,BATCH_035,MACH_002,Post-Etch,95.63,2,None,90.821,119.42,247.94,52.55,119.52,453.6,2024-01-23 03:15:00
WF_002103,BATCH_036,MACH_002,Post-Etch,99.0,0,None,90.44,121.12,243.88,53.5,119.65,463.31,2024-01-23 03:30:00
WF_002104,BATCH_032,MACH_005,Post-Etch,93.63,3,None,91.723,115.6,248.22,53.87,119.47,442.64,2024-01-23 03:45:00
WF_002105,BATCH_038,MACH_002,Post-Etch,93.29,3,None,88.968,120.33,249.83,48.25,121.56,454.88,2024-01-23 04:00:00
WF_002106,BATCH_024,MACH_004,Post-Etch,93.42,3,None,90.928,115.49,251.37,51.19,119.7,447.09,2024-01-23 04:15:00
WF_002107,BATCH_003,MACH_004,Post-Etch,93.23,3,None,88.091,119.19,250.34,45.0,120.57,440.28,2024-01-23 04:30:00
WF_002108,BATCH_046,MACH_005,Post-Etch,95.3,2,None,91.93,123.31,245.88,55.27,120.63,444.32,2024-01-23 04:45:00
WF_002109,BATCH_014,MACH_005,Post-Etch,93.92,3,None,90.702,124.26,244.33,52.89,120.22,452.73,2024-01-23 05:00:00
WF_002110,BATCH_030,MACH_005,Post-Etch,94.19,3,None,89.132,117.12,241.63,49.11,119.75,449.8,2024-01-23 05:15:00
WF_002111,BATCH_050,MACH_001,Post-Etch,94.23,3,None,91.473,123.61,258.57,52.55,119.77,440.85,2024-01-23 05:30:00
WF_002112,BATCH_031,MACH_005,Post-Etch,91.45,4,Contamination,90.437,116.41,253.76,50.82,120.55,460.89,2024-01-23 05:45:00
WF_002113,BATCH_015,MACH_004,Post-Etch,92.39,4,Photoresist Residue,89.808,116.6,252.64,49.4,119.92,449.51,2024-01-23 06:00:00
WF_002114,BATCH_050,MACH_004,Post-Etch,98.87,0,None,90.134,119.33,252.97,50.6,120.51,436.4,2024-01-23 06:15:00
WF_002115,BATCH_025,MACH_005,Post-Etch,98.7,0,None,89.472,121.58,253.43,48.94,121.1,454.46,2024-01-23 06:30:00
WF_002116,BATCH_034,MACH_003,Post-Etch,98.96,0,None,90.005,118.7,247.24,50.33,118.61,442.76,2024-01-23 06:45:00
WF_002117,BATCH_020,MACH_005,Post-Etch,89.5,5,Contamination,92.349,119.82,259.52,54.98,118.93,430.97,2024-01-23 07:00:00
WF_002118,BATCH_015,MACH_005,Post-Etch,99.0,0,None,90.286,121.68,249.94,49.93,118.92,462.26,2024-01-23 07:15:00
WF_002119,BATCH_014,MACH_004,Post-Etch,94.82,2,None,89.747,120.21,255.99,47.98,119.98,450.68,2024-01-23 07:30:00
WF_002120,BATCH_047,MACH_004,Post-Etch,95.44,2,None,89.678,117.08,250.43,48.62,118.93,448.0,2024-01-23 07:45:00
WF_002121,BATCH_020,MACH_003,Post-Etch,96.86,1,None,90.466,121.67,247.28,51.23,119.16,463.24,2024-01-23 08:00:00
WF_002122,BATCH_016,MACH_002,Post-Etch,93.99,3,None,91.792,119.74,249.06,54.7,120.9,443.86,2024-01-23 08:15:00
WF_002123,BATCH_046,MACH_003,Post-Etch,95.45,2,None,89.593,121.69,253.54,49.25,119.54,436.67,2024-01-23 08:30:00
WF_002124,BATCH_040,MACH_004,Post-Etch,94.4,3,None,89.441,115.57,238.48,50.35,119.97,465.8,2024-01-23 08:45:00
WF_002125,BATCH_019,MACH_003,Post-Etch,93.43,3,None,90.456,124.12,250.46,49.49,119.31,435.34,2024-01-23 09:00:00
WF_002126,BATCH_017,MACH_002,Post-Etch,90.33,5,Pattern Distortion,92.869,122.39,253.49,56.08,119.24,464.46,2024-01-23 09:15:00
WF_002127,BATCH_028,MACH_005,Post-Etch,91.3,4,Photoresist Residue,89.304,124.2,251.54,47.04,120.22,459.15,2024-01-23 09:30:00
WF_002128,BATCH_009,MACH_001,Post-Etch,88.32,6,Pattern Distortion,89.623,122.82,249.78,48.79,118.11,439.89,2024-01-23 09:45:00
WF_002129,BATCH_023,MACH_005,Post-Etch,95.29,2,None,90.778,119.51,245.71,51.92,118.6,460.65,2024-01-23 10:00:00
WF_002130,BATCH_007,MACH_004,Post-Etch,92.97,3,None,91.715,118.69,253.77,53.81,120.7,442.64,2024-01-23 10:15:00
WF_002131,BATCH_006,MACH_002,Post-Etch,88.62,6,Photoresist Residue,92.081,116.99,247.31,54.82,120.87,436.31,2024-01-23 10:30:00
WF_002132,BATCH_001,MACH_001,Post-Etch,95.29,2,None,89.599,119.41,259.27,46.85,119.23,459.48,2024-01-23 10:45:00
WF_002133,BATCH_008,MACH_005,Post-Etch,90.35,5,Photoresist Residue,91.067,123.27,248.01,53.02,120.26,455.85,2024-01-23 11:00:00
WF_002134,BATCH_004,MACH_004,Post-Etch,93.48,3,None,88.549,123.41,257.72,45.13,120.57,456.47,2024-01-23 11:15:00
WF_002135,BATCH_004,MACH_003,Post-Etch,94.82,2,None,90.284,119.16,252.21,49.46,118.64,457.32,2024-01-23 11:30:00
WF_002136,BATCH_034,MACH_005,Post-Etch,86.36,7,Pattern Distortion,87.802,121.45,252.86,45.59,121.09,451.53,2024-01-23 11:45:00
WF_002137,BATCH_028,MACH_004,Post-Etch,88.48,6,Etch Pit,88.994,119.48,248.52,48.13,119.05,451.59,2024-01-23 12:00:00
WF_002138,BATCH_046,MACH_002,Post-Etch,94.26,3,None,91.561,120.06,249.05,53.29,119.55,456.67,2024-01-23 12:15:00
WF_002139,BATCH_033,MACH_003,Post-Etch,93.97,3,None,90.024,115.32,255.23,50.26,121.1,454.82,2024-01-23 12:30:00
WF_002140,BATCH_039,MACH_004,Post-Etch,91.89,4,Etch Pit,90.337,120.59,255.61,49.65,120.58,462.92,2024-01-23 12:45:00
WF_002141,BATCH_050,MACH_001,Post-Etch,92.08,4,Etch Pit,91.823,115.68,258.4,53.04,119.93,459.02,2024-01-23 13:00:00
WF_002142,BATCH_026,MACH_002,Post-Etch,95.48,2,None,91.568,121.08,250.01,53.97,120.18,461.73,2024-01-23 13:15:00
WF_002143,BATCH_003,MACH_001,Post-Etch,91.74,4,Pattern Distortion,90.254,120.61,252.6,51.08,120.32,445.01,2024-01-23 13:30:00
WF_002144,BATCH_004,MACH_005,Post-Etch,91.36,4,Photoresist Residue,89.176,117.76,246.24,47.74,119.22,458.91,2024-01-23 13:45:00
WF_002145,BATCH_039,MACH_002,Post-Etch,82.89,9,Contamination,94.172,119.1,253.44,58.87,120.83,436.07,2024-01-23 14:00:00
WF_002146,BATCH_011,MACH_004,Post-Etch,95.65,2,None,88.947,123.76,253.01,47.4,121.02,438.48,2024-01-23 14:15:00
WF_002147,BATCH_035,MACH_001,Post-Etch,88.77,5,Contamination,90.966,116.98,249.03,52.75,119.8,438.49,2024-01-23 14:30:00
WF_002148,BATCH_030,MACH_003,Post-Etch,93.8,3,None,90.565,122.36,242.13,52.48,119.85,439.94,2024-01-23 14:45:00
WF_002149,BATCH_023,MACH_005,Post-Etch,84.62,8,Micro-crack,87.879,116.61,247.92,45.98,120.72,448.77,2024-01-23 15:00:00
WF_002150,BATCH_020,MACH_004,Post-Etch,95.15,2,None,90.183,121.74,248.24,49.85,119.65,453.7,2024-01-23 15:15:00
WF_002151,BATCH_002,MACH_001,Post-Etch,95.48,2,None,90.07,117.14,253.03,49.68,119.11,442.87,2024-01-23 15:30:00
WF_002152,BATCH_040,MACH_005,Post-Etch,94.85,2,None,89.953,118.59,255.13,48.56,119.19,432.94,2024-01-23 15:45:00
WF_002153,BATCH_015,MACH_002,Post-Etch,97.68,1,None,89.945,119.64,242.61,50.49,119.55,448.59,2024-01-23 16:00:00
WF_002154,BATCH_010,MACH_002,Post-Etch,95.23,2,None,90.85,120.4,239.89,54.58,121.08,433.55,2024-01-23 16:15:00
WF_002155,BATCH_015,MACH_001,Post-Etch,96.69,1,None,88.69,119.61,246.01,47.34,119.78,451.8,2024-01-23 16:30:00
WF_002156,BATCH_038,MACH_003,Post-Etch,95.79,2,None,90.837,117.28,253.13,52.1,121.29,450.36,2024-01-23 16:45:00
WF_002157,BATCH_016,MACH_005,Post-Etch,93.43,3,None,89.17,116.84,255.2,47.93,121.01,456.18,2024-01-23 17:00:00
WF_002158,BATCH_029,MACH_001,Post-Etch,96.82,1,None,89.313,121.76,249.49,48.66,119.91,447.85,2024-01-23 17:15:00
WF_002159,BATCH_018,MACH_002,Post-Etch,93.28,3,None,91.779,119.13,254.07,53.94,121.1,456.28,2024-01-23 17:30:00
WF_002160,BATCH_021,MACH_002,Post-Etch,91.52,4,Photoresist Residue,90.992,122.4,261.15,50.49,119.47,450.14,2024-01-23 17:45:00
WF_002161,BATCH_046,MACH_001,Post-Etch,94.07,3,None,90.622,122.01,243.07,52.9,119.07,457.25,2024-01-23 18:00:00
WF_002162,BATCH_029,MACH_004,Post-Etch,97.98,1,None,90.264,121.74,244.88,50.37,119.22,458.5,2024-01-23 18:15:00
WF_002163,BATCH_035,MACH_001,Post-Etch,93.29,3,None,90.681,120.57,255.96,50.83,121.37,437.32,2024-01-23 18:30:00
WF_002164,BATCH_030,MACH_001,Post-Etch,94.73,2,None,89.714,118.79,249.32,49.95,119.07,452.82,2024-01-23 18:45:00
WF_002165,BATCH_003,MACH_004,Post-Etch,97.91,1,None,90.941,124.12,251.69,51.58,120.0,442.91,2024-01-23 19:00:00
WF_002166,BATCH_039,MACH_005,Post-Etch,96.03,2,None,90.139,124.91,260.83,50.21,119.56,452.98,2024-01-23 19:15:00
WF_002167,BATCH_021,MACH_003,Post-Etch,93.34,3,None,90.459,122.06,243.93,52.76,118.49,442.09,2024-01-23 19:30:00
WF_002168,BATCH_044,MACH_002,Post-Etch,91.89,4,Etch Pit,90.89,121.88,251.27,51.57,121.67,461.44,2024-01-23 19:45:00
WF_002169,BATCH_045,MACH_004,Post-Etch,94.64,2,None,89.681,123.99,247.54,49.82,119.44,452.52,2024-01-23 20:00:00
WF_002170,BATCH_002,MACH_004,Post-Etch,91.96,4,Micro-crack,89.339,122.11,245.84,48.21,120.35,454.0,2024-01-23 20:15:00
WF_002171,BATCH_011,MACH_002,Post-Etch,91.43,4,Micro-crack,89.801,120.13,258.95,48.37,118.61,448.49,2024-01-23 20:30:00
WF_002172,BATCH_016,MACH_002,Post-Etch,88.73,6,Pattern Distortion,93.502,117.61,259.63,57.81,120.51,458.16,2024-01-23 20:45:00
WF_002173,BATCH_010,MACH_004,Post-Etch,91.9,4,Contamination,91.356,115.22,246.8,54.02,122.17,437.29,2024-01-23 21:00:00
WF_002174,BATCH_039,MACH_002,Post-Etch,97.09,1,None,90.547,122.68,252.78,50.6,117.94,468.22,2024-01-23 21:15:00
WF_002175,BATCH_050,MACH_004,Post-Etch,90.18,5,Contamination,88.892,121.78,259.27,46.93,119.04,441.17,2024-01-23 21:30:00
WF_002176,BATCH_048,MACH_002,Post-Etch,90.96,5,Etch Pit,91.714,123.3,258.92,54.43,119.24,446.39,2024-01-23 21:45:00
WF_002177,BATCH_047,MACH_002,Post-Etch,92.78,3,None,91.904,124.49,257.45,53.82,119.97,438.0,2024-01-23 22:00:00
WF_002178,BATCH_004,MACH_005,Post-Etch,92.15,4,Etch Pit,88.874,119.84,237.23,48.43,119.28,446.91,2024-01-23 22:15:00
WF_002179,BATCH_028,MACH_001,Post-Etch,87.82,6,Pattern Distortion,88.621,123.58,245.25,47.56,120.36,468.65,2024-01-23 22:30:00
WF_002180,BATCH_049,MACH_001,Post-Etch,95.92,2,None,88.952,124.38,249.16,47.07,120.04,453.65,2024-01-23 22:45:00
WF_002181,BATCH_006,MACH_001,Post-Etch,93.82,3,None,90.329,121.63,249.92,51.04,120.53,456.37,2024-01-23 23:00:00
WF_002182,BATCH_022,MACH_005,Post-Etch,93.51,3,None,90.217,120.98,244.2,50.29,119.45,456.33,2024-01-23 23:15:00
WF_002183,BATCH_039,MACH_004,Post-Etch,92.36,4,Pattern Distortion,90.244,118.64,254.25,48.61,119.71,441.38,2024-01-23 23:30:00
WF_002184,BATCH_004,MACH_001,Post-Etch,91.05,4,Photoresist Residue,90.409,122.78,250.63,49.93,119.19,447.11,2024-01-23 23:45:00
WF_002185,BATCH_012,MACH_003,Post-Etch,93.21,3,None,90.445,117.51,241.08,51.48,119.03,483.27,2024-01-24 00:00:00
WF_002186,BATCH_014,MACH_003,Post-Etch,93.01,3,None,90.968,122.03,250.69,53.32,122.3,451.81,2024-01-24 00:15:00
WF_002187,BATCH_008,MACH_005,Post-Etch,90.87,4,Pattern Distortion,89.651,120.76,255.76,49.36,120.13,442.52,2024-01-24 00:30:00
WF_002188,BATCH_047,MACH_005,Post-Etch,96.53,1,None,90.367,115.56,247.29,51.58,119.09,461.82,2024-01-24 00:45:00
WF_002189,BATCH_028,MACH_005,Post-Etch,98.69,0,None,90.158,119.28,253.37,49.97,121.59,437.37,2024-01-24 01:00:00
WF_002190,BATCH_006,MACH_003,Post-Etch,97.28,1,None,89.897,116.45,249.05,49.57,119.9,464.25,2024-01-24 01:15:00
WF_002191,BATCH_024,MACH_003,Post-Etch,97.33,1,None,89.431,118.85,246.45,50.15,121.7,439.62,2024-01-24 01:30:00
WF_002192,BATCH_038,MACH_003,Post-Etch,86.44,7,Etch Pit,92.389,124.09,258.27,53.58,120.12,448.0,2024-01-24 01:45:00
WF_002193,BATCH_030,MACH_001,Post-Etch,90.63,5,Pattern Distortion,89.157,117.07,249.42,50.15,119.76,451.77,2024-01-24 02:00:00
WF_002194,BATCH_015,MACH_001,Post-Etch,97.5,1,None,90.246,121.6,251.25,50.99,121.17,459.19,2024-01-24 02:15:00
WF_002195,BATCH_035,MACH_004,Post-Etch,89.4,5,Contamination,91.622,122.3,252.65,53.42,119.38,457.28,2024-01-24 02:30:00
WF_002196,BATCH_011,MACH_004,Post-Etch,93.56,3,None,91.538,117.61,252.84,53.94,119.5,454.74,2024-01-24 02:45:00
WF_002197,BATCH_028,MACH_003,Post-Etch,98.57,0,None,90.42,124.92,250.8,51.51,119.49,463.72,2024-01-24 03:00:00
WF_002198,BATCH_040,MACH_002,Post-Etch,92.1,4,Micro-crack,91.429,119.73,252.72,55.29,118.74,447.33,2024-01-24 03:15:00
WF_002199,BATCH_012,MACH_004,Post-Etch,95.2,2,None,89.429,117.26,257.71,46.97,122.28,463.53,2024-01-24 03:30:00
WF_002200,BATCH_041,MACH_001,Post-Etch,93.88,3,None,90.827,124.5,255.47,51.0,119.17,433.68,2024-01-24 03:45:00
WF_002201,BATCH_042,MACH_004,Post-Etch,93.21,3,None,89.89,124.04,250.09,49.59,120.69,462.13,2024-01-24 04:00:00
WF_002202,BATCH_050,MACH_005,Post-Etch,95.11,2,None,89.425,122.18,248.07,49.17,119.8,441.22,2024-01-24 04:15:00
WF_002203,BATCH_015,MACH_001,Post-Etch,93.54,3,None,90.99,117.89,242.95,52.0,120.52,441.27,2024-01-24 04:30:00
WF_002204,BATCH_006,MACH_003,Post-Etch,97.09,1,None,90.361,118.31,249.33,51.11,116.93,446.96,2024-01-24 04:45:00
WF_002205,BATCH_033,MACH_001,Post-Etch,98.54,0,None,89.614,119.46,248.04,48.69,121.66,448.25,2024-01-24 05:00:00
WF_002206,BATCH_013,MACH_005,Post-Etch,99.0,0,None,89.521,122.06,241.73,50.05,119.9,445.41,2024-01-24 05:15:00
WF_002207,BATCH_009,MACH_005,Post-Etch,92.53,4,Contamination,89.106,119.75,245.63,48.71,121.22,441.39,2024-01-24 05:30:00
WF_002208,BATCH_030,MACH_001,Post-Etch,97.41,1,None,89.556,118.35,249.11,49.61,121.79,449.92,2024-01-24 05:45:00
WF_002209,BATCH_031,MACH_005,Post-Etch,98.12,1,None,89.364,117.83,249.53,49.03,118.95,442.04,2024-01-24 06:00:00
WF_002210,BATCH_049,MACH_005,Post-Etch,92.0,4,Micro-crack,90.022,120.28,254.95,49.04,120.35,433.46,2024-01-24 06:15:00
WF_002211,BATCH_021,MACH_002,Post-Etch,91.68,4,Contamination,93.234,118.89,248.95,57.11,119.51,444.28,2024-01-24 06:30:00
WF_002212,BATCH_014,MACH_001,Post-Etch,88.15,6,Etch Pit,88.741,116.74,250.77,46.78,119.86,444.91,2024-01-24 06:45:00
WF_002213,BATCH_022,MACH_003,Post-Etch,90.53,5,Photoresist Residue,89.153,120.0,256.81,47.98,120.04,436.47,2024-01-24 07:00:00
WF_002214,BATCH_005,MACH_001,Post-Etch,93.82,3,None,91.36,123.43,246.28,53.22,119.8,454.4,2024-01-24 07:15:00
WF_002215,BATCH_006,MACH_003,Post-Etch,92.0,4,Photoresist Residue,91.104,122.42,243.34,52.74,120.17,450.04,2024-01-24 07:30:00
WF_002216,BATCH_007,MACH_004,Post-Etch,89.31,5,Etch Pit,89.272,124.64,242.56,48.79,119.37,471.4,2024-01-24 07:45:00
WF_002217,BATCH_041,MACH_001,Post-Etch,93.42,3,None,88.724,117.55,247.01,47.07,120.18,454.44,2024-01-24 08:00:00
WF_002218,BATCH_043,MACH_002,Post-Etch,93.4,3,None,91.546,121.03,255.55,53.97,119.84,446.97,2024-01-24 08:15:00
WF_002219,BATCH_043,MACH_002,Post-Etch,84.44,8,Micro-crack,93.381,123.21,254.3,57.01,120.8,449.99,2024-01-24 08:30:00
WF_002220,BATCH_026,MACH_003,Post-Etch,97.25,1,None,90.456,123.02,254.04,51.16,120.11,443.86,2024-01-24 08:45:00
WF_002221,BATCH_032,MACH_003,Post-Etch,91.62,4,Micro-crack,88.503,123.36,254.11,47.23,119.64,440.19,2024-01-24 09:00:00
WF_002222,BATCH_029,MACH_004,Post-Etch,91.9,4,Contamination,91.398,122.47,248.19,53.09,118.93,450.12,2024-01-24 09:15:00
WF_002223,BATCH_027,MACH_005,Post-Etch,92.32,3,None,89.864,116.59,255.85,50.54,120.1,456.56,2024-01-24 09:30:00
WF_002224,BATCH_042,MACH_003,Post-Etch,96.58,1,None,89.213,116.46,252.88,48.0,120.11,441.8,2024-01-24 09:45:00
WF_002225,BATCH_026,MACH_001,Post-Etch,93.93,3,None,88.895,123.6,243.36,47.65,119.79,451.21,2024-01-24 10:00:00
WF_002226,BATCH_038,MACH_005,Post-Etch,94.01,3,None,89.936,124.04,252.64,49.52,120.46,447.44,2024-01-24 10:15:00
WF_002227,BATCH_034,MACH_001,Post-Etch,93.16,3,None,89.299,116.22,255.2,48.36,120.04,442.05,2024-01-24 10:30:00
WF_002228,BATCH_006,MACH_002,Post-Etch,94.56,2,None,90.254,124.58,249.12,51.51,120.66,444.72,2024-01-24 10:45:00
WF_002229,BATCH_040,MACH_003,Post-Etch,93.08,3,None,89.879,118.06,246.34,51.06,118.7,434.87,2024-01-24 11:00:00
WF_002230,BATCH_025,MACH_001,Post-Etch,88.31,6,Contamination,91.247,116.92,247.45,52.46,119.35,434.49,2024-01-24 11:15:00
WF_002231,BATCH_024,MACH_001,Post-Etch,97.57,1,None,90.533,123.25,251.61,51.89,120.43,455.02,2024-01-24 11:30:00
WF_002232,BATCH_025,MACH_001,Post-Etch,88.19,6,Contamination,92.247,117.28,263.41,53.37,118.61,471.32,2024-01-24 11:45:00
WF_002233,BATCH_039,MACH_001,Post-Etch,91.7,4,Micro-crack,89.735,124.6,244.57,50.29,119.61,458.77,2024-01-24 12:00:00
WF_002234,BATCH_006,MACH_005,Post-Etch,95.29,2,None,90.399,115.68,261.25,49.68,119.38,451.87,2024-01-24 12:15:00
WF_002235,BATCH_034,MACH_002,Post-Etch,91.79,4,Photoresist Residue,92.419,118.15,249.49,56.39,119.17,440.59,2024-01-24 12:30:00
WF_002236,BATCH_008,MACH_004,Post-Etch,95.25,2,None,89.406,120.6,256.1,47.98,119.12,454.55,2024-01-24 12:45:00
WF_002237,BATCH_036,MACH_001,Post-Etch,93.69,3,None,88.731,115.49,250.65,47.36,120.11,458.21,2024-01-24 13:00:00
WF_002238,BATCH_050,MACH_001,Post-Etch,95.45,2,None,90.738,121.23,247.25,52.49,118.61,443.58,2024-01-24 13:15:00
WF_002239,BATCH_014,MACH_001,Post-Etch,89.94,5,Contamination,90.117,119.66,257.12,49.18,121.13,456.73,2024-01-24 13:30:00
WF_002240,BATCH_034,MACH_003,Post-Etch,95.81,2,None,89.255,120.59,261.36,46.7,120.98,448.89,2024-01-24 13:45:00
WF_002241,BATCH_026,MACH_005,Post-Etch,93.58,3,None,90.864,121.09,256.1,52.16,120.11,438.55,2024-01-24 14:00:00
WF_002242,BATCH_027,MACH_001,Post-Etch,90.28,5,Photoresist Residue,89.242,122.65,248.07,47.86,119.89,448.6,2024-01-24 14:15:00
WF_002243,BATCH_030,MACH_005,Post-Etch,79.07,11,Etch Pit,88.777,115.93,249.9,47.33,119.73,449.95,2024-01-24 14:30:00
WF_002244,BATCH_024,MACH_004,Post-Etch,93.87,3,None,89.357,117.08,252.59,47.21,118.32,456.13,2024-01-24 14:45:00
WF_002245,BATCH_043,MACH_003,Post-Etch,97.06,1,None,90.253,115.6,252.44,50.17,120.65,459.59,2024-01-24 15:00:00
WF_002246,BATCH_001,MACH_001,Post-Etch,99.0,0,None,89.914,122.63,248.87,50.63,120.84,435.48,2024-01-24 15:15:00
WF_002247,BATCH_003,MACH_002,Post-Etch,90.0,5,Etch Pit,91.67,117.96,247.1,56.16,119.96,453.44,2024-01-24 15:30:00
WF_002248,BATCH_049,MACH_002,Post-Etch,88.01,6,Photoresist Residue,91.364,118.2,244.04,54.76,119.18,450.9,2024-01-24 15:45:00
WF_002249,BATCH_027,MACH_001,Post-Etch,91.18,4,Contamination,91.631,121.6,245.62,54.77,120.53,449.58,2024-01-24 16:00:00
WF_002250,BATCH_045,MACH_002,Post-Etch,94.08,3,None,90.942,119.42,257.59,52.24,121.22,442.19,2024-01-24 16:15:00
WF_002251,BATCH_020,MACH_004,Post-Etch,95.36,2,None,89.369,120.43,242.57,49.17,118.29,428.43,2024-01-24 16:30:00
WF_002252,BATCH_045,MACH_004,Post-Etch,92.08,4,Contamination,88.244,116.68,245.98,47.28,118.95,464.04,2024-01-24 16:45:00
WF_002253,BATCH_014,MACH_003,Post-Etch,91.77,4,Photoresist Residue,91.754,118.29,250.01,54.14,119.23,458.67,2024-01-24 17:00:00
WF_002254,BATCH_029,MACH_001,Post-Etch,95.18,2,None,88.368,119.66,253.4,45.16,118.5,443.66,2024-01-24 17:15:00
WF_002255,BATCH_050,MACH_002,Post-Etch,91.99,4,Micro-crack,92.121,119.11,250.84,55.02,119.74,455.26,2024-01-24 17:30:00
WF_002256,BATCH_018,MACH_002,Post-Etch,86.01,7,Pattern Distortion,93.061,119.12,257.44,56.81,120.59,458.71,2024-01-24 17:45:00
WF_002257,BATCH_036,MACH_002,Post-Etch,84.58,8,Micro-crack,94.349,115.5,245.6,60.77,119.84,444.71,2024-01-24 18:00:00
WF_002258,BATCH_048,MACH_001,Post-Etch,97.12,1,None,90.378,120.05,252.73,51.52,121.01,457.56,2024-01-24 18:15:00
WF_002259,BATCH_023,MACH_001,Post-Etch,93.74,3,None,90.682,120.22,244.4,50.54,119.87,451.62,2024-01-24 18:30:00
WF_002260,BATCH_028,MACH_002,Post-Etch,99.0,0,None,90.326,120.97,245.19,50.44,120.8,456.51,2024-01-24 18:45:00
WF_002261,BATCH_006,MACH_002,Post-Etch,96.78,1,None,90.624,115.75,242.36,52.4,119.29,441.22,2024-01-24 19:00:00
WF_002262,BATCH_010,MACH_003,Post-Etch,97.25,1,None,89.769,117.74,244.7,49.13,120.85,455.05,2024-01-24 19:15:00
WF_002263,BATCH_017,MACH_001,Post-Etch,99.0,0,None,89.876,118.33,248.92,49.91,120.26,456.15,2024-01-24 19:30:00
WF_002264,BATCH_044,MACH_005,Post-Etch,87.79,6,Etch Pit,90.094,122.53,252.03,49.64,120.07,450.19,2024-01-24 19:45:00
WF_002265,BATCH_029,MACH_003,Post-Etch,94.58,3,None,91.086,123.49,245.67,51.86,120.19,444.32,2024-01-24 20:00:00
WF_002266,BATCH_016,MACH_005,Post-Etch,90.19,5,Micro-crack,88.448,118.93,250.67,47.12,119.29,457.86,2024-01-24 20:15:00
WF_002267,BATCH_020,MACH_002,Post-Etch,91.16,4,Pattern Distortion,92.285,122.96,250.21,55.03,119.98,467.63,2024-01-24 20:30:00
WF_002268,BATCH_024,MACH_002,Post-Etch,91.81,4,Contamination,91.179,120.69,252.16,52.02,118.7,445.38,2024-01-24 20:45:00
WF_002269,BATCH_002,MACH_001,Post-Etch,94.33,3,None,88.844,116.71,243.04,48.81,119.95,434.49,2024-01-24 21:00:00
WF_002270,BATCH_022,MACH_001,Post-Etch,97.54,1,None,90.566,122.91,256.67,52.07,121.43,442.7,2024-01-24 21:15:00
WF_002271,BATCH_018,MACH_002,Post-Etch,95.78,2,None,92.0,124.34,257.91,55.11,119.88,436.81,2024-01-24 21:30:00
WF_002272,BATCH_037,MACH_005,Post-Etch,93.55,3,None,91.123,117.27,257.81,50.97,119.24,459.31,2024-01-24 21:45:00
WF_002273,BATCH_030,MACH_001,Post-Etch,93.38,3,None,90.851,124.49,260.61,50.52,119.88,478.67,2024-01-24 22:00:00
WF_002274,BATCH_036,MACH_005,Post-Etch,96.97,1,None,89.354,122.25,254.65,47.84,120.86,438.97,2024-01-24 22:15:00
WF_002275,BATCH_039,MACH_001,Post-Etch,96.58,1,None,90.019,120.24,251.41,48.72,118.46,448.35,2024-01-24 22:30:00
WF_002276,BATCH_035,MACH_003,Post-Etch,91.83,4,Pattern Distortion,88.99,120.75,250.69,47.67,121.14,441.33,2024-01-24 22:45:00
WF_002277,BATCH_040,MACH_001,Post-Etch,94.89,2,None,88.964,123.32,241.05,48.14,119.59,435.59,2024-01-24 23:00:00
WF_002278,BATCH_025,MACH_005,Post-Etch,97.01,1,None,89.534,123.77,250.11,49.02,121.46,469.92,2024-01-24 23:15:00
WF_002279,BATCH_024,MACH_004,Post-Etch,97.87,1,None,89.843,123.94,255.62,48.69,120.64,445.04,2024-01-24 23:30:00
WF_002280,BATCH_028,MACH_003,Post-Etch,93.72,3,None,88.176,116.99,252.66,45.68,120.54,455.54,2024-01-24 23:45:00
WF_002281,BATCH_002,MACH_001,Post-Etch,91.84,4,Etch Pit,90.043,118.71,248.85,49.95,121.27,473.71,2024-01-25 00:00:00
WF_002282,BATCH_021,MACH_004,Post-Etch,97.08,1,None,89.642,122.92,248.89,48.86,120.82,460.38,2024-01-25 00:15:00
WF_002283,BATCH_020,MACH_001,Post-Etch,84.61,8,Contamination,88.382,116.95,247.46,46.41,120.51,429.07,2024-01-25 00:30:00
WF_002284,BATCH_004,MACH_002,Post-Etch,93.46,3,None,92.548,124.65,249.94,56.24,120.5,437.3,2024-01-25 00:45:00
WF_002285,BATCH_044,MACH_003,Post-Etch,91.65,4,Contamination,90.435,119.57,251.29,50.81,121.4,436.43,2024-01-25 01:00:00
WF_002286,BATCH_040,MACH_002,Post-Etch,94.58,2,None,89.717,123.43,253.03,49.89,119.49,448.57,2024-01-25 01:15:00
WF_002287,BATCH_026,MACH_002,Post-Etch,87.36,7,Etch Pit,92.417,115.73,244.96,55.53,121.63,441.76,2024-01-25 01:30:00
WF_002288,BATCH_004,MACH_004,Post-Etch,97.72,1,None,89.46,119.65,255.8,47.22,119.15,453.09,2024-01-25 01:45:00
WF_002289,BATCH_027,MACH_002,Post-Etch,93.83,3,None,91.556,116.74,250.28,54.4,120.63,442.44,2024-01-25 02:00:00
WF_002290,BATCH_011,MACH_005,Post-Etch,89.8,5,Micro-crack,90.354,118.86,249.21,52.13,118.83,452.85,2024-01-25 02:15:00
WF_002291,BATCH_048,MACH_005,Post-Etch,90.12,5,Etch Pit,91.446,119.14,255.53,53.41,120.42,453.82,2024-01-25 02:30:00
WF_002292,BATCH_012,MACH_002,Post-Etch,93.68,3,None,90.641,122.94,256.53,51.25,118.03,433.38,2024-01-25 02:45:00
WF_002293,BATCH_041,MACH_001,Post-Etch,91.86,4,Photoresist Residue,89.676,124.05,248.88,48.78,119.89,464.1,2024-01-25 03:00:00
WF_002294,BATCH_045,MACH_001,Post-Etch,94.76,2,None,90.345,120.09,250.39,49.75,120.98,443.94,2024-01-25 03:15:00
WF_002295,BATCH_003,MACH_004,Post-Etch,97.64,1,None,90.091,118.97,252.58,49.83,121.01,457.23,2024-01-25 03:30:00
WF_002296,BATCH_031,MACH_002,Post-Etch,93.61,3,None,91.508,121.59,249.51,54.2,119.21,447.08,2024-01-25 03:45:00
WF_002297,BATCH_017,MACH_003,Post-Etch,95.01,2,None,90.624,118.75,249.46,51.57,119.47,447.87,2024-01-25 04:00:00
WF_002298,BATCH_018,MACH_001,Post-Etch,96.1,2,None,89.015,117.01,248.77,47.01,116.5,457.69,2024-01-25 04:15:00
WF_002299,BATCH_046,MACH_002,Post-Etch,92.1,4,Photoresist Residue,91.044,121.3,247.29,52.48,120.32,461.94,2024-01-25 04:30:00
WF_002300,BATCH_003,MACH_005,Post-Etch,95.64,2,None,89.769,119.49,251.0,48.75,119.45,454.56,2024-01-25 04:45:00
WF_002301,BATCH_014,MACH_001,Post-Etch,95.61,2,None,89.135,117.24,245.12,49.07,120.83,448.01,2024-01-25 05:00:00
WF_002302,BATCH_020,MACH_002,Post-Etch,95.51,2,None,91.243,124.4,258.87,52.09,118.96,452.97,2024-01-25 05:15:00
WF_002303,BATCH_024,MACH_001,Post-Etch,93.5,3,None,90.633,116.68,246.12,52.54,120.94,445.42,2024-01-25 05:30:00
WF_002304,BATCH_002,MACH_002,Post-Etch,92.86,3,None,91.974,121.14,251.11,54.77,120.89,440.99,2024-01-25 05:45:00
WF_002305,BATCH_039,MACH_004,Post-Etch,93.97,3,None,89.496,123.73,242.76,50.24,120.9,445.31,2024-01-25 06:00:00
WF_002306,BATCH_035,MACH_002,Post-Etch,92.82,4,Contamination,91.374,118.38,251.11,52.93,119.76,441.75,2024-01-25 06:15:00
WF_002307,BATCH_035,MACH_004,Post-Etch,95.33,2,None,88.662,115.76,244.29,46.81,119.81,463.12,2024-01-25 06:30:00
WF_002308,BATCH_044,MACH_003,Post-Etch,97.59,1,None,90.433,115.7,249.27,50.34,119.84,431.29,2024-01-25 06:45:00
WF_002309,BATCH_026,MACH_002,Post-Etch,95.14,2,None,90.972,117.97,253.15,51.85,119.29,458.12,2024-01-25 07:00:00
WF_002310,BATCH_006,MACH_004,Post-Etch,95.95,2,None,89.849,122.24,254.85,48.2,120.12,450.54,2024-01-25 07:15:00
WF_002311,BATCH_038,MACH_001,Post-Etch,93.61,3,None,89.158,121.36,245.9,47.43,119.64,439.71,2024-01-25 07:30:00
WF_002312,BATCH_021,MACH_004,Post-Etch,91.89,4,Micro-crack,90.875,123.98,240.81,52.69,119.71,443.87,2024-01-25 07:45:00
WF_002313,BATCH_046,MACH_002,Post-Etch,86.85,7,Photoresist Residue,92.611,122.04,252.51,55.38,119.44,458.97,2024-01-25 08:00:00
WF_002314,BATCH_012,MACH_004,Post-Etch,90.13,5,Etch Pit,88.702,118.73,247.29,48.14,120.11,444.42,2024-01-25 08:15:00
WF_002315,BATCH_033,MACH_004,Post-Etch,97.86,1,None,89.582,123.17,259.75,47.98,118.58,430.25,2024-01-25 08:30:00
WF_002316,BATCH_015,MACH_003,Post-Etch,97.21,1,None,89.651,122.92,255.45,47.64,119.5,422.49,2024-01-25 08:45:00
WF_002317,BATCH_001,MACH_004,Post-Etch,95.22,2,None,89.545,119.42,250.19,49.28,119.88,465.66,2024-01-25 09:00:00
WF_002318,BATCH_002,MACH_005,Post-Etch,94.22,3,None,89.143,121.75,243.26,49.93,120.89,459.14,2024-01-25 09:15:00
WF_002319,BATCH_021,MACH_003,Post-Etch,97.5,1,None,90.279,116.42,244.46,50.21,120.38,456.43,2024-01-25 09:30:00
WF_002320,BATCH_038,MACH_004,Post-Etch,94.16,3,None,89.762,122.77,243.43,50.7,120.0,464.04,2024-01-25 09:45:00
WF_002321,BATCH_025,MACH_002,Post-Etch,94.7,3,None,92.579,119.01,248.71,56.93,120.93,462.61,2024-01-25 10:00:00
WF_002322,BATCH_038,MACH_005,Post-Etch,90.2,5,Photoresist Residue,88.992,119.11,249.54,48.0,121.69,456.56,2024-01-25 10:15:00
WF_002323,BATCH_050,MACH_005,Post-Etch,94.36,3,None,91.358,123.16,261.32,51.91,120.48,450.28,2024-01-25 10:30:00
WF_002324,BATCH_019,MACH_003,Post-Etch,93.84,3,None,89.077,115.74,249.74,47.69,120.83,449.63,2024-01-25 10:45:00
WF_002325,BATCH_030,MACH_004,Post-Etch,97.38,1,None,89.851,118.73,249.87,50.61,120.11,452.14,2024-01-25 11:00:00
WF_002326,BATCH_015,MACH_003,Post-Etch,94.31,3,None,89.446,122.88,249.14,49.46,121.96,452.5,2024-01-25 11:15:00
WF_002327,BATCH_039,MACH_002,Post-Etch,93.96,3,None,90.954,122.8,254.23,52.86,120.01,459.93,2024-01-25 11:30:00
WF_002328,BATCH_046,MACH_004,Post-Etch,94.54,2,None,89.445,123.77,252.5,48.85,119.72,460.56,2024-01-25 11:45:00
WF_002329,BATCH_004,MACH_001,Post-Etch,94.63,3,None,88.351,117.06,243.51,47.05,119.67,449.7,2024-01-25 12:00:00
WF_002330,BATCH_012,MACH_001,Post-Etch,93.29,3,None,90.675,121.98,253.32,50.82,117.93,455.89,2024-01-25 12:15:00
WF_002331,BATCH_038,MACH_002,Post-Etch,93.48,3,None,92.315,118.17,255.15,54.7,119.24,451.49,2024-01-25 12:30:00
WF_002332,BATCH_024,MACH_002,Post-Etch,91.4,4,Micro-crack,91.218,123.8,258.55,52.76,121.35,461.75,2024-01-25 12:45:00
WF_002333,BATCH_014,MACH_003,Post-Etch,96.56,1,None,90.013,116.99,248.34,50.73,120.24,457.37,2024-01-25 13:00:00
WF_002334,BATCH_006,MACH_004,Post-Etch,91.52,4,Pattern Distortion,87.911,121.78,241.4,45.3,120.28,450.99,2024-01-25 13:15:00
WF_002335,BATCH_002,MACH_004,Post-Etch,96.16,1,None,89.255,121.44,247.9,49.02,120.72,434.36,2024-01-25 13:30:00
WF_002336,BATCH_021,MACH_005,Post-Etch,95.76,2,None,89.828,115.34,248.63,49.73,119.9,453.03,2024-01-25 13:45:00
WF_002337,BATCH_025,MACH_001,Post-Etch,95.5,2,None,90.311,121.81,248.47,50.4,120.84,464.81,2024-01-25 14:00:00
WF_002338,BATCH_003,MACH_004,Post-Etch,90.1,5,Photoresist Residue,89.598,120.69,252.45,49.63,120.98,452.64,2024-01-25 14:15:00
WF_002339,BATCH_003,MACH_002,Post-Etch,92.82,3,None,91.73,119.18,248.42,55.17,119.97,453.0,2024-01-25 14:30:00
WF_002340,BATCH_004,MACH_001,Post-Etch,95.59,2,None,91.176,124.17,246.29,53.24,120.81,446.28,2024-01-25 14:45:00
WF_002341,BATCH_028,MACH_003,Post-Etch,97.39,1,None,90.803,116.79,254.23,51.37,120.43,438.95,2024-01-25 15:00:00
WF_002342,BATCH_026,MACH_001,Post-Etch,91.15,4,Pattern Distortion,91.646,121.58,248.51,54.17,119.1,459.72,2024-01-25 15:15:00
WF_002343,BATCH_004,MACH_005,Post-Etch,93.68,3,None,88.437,120.05,250.93,45.44,120.12,452.27,2024-01-25 15:30:00
WF_002344,BATCH_041,MACH_002,Post-Etch,91.6,4,Contamination,90.668,120.26,235.9,51.67,118.26,438.04,2024-01-25 15:45:00
WF_002345,BATCH_005,MACH_001,Post-Etch,95.85,2,None,90.577,116.87,251.3,50.91,118.85,450.24,2024-01-25 16:00:00
WF_002346,BATCH_046,MACH_005,Post-Etch,96.12,2,None,89.689,116.68,253.65,48.64,121.05,469.75,2024-01-25 16:15:00
WF_002347,BATCH_043,MACH_001,Post-Etch,95.22,2,None,89.787,121.68,249.84,50.69,120.56,440.91,2024-01-25 16:30:00
WF_002348,BATCH_042,MACH_001,Post-Etch,99.0,0,None,89.788,124.26,246.92,50.45,119.41,457.01,2024-01-25 16:45:00
WF_002349,BATCH_036,MACH_002,Post-Etch,98.65,1,None,90.132,117.82,249.21,51.29,120.06,430.62,2024-01-25 17:00:00
WF_002350,BATCH_032,MACH_005,Post-Etch,99.0,0,None,90.323,115.04,256.64,49.85,119.47,459.45,2024-01-25 17:15:00
WF_002351,BATCH_038,MACH_001,Post-Etch,96.11,1,None,89.528,115.75,243.95,51.04,122.08,468.3,2024-01-25 17:30:00
WF_002352,BATCH_006,MACH_003,Post-Etch,99.0,0,None,89.531,124.15,245.83,48.95,120.31,469.6,2024-01-25 17:45:00
WF_002353,BATCH_042,MACH_004,Post-Etch,97.16,1,None,90.258,117.68,249.05,51.07,117.64,438.95,2024-01-25 18:00:00
WF_002354,BATCH_034,MACH_004,Post-Etch,95.64,2,None,89.056,120.96,236.73,48.53,119.79,449.9,2024-01-25 18:15:00
WF_002355,BATCH_042,MACH_001,Post-Etch,98.75,0,None,90.258,124.57,255.31,50.06,121.25,436.99,2024-01-25 18:30:00
WF_002356,BATCH_048,MACH_004,Post-Etch,92.02,4,Contamination,90.633,115.13,256.46,51.11,121.45,450.65,2024-01-25 18:45:00
WF_002357,BATCH_014,MACH_005,Post-Etch,96.82,1,None,90.08,118.35,247.09,50.17,119.28,457.37,2024-01-25 19:00:00
WF_002358,BATCH_045,MACH_003,Post-Etch,91.69,4,Contamination,89.599,121.89,250.63,50.57,119.81,462.09,2024-01-25 19:15:00
WF_002359,BATCH_008,MACH_003,Post-Etch,96.01,2,None,89.62,118.54,253.17,49.84,118.2,453.2,2024-01-25 19:30:00
WF_002360,BATCH_008,MACH_004,Post-Etch,94.01,3,None,91.045,124.53,248.91,51.62,121.75,455.38,2024-01-25 19:45:00
WF_002361,BATCH_008,MACH_005,Post-Etch,96.31,2,None,89.418,124.7,253.35,49.03,119.89,455.74,2024-01-25 20:00:00
WF_002362,BATCH_032,MACH_002,Post-Etch,87.56,6,Pattern Distortion,91.879,123.96,244.99,55.84,119.13,467.26,2024-01-25 20:15:00
WF_002363,BATCH_023,MACH_004,Post-Etch,96.97,1,None,90.641,124.06,253.91,50.74,121.25,465.26,2024-01-25 20:30:00
WF_002364,BATCH_041,MACH_004,Post-Etch,94.03,3,None,90.281,117.36,254.88,49.81,119.71,441.55,2024-01-25 20:45:00
WF_002365,BATCH_048,MACH_005,Post-Etch,92.27,4,Photoresist Residue,90.343,118.52,248.91,52.32,120.22,436.97,2024-01-25 21:00:00
WF_002366,BATCH_022,MACH_001,Post-Etch,96.55,1,None,89.967,121.46,257.0,49.92,118.94,452.64,2024-01-25 21:15:00
WF_002367,BATCH_044,MACH_004,Post-Etch,93.21,3,None,88.583,116.03,245.15,47.07,118.34,440.23,2024-01-25 21:30:00
WF_002368,BATCH_016,MACH_004,Post-Etch,94.83,2,None,88.539,117.18,246.78,46.82,118.13,461.29,2024-01-25 21:45:00
WF_002369,BATCH_005,MACH_005,Post-Etch,95.36,2,None,88.729,115.93,252.05,47.14,119.63,436.71,2024-01-25 22:00:00
WF_002370,BATCH_050,MACH_001,Post-Etch,97.54,1,None,91.017,124.92,251.15,51.91,119.15,444.91,2024-01-25 22:15:00
WF_002371,BATCH_020,MACH_001,Post-Etch,89.97,5,Contamination,88.497,123.98,246.61,47.46,119.62,448.72,2024-01-25 22:30:00
WF_002372,BATCH_044,MACH_004,Post-Etch,93.19,3,None,90.625,120.01,249.53,50.54,119.35,434.95,2024-01-25 22:45:00
WF_002373,BATCH_042,MACH_003,Post-Etch,93.55,3,None,89.558,119.63,248.18,47.92,120.45,439.77,2024-01-25 23:00:00
WF_002374,BATCH_038,MACH_005,Post-Etch,92.07,4,Pattern Distortion,88.232,124.21,245.52,46.59,118.56,459.06,2024-01-25 23:15:00
WF_002375,BATCH_025,MACH_004,Post-Etch,95.63,2,None,90.791,120.84,247.85,51.74,119.21,419.79,2024-01-25 23:30:00
WF_002376,BATCH_028,MACH_002,Post-Etch,96.44,1,None,89.445,121.45,251.05,48.71,120.2,446.81,2024-01-25 23:45:00
WF_002377,BATCH_004,MACH_002,Post-Etch,94.12,3,None,91.901,119.04,251.89,53.94,119.32,433.07,2024-01-26 00:00:00
WF_002378,BATCH_045,MACH_004,Post-Etch,97.49,1,None,89.631,121.13,255.79,48.62,118.95,450.86,2024-01-26 00:15:00
WF_002379,BATCH_012,MACH_005,Post-Etch,95.59,2,None,91.202,115.87,253.83,52.53,118.61,439.77,2024-01-26 00:30:00
WF_002380,BATCH_039,MACH_005,Post-Etch,95.68,2,None,89.806,119.86,248.13,50.39,119.32,462.43,2024-01-26 00:45:00
WF_002381,BATCH_024,MACH_002,Post-Etch,91.84,4,Contamination,91.815,122.34,244.09,54.22,120.3,452.01,2024-01-26 01:00:00
WF_002382,BATCH_033,MACH_005,Post-Etch,92.93,3,None,90.072,123.5,257.57,48.42,121.47,464.98,2024-01-26 01:15:00
WF_002383,BATCH_008,MACH_002,Post-Etch,93.42,3,None,89.755,119.92,252.6,48.8,118.73,444.6,2024-01-26 01:30:00
WF_002384,BATCH_023,MACH_004,Post-Etch,94.89,2,None,89.69,116.74,247.61,49.74,119.94,455.55,2024-01-26 01:45:00
WF_002385,BATCH_012,MACH_002,Post-Etch,92.99,3,None,91.382,124.08,247.18,53.5,119.48,429.97,2024-01-26 02:00:00
WF_002386,BATCH_020,MACH_001,Post-Etch,95.36,2,None,89.118,118.72,250.97,48.28,119.34,454.54,2024-01-26 02:15:00
WF_002387,BATCH_036,MACH_001,Post-Etch,93.23,3,None,90.752,117.81,251.64,51.66,120.32,450.53,2024-01-26 02:30:00
WF_002388,BATCH_040,MACH_001,Post-Etch,93.14,3,None,90.164,124.13,255.06,49.4,120.79,453.06,2024-01-26 02:45:00
WF_002389,BATCH_037,MACH_003,Post-Etch,95.51,2,None,90.577,121.68,251.63,50.27,120.35,447.15,2024-01-26 03:00:00
WF_002390,BATCH_017,MACH_004,Post-Etch,95.97,2,None,90.371,115.24,254.9,50.86,118.66,438.16,2024-01-26 03:15:00
WF_002391,BATCH_014,MACH_002,Post-Etch,89.75,5,Photoresist Residue,90.324,119.09,251.09,50.03,120.16,464.46,2024-01-26 03:30:00
WF_002392,BATCH_006,MACH_002,Post-Etch,91.91,4,Contamination,91.105,118.19,253.97,52.7,120.39,448.95,2024-01-26 03:45:00
WF_002393,BATCH_009,MACH_005,Post-Etch,95.61,2,None,89.027,115.65,247.66,47.97,118.45,466.45,2024-01-26 04:00:00
WF_002394,BATCH_031,MACH_003,Post-Etch,98.35,0,None,89.743,122.32,250.37,49.11,121.22,444.7,2024-01-26 04:15:00
WF_002395,BATCH_044,MACH_004,Post-Etch,91.63,4,Micro-crack,88.776,123.35,248.12,48.67,119.09,458.06,2024-01-26 04:30:00
WF_002396,BATCH_030,MACH_005,Post-Etch,91.63,4,Etch Pit,91.823,119.3,252.88,53.87,119.57,458.03,2024-01-26 04:45:00
WF_002397,BATCH_029,MACH_002,Post-Etch,96.61,1,None,90.079,122.6,251.67,49.81,119.43,447.37,2024-01-26 05:00:00
WF_002398,BATCH_041,MACH_003,Post-Etch,95.75,2,None,91.829,118.9,257.17,52.29,120.59,438.58,2024-01-26 05:15:00
WF_002399,BATCH_022,MACH_001,Post-Etch,97.3,1,None,90.39,118.83,253.78,50.52,121.05,446.28,2024-01-26 05:30:00
WF_002400,BATCH_027,MACH_005,Post-Etch,92.87,3,None,91.5,115.99,249.92,53.39,122.41,452.1,2024-01-26 05:45:00
WF_002401,BATCH_026,MACH_005,Post-Etch,86.16,7,Etch Pit,88.183,116.03,250.49,45.22,120.8,457.65,2024-01-26 06:00:00
WF_002402,BATCH_021,MACH_004,Post-Etch,95.65,1,None,90.472,121.49,249.01,51.43,120.45,442.4,2024-01-26 06:15:00
WF_002403,BATCH_016,MACH_004,Post-Etch,92.98,3,None,88.092,118.77,258.85,43.79,119.55,464.31,2024-01-26 06:30:00
WF_002404,BATCH_049,MACH_003,Post-Etch,88.01,6,Etch Pit,89.674,119.81,245.17,49.97,119.66,447.93,2024-01-26 06:45:00
WF_002405,BATCH_050,MACH_005,Post-Etch,93.86,3,None,89.937,118.73,243.93,50.42,119.81,468.59,2024-01-26 07:00:00
WF_002406,BATCH_020,MACH_004,Post-Etch,95.09,2,None,90.163,117.86,252.15,50.57,119.82,458.63,2024-01-26 07:15:00
WF_002407,BATCH_042,MACH_005,Post-Etch,95.73,2,None,91.461,116.71,252.51,54.69,118.77,457.82,2024-01-26 07:30:00
WF_002408,BATCH_026,MACH_005,Post-Etch,92.16,4,Contamination,90.985,115.81,263.46,51.06,120.38,456.51,2024-01-26 07:45:00
WF_002409,BATCH_022,MACH_002,Post-Etch,96.24,2,None,88.803,124.9,248.79,47.59,118.8,446.12,2024-01-26 08:00:00
WF_002410,BATCH_012,MACH_004,Post-Etch,97.5,1,None,89.548,115.69,240.7,50.3,121.62,455.89,2024-01-26 08:15:00
WF_002411,BATCH_025,MACH_004,Post-Etch,93.55,3,None,90.198,116.48,243.06,50.82,121.16,446.17,2024-01-26 08:30:00
WF_002412,BATCH_016,MACH_003,Post-Etch,95.37,2,None,90.995,118.74,250.77,51.97,120.31,439.12,2024-01-26 08:45:00
WF_002413,BATCH_048,MACH_005,Post-Etch,96.81,1,None,89.045,119.98,247.52,49.26,120.87,464.32,2024-01-26 09:00:00
WF_002414,BATCH_013,MACH_002,Post-Etch,89.98,5,Etch Pit,91.81,120.54,252.26,54.41,120.05,451.36,2024-01-26 09:15:00
WF_002415,BATCH_037,MACH_005,Post-Etch,88.03,6,Photoresist Residue,87.729,119.31,250.85,44.66,122.96,451.9,2024-01-26 09:30:00
WF_002416,BATCH_005,MACH_002,Post-Etch,92.12,4,Photoresist Residue,92.582,118.45,247.58,57.14,120.86,446.45,2024-01-26 09:45:00
WF_002417,BATCH_022,MACH_002,Post-Etch,94.54,2,None,90.926,119.92,240.04,54.05,119.61,447.77,2024-01-26 10:00:00
WF_002418,BATCH_008,MACH_001,Post-Etch,98.67,0,None,90.163,122.56,246.41,50.97,120.97,458.75,2024-01-26 10:15:00
WF_002419,BATCH_022,MACH_005,Post-Etch,96.09,2,None,90.281,124.68,240.79,50.38,120.11,430.63,2024-01-26 10:30:00
WF_002420,BATCH_038,MACH_002,Post-Etch,92.09,4,Pattern Distortion,90.506,115.07,254.27,50.56,120.14,457.15,2024-01-26 10:45:00
WF_002421,BATCH_033,MACH_004,Post-Etch,88.11,6,Pattern Distortion,88.45,116.82,245.38,47.1,121.09,443.93,2024-01-26 11:00:00
WF_002422,BATCH_011,MACH_003,Post-Etch,88.45,6,Micro-crack,88.56,123.39,248.33,47.45,120.69,450.3,2024-01-26 11:15:00
WF_002423,BATCH_021,MACH_003,Post-Etch,97.24,1,None,89.784,116.79,251.1,48.8,120.17,428.15,2024-01-26 11:30:00
WF_002424,BATCH_002,MACH_001,Post-Etch,94.81,2,None,89.038,118.44,249.3,46.52,120.52,457.23,2024-01-26 11:45:00
WF_002425,BATCH_008,MACH_004,Post-Etch,95.26,2,None,89.14,121.33,248.31,48.28,120.14,463.27,2024-01-26 12:00:00
WF_002426,BATCH_009,MACH_002,Post-Etch,94.94,2,None,89.56,118.28,245.68,48.73,118.26,447.7,2024-01-26 12:15:00
WF_002427,BATCH_038,MACH_002,Post-Etch,91.21,4,Pattern Distortion,92.194,115.05,250.7,55.57,119.75,447.93,2024-01-26 12:30:00
WF_002428,BATCH_004,MACH_003,Post-Etch,93.16,3,None,89.999,121.54,242.58,49.79,118.74,462.23,2024-01-26 12:45:00
WF_002429,BATCH_034,MACH_002,Post-Etch,95.9,2,None,91.165,118.67,247.17,51.84,120.15,446.88,2024-01-26 13:00:00
WF_002430,BATCH_010,MACH_002,Post-Etch,83.41,9,Pattern Distortion,93.296,122.16,249.46,58.06,120.08,441.19,2024-01-26 13:15:00
WF_002431,BATCH_040,MACH_002,Post-Etch,92.38,4,Contamination,91.46,121.81,240.27,54.93,120.65,453.15,2024-01-26 13:30:00
WF_002432,BATCH_029,MACH_001,Post-Etch,88.51,6,Contamination,91.403,121.21,247.9,53.4,119.75,446.12,2024-01-26 13:45:00
WF_002433,BATCH_035,MACH_001,Post-Etch,95.22,2,None,88.88,120.27,247.09,46.97,120.46,451.07,2024-01-26 14:00:00
WF_002434,BATCH_023,MACH_001,Post-Etch,90.13,5,Photoresist Residue,91.342,117.81,253.66,52.82,121.79,436.66,2024-01-26 14:15:00
WF_002435,BATCH_027,MACH_005,Post-Etch,91.56,4,Contamination,89.468,118.56,246.77,47.39,119.31,453.11,2024-01-26 14:30:00
WF_002436,BATCH_039,MACH_002,Post-Etch,88.54,6,Photoresist Residue,92.179,119.15,252.64,56.19,120.84,463.7,2024-01-26 14:45:00
WF_002437,BATCH_031,MACH_004,Post-Etch,88.82,5,Micro-crack,89.49,120.03,247.09,48.87,119.3,422.67,2024-01-26 15:00:00
WF_002438,BATCH_035,MACH_004,Post-Etch,97.46,1,None,89.382,116.75,249.45,49.16,118.96,453.22,2024-01-26 15:15:00
WF_002439,BATCH_035,MACH_001,Post-Etch,95.54,2,None,89.637,115.48,249.24,49.89,120.29,461.68,2024-01-26 15:30:00
WF_002440,BATCH_029,MACH_002,Post-Etch,94.21,2,None,90.803,121.11,253.13,52.82,120.74,436.18,2024-01-26 15:45:00
WF_002441,BATCH_002,MACH_001,Post-Etch,96.53,2,None,88.421,124.41,247.62,45.63,118.6,463.4,2024-01-26 16:00:00
WF_002442,BATCH_049,MACH_001,Post-Etch,97.37,1,None,90.163,117.46,252.97,49.63,120.41,431.06,2024-01-26 16:15:00
WF_002443,BATCH_050,MACH_005,Post-Etch,93.72,3,None,89.865,116.68,250.41,48.94,120.04,450.85,2024-01-26 16:30:00
WF_002444,BATCH_006,MACH_001,Post-Etch,91.1,4,Contamination,89.916,120.72,245.27,50.28,120.09,441.02,2024-01-26 16:45:00
WF_002445,BATCH_030,MACH_004,Post-Etch,91.9,4,Pattern Distortion,91.139,117.89,247.21,52.55,120.85,457.46,2024-01-26 17:00:00
WF_002446,BATCH_049,MACH_001,Post-Etch,95.29,2,None,89.73,118.26,249.46,49.32,119.58,458.14,2024-01-26 17:15:00
WF_002447,BATCH_043,MACH_005,Post-Etch,97.37,1,None,90.348,124.38,253.77,50.65,121.44,445.11,2024-01-26 17:30:00
WF_002448,BATCH_030,MACH_004,Post-Etch,96.69,1,None,90.241,116.09,256.11,50.92,122.3,448.11,2024-01-26 17:45:00
WF_002449,BATCH_034,MACH_002,Post-Etch,90.19,5,Photoresist Residue,91.18,124.37,252.01,52.55,118.87,457.06,2024-01-26 18:00:00
WF_002450,BATCH_024,MACH_002,Post-Etch,90.95,5,Pattern Distortion,91.942,120.4,252.72,54.84,119.32,452.4,2024-01-26 18:15:00
WF_002451,BATCH_032,MACH_002,Post-Etch,93.32,3,None,91.471,121.72,252.35,52.93,120.68,448.76,2024-01-26 18:30:00
WF_002452,BATCH_003,MACH_003,Post-Etch,91.54,4,Contamination,90.904,116.72,245.68,52.6,119.61,465.87,2024-01-26 18:45:00
WF_002453,BATCH_012,MACH_002,Post-Etch,87.77,6,Contamination,91.343,115.97,256.64,53.82,119.36,440.8,2024-01-26 19:00:00
WF_002454,BATCH_040,MACH_003,Post-Etch,95.26,2,None,91.048,115.37,245.68,53.2,122.0,452.63,2024-01-26 19:15:00
WF_002455,BATCH_019,MACH_001,Post-Etch,90.11,5,Contamination,90.075,122.6,255.67,49.74,119.41,451.47,2024-01-26 19:30:00
WF_002456,BATCH_005,MACH_002,Post-Etch,92.11,4,Contamination,92.469,118.93,250.0,55.17,120.1,438.56,2024-01-26 19:45:00
WF_002457,BATCH_035,MACH_002,Post-Etch,95.7,2,None,91.455,124.94,249.69,54.02,119.54,446.13,2024-01-26 20:00:00
WF_002458,BATCH_013,MACH_003,Post-Etch,97.65,1,None,90.464,118.24,248.34,51.33,120.21,462.48,2024-01-26 20:15:00
WF_002459,BATCH_024,MACH_005,Post-Etch,93.62,3,None,88.804,124.94,256.27,46.86,119.07,451.78,2024-01-26 20:30:00
WF_002460,BATCH_005,MACH_004,Post-Etch,95.82,2,None,89.971,121.85,244.3,49.3,120.82,471.89,2024-01-26 20:45:00
WF_002461,BATCH_047,MACH_002,Post-Etch,89.92,5,Etch Pit,92.548,118.05,249.76,54.78,118.52,455.5,2024-01-26 21:00:00
WF_002462,BATCH_040,MACH_001,Post-Etch,99.0,0,None,90.494,115.64,247.45,50.41,120.26,452.29,2024-01-26 21:15:00
WF_002463,BATCH_045,MACH_003,Post-Etch,93.12,3,None,90.345,120.55,253.65,50.19,120.2,446.17,2024-01-26 21:30:00
WF_002464,BATCH_026,MACH_005,Post-Etch,93.01,3,None,89.184,116.21,246.66,49.56,121.64,440.03,2024-01-26 21:45:00
WF_002465,BATCH_050,MACH_002,Post-Etch,92.69,3,None,91.923,123.98,246.06,54.56,120.87,445.3,2024-01-26 22:00:00
WF_002466,BATCH_039,MACH_002,Post-Etch,97.76,1,None,89.403,118.02,243.72,49.19,120.23,456.46,2024-01-26 22:15:00
WF_002467,BATCH_006,MACH_005,Post-Etch,97.45,1,None,90.202,119.84,241.15,50.46,120.17,456.05,2024-01-26 22:30:00
WF_002468,BATCH_017,MACH_002,Post-Etch,88.35,6,Contamination,92.678,124.93,259.13,54.22,119.66,459.85,2024-01-26 22:45:00
WF_002469,BATCH_006,MACH_003,Post-Etch,93.82,3,None,91.763,123.38,256.92,53.11,120.22,446.05,2024-01-26 23:00:00
WF_002470,BATCH_045,MACH_002,Post-Etch,87.37,6,Micro-crack,92.287,116.34,242.32,55.44,117.75,444.8,2024-01-26 23:15:00
WF_002471,BATCH_024,MACH_003,Post-Etch,90.8,4,Micro-crack,88.346,115.41,244.11,46.73,120.24,456.33,2024-01-26 23:30:00
WF_002472,BATCH_018,MACH_002,Post-Etch,89.17,6,Contamination,90.865,116.01,246.56,52.63,120.76,449.83,2024-01-26 23:45:00
WF_002473,BATCH_023,MACH_001,Post-Etch,92.65,4,Photoresist Residue,90.706,116.95,250.7,51.0,119.99,455.59,2024-01-27 00:00:00
WF_002474,BATCH_011,MACH_005,Post-Etch,89.72,5,Pattern Distortion,88.372,115.39,248.63,46.63,120.14,454.01,2024-01-27 00:15:00
WF_002475,BATCH_030,MACH_001,Post-Etch,95.28,2,None,90.497,120.62,246.49,53.38,118.72,454.22,2024-01-27 00:30:00
WF_002476,BATCH_024,MACH_001,Post-Etch,90.39,5,Pattern Distortion,88.635,118.62,250.78,47.31,120.02,446.27,2024-01-27 00:45:00
WF_002477,BATCH_031,MACH_005,Post-Etch,95.09,2,None,90.691,115.1,239.86,52.79,119.98,461.16,2024-01-27 01:00:00
WF_002478,BATCH_008,MACH_003,Post-Etch,98.39,1,None,89.584,120.6,258.1,47.86,120.41,432.08,2024-01-27 01:15:00
WF_002479,BATCH_026,MACH_001,Post-Etch,99.0,0,None,90.322,116.93,251.59,50.06,120.62,428.08,2024-01-27 01:30:00
WF_002480,BATCH_042,MACH_004,Post-Etch,95.21,2,None,89.953,119.37,256.71,49.4,120.48,447.57,2024-01-27 01:45:00
WF_002481,BATCH_016,MACH_005,Post-Etch,92.08,4,Micro-crack,90.848,124.64,252.54,51.97,119.23,459.33,2024-01-27 02:00:00
WF_002482,BATCH_029,MACH_003,Post-Etch,91.58,4,Photoresist Residue,88.336,123.03,250.56,46.09,121.22,454.31,2024-01-27 02:15:00
WF_002483,BATCH_011,MACH_003,Post-Etch,90.19,5,Photoresist Residue,91.102,120.73,252.13,51.78,120.98,438.84,2024-01-27 02:30:00
WF_002484,BATCH_046,MACH_004,Post-Etch,90.88,4,Contamination,90.558,118.43,244.9,52.15,118.73,455.25,2024-01-27 02:45:00
WF_002485,BATCH_048,MACH_002,Post-Etch,91.57,4,Photoresist Residue,92.166,120.55,246.37,55.9,118.98,441.86,2024-01-27 03:00:00
WF_002486,BATCH_015,MACH_001,Post-Etch,90.67,5,Pattern Distortion,91.39,122.92,261.25,51.57,120.26,450.16,2024-01-27 03:15:00
WF_002487,BATCH_044,MACH_004,Post-Etch,95.3,2,None,89.714,121.38,250.93,50.56,118.38,458.91,2024-01-27 03:30:00
WF_002488,BATCH_023,MACH_005,Post-Etch,95.73,2,None,90.728,123.01,250.34,51.23,120.82,450.68,2024-01-27 03:45:00
WF_002489,BATCH_046,MACH_004,Post-Etch,95.42,2,None,89.092,120.76,249.75,47.83,120.48,441.47,2024-01-27 04:00:00
WF_002490,BATCH_046,MACH_002,Post-Etch,90.98,5,Contamination,91.991,118.3,251.58,55.24,118.27,445.16,2024-01-27 04:15:00
WF_002491,BATCH_005,MACH_003,Post-Etch,96.92,1,None,89.945,118.51,247.88,50.72,120.14,463.46,2024-01-27 04:30:00
WF_002492,BATCH_023,MACH_005,Post-Etch,98.06,1,None,89.91,123.28,253.72,50.35,119.97,435.81,2024-01-27 04:45:00
WF_002493,BATCH_032,MACH_005,Post-Etch,91.42,4,Photoresist Residue,88.279,117.9,246.71,47.03,118.78,457.44,2024-01-27 05:00:00
WF_002494,BATCH_029,MACH_004,Post-Etch,95.7,2,None,90.193,118.84,247.33,50.78,120.21,438.51,2024-01-27 05:15:00
WF_002495,BATCH_027,MACH_001,Post-Etch,96.04,2,None,89.442,120.8,253.44,49.5,120.18,455.41,2024-01-27 05:30:00
WF_002496,BATCH_048,MACH_003,Post-Etch,95.59,2,None,90.802,123.02,232.04,54.06,120.29,443.82,2024-01-27 05:45:00
WF_002497,BATCH_019,MACH_001,Post-Etch,95.32,2,None,88.386,124.95,236.78,47.08,120.02,449.15,2024-01-27 06:00:00
WF_002498,BATCH_039,MACH_002,Post-Etch,91.9,4,Etch Pit,92.435,121.48,244.74,57.21,120.4,444.75,2024-01-27 06:15:00
WF_002499,BATCH_007,MACH_004,Post-Etch,95.94,2,None,89.69,120.96,257.92,47.82,120.96,463.56,2024-01-27 06:30:00
WF_002500,BATCH_025,MACH_001,Post-Etch,97.63,1,None,91.184,120.43,254.08,53.3,119.39,475.28,2024-01-27 06:45:00
WF_002501,BATCH_038,MACH_003,Post-Etch,96.24,1,None,90.794,122.84,244.01,52.46,118.26,456.28,2024-01-27 07:00:00
WF_002502,BATCH_044,MACH_004,Post-Etch,95.58,2,None,89.56,120.77,244.01,50.94,119.3,441.6,2024-01-27 07:15:00
WF_002503,BATCH_050,MACH_004,Post-Etch,91.33,4,Contamination,91.632,121.45,257.94,53.44,120.11,443.16,2024-01-27 07:30:00
WF_002504,BATCH_050,MACH_001,Post-Etch,97.29,1,None,90.797,122.42,252.48,51.97,120.89,444.48,2024-01-27 07:45:00
WF_002505,BATCH_040,MACH_005,Post-Etch,95.47,2,None,91.161,122.12,250.85,52.51,121.07,438.18,2024-01-27 08:00:00
WF_002506,BATCH_021,MACH_005,Post-Etch,98.69,0,None,89.769,123.3,252.47,48.3,119.62,457.51,2024-01-27 08:15:00
WF_002507,BATCH_045,MACH_002,Post-Etch,85.71,7,Pattern Distortion,93.329,122.34,249.51,57.98,120.51,452.25,2024-01-27 08:30:00
WF_002508,BATCH_008,MACH_005,Post-Etch,94.96,2,None,89.992,118.11,245.19,49.71,120.8,450.71,2024-01-27 08:45:00
WF_002509,BATCH_049,MACH_003,Post-Etch,93.4,3,None,88.649,120.44,247.05,47.97,120.06,446.0,2024-01-27 09:00:00
WF_002510,BATCH_032,MACH_002,Post-Etch,89.46,5,Pattern Distortion,92.141,116.25,256.96,55.14,117.55,438.85,2024-01-27 09:15:00
WF_002511,BATCH_041,MACH_001,Post-Etch,96.83,1,None,89.397,119.74,249.54,48.88,120.91,450.08,2024-01-27 09:30:00
WF_002512,BATCH_024,MACH_004,Post-Etch,97.32,1,None,89.587,124.93,251.05,49.58,120.37,442.84,2024-01-27 09:45:00
WF_002513,BATCH_033,MACH_002,Post-Etch,95.48,2,None,91.033,116.76,255.71,52.47,120.58,454.57,2024-01-27 10:00:00
WF_002514,BATCH_005,MACH_005,Post-Etch,97.58,1,None,90.035,118.14,249.33,49.47,118.89,440.64,2024-01-27 10:15:00
WF_002515,BATCH_009,MACH_001,Post-Etch,97.47,1,None,90.815,119.45,253.13,51.01,119.98,451.05,2024-01-27 10:30:00
WF_002516,BATCH_019,MACH_001,Post-Etch,95.78,2,None,89.909,117.11,258.64,48.22,119.56,456.09,2024-01-27 10:45:00
WF_002517,BATCH_004,MACH_002,Post-Etch,93.44,3,None,89.709,116.77,250.02,50.11,119.99,456.66,2024-01-27 11:00:00
WF_002518,BATCH_041,MACH_002,Post-Etch,93.6,3,None,91.73,118.31,248.3,55.48,121.14,457.74,2024-01-27 11:15:00
WF_002519,BATCH_010,MACH_004,Post-Etch,96.57,1,None,89.649,122.9,252.34,49.13,121.22,475.52,2024-01-27 11:30:00
WF_002520,BATCH_026,MACH_002,Post-Etch,87.87,6,Micro-crack,93.926,124.46,251.85,60.3,120.2,446.15,2024-01-27 11:45:00
WF_002521,BATCH_010,MACH_005,Post-Etch,92.62,3,None,91.042,116.32,259.89,52.31,120.38,449.35,2024-01-27 12:00:00
WF_002522,BATCH_001,MACH_002,Post-Etch,97.93,1,None,90.163,116.0,241.04,51.72,118.54,447.26,2024-01-27 12:15:00
WF_002523,BATCH_036,MACH_002,Post-Etch,87.17,6,Photoresist Residue,92.782,116.61,257.03,56.16,118.81,454.04,2024-01-27 12:30:00
WF_002524,BATCH_031,MACH_001,Post-Etch,97.63,1,None,90.414,117.89,257.03,50.94,119.32,443.95,2024-01-27 12:45:00
WF_002525,BATCH_010,MACH_002,Post-Etch,96.88,1,None,90.723,119.83,243.95,52.01,119.32,455.11,2024-01-27 13:00:00
WF_002526,BATCH_048,MACH_001,Post-Etch,97.63,1,None,90.143,124.97,250.46,49.72,117.93,449.48,2024-01-27 13:15:00
WF_002527,BATCH_019,MACH_001,Post-Etch,97.58,1,None,89.762,124.1,251.77,48.65,119.6,448.8,2024-01-27 13:30:00
WF_002528,BATCH_040,MACH_004,Post-Etch,96.98,1,None,89.876,122.36,241.95,51.49,119.79,458.04,2024-01-27 13:45:00
WF_002529,BATCH_028,MACH_005,Post-Etch,93.37,3,None,90.34,123.14,249.35,51.34,117.73,450.29,2024-01-27 14:00:00
WF_002530,BATCH_031,MACH_004,Post-Etch,96.23,1,None,89.177,119.96,249.97,47.04,119.94,436.23,2024-01-27 14:15:00
WF_002531,BATCH_031,MACH_003,Post-Etch,90.95,4,Photoresist Residue,89.89,117.41,240.52,50.92,122.01,463.45,2024-01-27 14:30:00
WF_002532,BATCH_021,MACH_003,Post-Etch,92.27,4,Micro-crack,89.293,116.36,249.12,48.0,119.92,451.62,2024-01-27 14:45:00
WF_002533,BATCH_010,MACH_005,Post-Etch,93.19,3,None,90.508,115.69,247.49,51.17,118.84,434.26,2024-01-27 15:00:00
WF_002534,BATCH_010,MACH_004,Post-Etch,90.27,4,Photoresist Residue,90.719,121.78,251.65,52.06,120.49,460.31,2024-01-27 15:15:00
WF_002535,BATCH_040,MACH_001,Post-Etch,98.59,0,None,89.801,121.76,248.59,50.04,120.02,438.64,2024-01-27 15:30:00
WF_002536,BATCH_040,MACH_005,Post-Etch,93.37,3,None,91.121,116.01,249.25,52.94,121.1,436.9,2024-01-27 15:45:00
WF_002537,BATCH_036,MACH_002,Post-Etch,89.6,5,Photoresist Residue,92.346,124.07,258.77,54.9,120.52,449.95,2024-01-27 16:00:00
WF_002538,BATCH_048,MACH_001,Post-Etch,97.44,1,None,90.037,119.83,247.33,48.39,119.49,447.12,2024-01-27 16:15:00
WF_002539,BATCH_012,MACH_001,Post-Etch,93.83,3,None,90.799,117.61,249.54,51.7,120.96,441.69,2024-01-27 16:30:00
WF_002540,BATCH_007,MACH_002,Post-Etch,90.93,4,Contamination,92.304,119.13,244.18,56.38,117.58,451.28,2024-01-27 16:45:00
WF_002541,BATCH_003,MACH_001,Post-Etch,96.85,1,None,89.62,123.88,243.76,49.37,119.34,439.29,2024-01-27 17:00:00
WF_002542,BATCH_014,MACH_002,Post-Etch,89.87,5,Photoresist Residue,91.767,116.05,245.95,56.07,119.57,457.47,2024-01-27 17:15:00
WF_002543,BATCH_039,MACH_004,Post-Etch,99.0,0,None,89.759,122.16,249.78,48.83,118.3,458.86,2024-01-27 17:30:00
WF_002544,BATCH_022,MACH_004,Post-Etch,92.38,3,None,90.468,120.78,251.39,51.33,120.25,451.58,2024-01-27 17:45:00
WF_002545,BATCH_021,MACH_004,Post-Etch,97.18,1,None,88.766,123.58,249.47,46.96,119.52,445.12,2024-01-27 18:00:00
WF_002546,BATCH_022,MACH_005,Post-Etch,92.27,4,Contamination,88.467,115.86,253.29,47.13,119.64,438.98,2024-01-27 18:15:00
WF_002547,BATCH_041,MACH_005,Post-Etch,92.13,4,Pattern Distortion,91.633,122.38,254.54,53.28,118.22,450.26,2024-01-27 18:30:00
WF_002548,BATCH_020,MACH_004,Post-Etch,95.34,2,None,88.759,121.55,250.72,46.84,118.95,456.92,2024-01-27 18:45:00
WF_002549,BATCH_030,MACH_002,Post-Etch,92.5,4,Contamination,91.689,118.41,251.78,53.81,118.52,449.94,2024-01-27 19:00:00
WF_002550,BATCH_044,MACH_004,Post-Etch,90.89,5,Contamination,89.62,124.24,248.22,47.92,118.86,465.1,2024-01-27 19:15:00
WF_002551,BATCH_028,MACH_002,Post-Etch,90.79,5,Micro-crack,91.569,115.24,253.36,53.93,120.53,462.06,2024-01-27 19:30:00
WF_002552,BATCH_001,MACH_003,Post-Etch,95.83,2,None,90.527,119.95,249.41,50.92,119.37,440.81,2024-01-27 19:45:00
WF_002553,BATCH_017,MACH_003,Post-Etch,94.68,2,None,90.746,124.28,256.12,51.05,119.94,459.96,2024-01-27 20:00:00
WF_002554,BATCH_030,MACH_004,Post-Etch,95.3,2,None,88.854,120.67,245.78,48.67,120.45,441.96,2024-01-27 20:15:00
WF_002555,BATCH_030,MACH_005,Post-Etch,94.86,2,None,88.897,123.43,247.36,47.89,120.23,448.37,2024-01-27 20:30:00
WF_002556,BATCH_030,MACH_003,Post-Etch,89.82,5,Photoresist Residue,90.464,117.59,239.79,53.2,120.34,460.16,2024-01-27 20:45:00
WF_002557,BATCH_048,MACH_003,Post-Etch,90.77,5,Etch Pit,89.174,117.31,245.65,48.95,121.25,450.43,2024-01-27 21:00:00
WF_002558,BATCH_037,MACH_001,Post-Etch,87.78,6,Etch Pit,89.065,118.45,252.67,48.66,119.04,471.38,2024-01-27 21:15:00
WF_002559,BATCH_050,MACH_005,Post-Etch,89.65,5,Photoresist Residue,90.055,124.97,247.56,51.44,121.23,449.0,2024-01-27 21:30:00
WF_002560,BATCH_014,MACH_002,Post-Etch,96.25,1,None,90.135,121.06,253.57,49.58,117.95,452.28,2024-01-27 21:45:00
WF_002561,BATCH_016,MACH_005,Post-Etch,96.52,1,None,90.91,121.47,248.75,51.45,119.51,453.35,2024-01-27 22:00:00
WF_002562,BATCH_019,MACH_005,Post-Etch,95.84,2,None,89.906,121.08,246.17,50.32,120.42,443.42,2024-01-27 22:15:00
WF_002563,BATCH_032,MACH_005,Post-Etch,90.66,5,Micro-crack,91.009,118.6,255.91,51.24,120.47,458.26,2024-01-27 22:30:00
WF_002564,BATCH_004,MACH_005,Post-Etch,99.0,0,None,90.064,124.64,252.49,49.46,119.78,461.68,2024-01-27 22:45:00
WF_002565,BATCH_001,MACH_004,Post-Etch,97.54,1,None,89.938,119.89,247.11,50.36,119.57,445.93,2024-01-27 23:00:00
WF_002566,BATCH_009,MACH_001,Post-Etch,96.07,2,None,90.967,120.24,252.43,53.81,119.68,456.92,2024-01-27 23:15:00
WF_002567,BATCH_044,MACH_004,Post-Etch,97.25,1,None,89.987,122.92,248.68,49.94,119.0,444.81,2024-01-27 23:30:00
WF_002568,BATCH_035,MACH_001,Post-Etch,94.37,2,None,90.315,124.23,253.33,50.45,118.95,427.22,2024-01-27 23:45:00
WF_002569,BATCH_018,MACH_003,Post-Etch,87.84,6,Photoresist Residue,92.366,122.72,262.6,54.21,120.38,471.42,2024-01-28 00:00:00
WF_002570,BATCH_034,MACH_003,Post-Etch,91.62,4,Pattern Distortion,90.582,122.52,251.47,51.38,119.06,442.4,2024-01-28 00:15:00
WF_002571,BATCH_013,MACH_003,Post-Etch,95.77,2,None,89.608,115.09,242.3,49.44,120.93,447.17,2024-01-28 00:30:00
WF_002572,BATCH_011,MACH_004,Post-Etch,95.65,2,None,91.231,115.03,246.56,53.87,120.31,450.9,2024-01-28 00:45:00
WF_002573,BATCH_008,MACH_003,Post-Etch,93.65,3,None,89.556,123.35,245.15,50.4,119.37,442.46,2024-01-28 01:00:00
WF_002574,BATCH_014,MACH_001,Post-Etch,90.26,5,Contamination,93.082,122.5,258.02,57.09,120.03,405.35,2024-01-28 01:15:00
WF_002575,BATCH_044,MACH_002,Post-Etch,86.27,7,Etch Pit,93.871,123.85,250.63,58.74,119.35,452.55,2024-01-28 01:30:00
WF_002576,BATCH_006,MACH_003,Post-Etch,92.9,3,None,91.16,122.5,252.25,52.46,119.46,457.22,2024-01-28 01:45:00
WF_002577,BATCH_017,MACH_003,Post-Etch,92.09,4,Micro-crack,91.652,124.44,253.37,53.85,120.65,479.61,2024-01-28 02:00:00
WF_002578,BATCH_016,MACH_003,Post-Etch,96.85,1,None,89.525,123.29,252.29,48.68,116.69,443.83,2024-01-28 02:15:00
WF_002579,BATCH_032,MACH_004,Post-Etch,95.97,2,None,89.62,120.1,247.23,48.63,119.97,455.24,2024-01-28 02:30:00
WF_002580,BATCH_005,MACH_004,Post-Etch,93.54,3,None,89.775,120.82,251.07,50.64,118.63,466.27,2024-01-28 02:45:00
WF_002581,BATCH_045,MACH_003,Post-Etch,94.05,3,None,91.002,123.72,255.18,52.13,120.63,449.5,2024-01-28 03:00:00
WF_002582,BATCH_024,MACH_002,Post-Etch,95.97,2,None,91.0,124.87,254.14,53.34,119.42,479.44,2024-01-28 03:15:00
WF_002583,BATCH_039,MACH_005,Post-Etch,90.5,5,Micro-crack,91.982,123.66,247.25,54.63,119.88,461.98,2024-01-28 03:30:00
WF_002584,BATCH_036,MACH_002,Post-Etch,89.4,6,Etch Pit,92.779,119.12,244.03,57.62,118.78,446.11,2024-01-28 03:45:00
WF_002585,BATCH_038,MACH_002,Post-Etch,95.06,2,None,89.79,123.84,246.38,50.24,118.82,461.83,2024-01-28 04:00:00
WF_002586,BATCH_034,MACH_004,Post-Etch,91.43,4,Etch Pit,90.586,119.17,249.23,51.1,120.39,449.27,2024-01-28 04:15:00
WF_002587,BATCH_002,MACH_003,Post-Etch,93.58,3,None,89.943,119.84,246.47,49.97,119.47,470.04,2024-01-28 04:30:00
WF_002588,BATCH_012,MACH_004,Post-Etch,88.28,6,Etch Pit,90.169,115.54,254.73,49.96,119.02,449.61,2024-01-28 04:45:00
WF_002589,BATCH_003,MACH_003,Post-Etch,87.1,6,Photoresist Residue,88.645,116.44,238.2,47.56,119.75,442.52,2024-01-28 05:00:00
WF_002590,BATCH_039,MACH_004,Post-Etch,91.35,4,Photoresist Residue,89.314,121.13,248.16,48.05,120.67,443.44,2024-01-28 05:15:00
WF_002591,BATCH_029,MACH_001,Post-Etch,97.5,1,None,88.968,115.61,247.92,48.96,121.77,449.25,2024-01-28 05:30:00
WF_002592,BATCH_022,MACH_005,Post-Etch,97.62,1,None,88.708,117.1,249.31,47.71,119.89,445.66,2024-01-28 05:45:00
WF_002593,BATCH_025,MACH_002,Post-Etch,88.59,6,Pattern Distortion,92.233,124.18,258.86,55.35,120.7,440.74,2024-01-28 06:00:00
WF_002594,BATCH_044,MACH_003,Post-Etch,93.37,3,None,88.592,115.33,252.11,46.85,120.25,439.51,2024-01-28 06:15:00
WF_002595,BATCH_034,MACH_004,Post-Etch,95.49,2,None,91.224,123.09,257.35,53.43,121.79,448.24,2024-01-28 06:30:00
WF_002596,BATCH_034,MACH_001,Post-Etch,89.27,5,Pattern Distortion,88.668,118.44,248.87,46.96,118.29,454.01,2024-01-28 06:45:00
WF_002597,BATCH_015,MACH_003,Post-Etch,95.21,2,None,90.076,117.76,253.8,49.22,119.05,450.95,2024-01-28 07:00:00
WF_002598,BATCH_016,MACH_004,Post-Etch,95.01,2,None,89.416,122.42,243.79,49.39,119.71,445.16,2024-01-28 07:15:00
WF_002599,BATCH_042,MACH_002,Post-Etch,88.42,6,Pattern Distortion,91.461,122.46,243.94,55.11,120.13,449.01,2024-01-28 07:30:00
WF_002600,BATCH_014,MACH_003,Post-Etch,92.51,3,None,90.848,115.66,253.12,52.49,120.58,457.55,2024-01-28 07:45:00
WF_002601,BATCH_023,MACH_004,Post-Etch,97.26,1,None,90.908,124.95,242.92,52.08,119.95,456.91,2024-01-28 08:00:00
WF_002602,BATCH_041,MACH_002,Post-Etch,95.06,2,None,91.388,121.48,254.23,53.57,119.6,460.41,2024-01-28 08:15:00
WF_002603,BATCH_024,MACH_003,Post-Etch,98.28,0,None,89.37,121.42,251.84,47.85,121.52,467.44,2024-01-28 08:30:00
WF_002604,BATCH_021,MACH_005,Post-Etch,87.78,6,Etch Pit,91.498,116.28,249.06,54.31,119.56,465.14,2024-01-28 08:45:00
WF_002605,BATCH_026,MACH_001,Post-Etch,98.28,1,None,90.212,124.92,256.45,49.41,121.3,450.69,2024-01-28 09:00:00
WF_002606,BATCH_042,MACH_003,Post-Etch,94.73,2,None,90.343,123.1,250.63,50.78,120.14,455.57,2024-01-28 09:15:00
WF_002607,BATCH_049,MACH_005,Post-Etch,95.31,2,None,91.037,115.16,250.17,52.53,121.0,451.48,2024-01-28 09:30:00
WF_002608,BATCH_004,MACH_004,Post-Etch,96.08,2,None,90.395,119.33,250.47,50.44,118.26,458.37,2024-01-28 09:45:00
WF_002609,BATCH_032,MACH_004,Post-Etch,91.34,4,Etch Pit,89.939,124.2,246.22,50.17,120.11,442.3,2024-01-28 10:00:00
WF_002610,BATCH_004,MACH_004,Post-Etch,93.44,3,None,89.775,124.04,247.82,50.44,120.05,459.05,2024-01-28 10:15:00
WF_002611,BATCH_022,MACH_002,Post-Etch,93.31,3,None,90.639,115.31,247.37,52.57,118.77,453.41,2024-01-28 10:30:00
WF_002612,BATCH_034,MACH_001,Post-Etch,99.0,0,None,89.49,116.24,243.64,49.02,119.84,459.76,2024-01-28 10:45:00
WF_002613,BATCH_014,MACH_001,Post-Etch,95.33,2,None,88.639,124.93,244.08,47.24,120.2,445.79,2024-01-28 11:00:00
WF_002614,BATCH_019,MACH_003,Post-Etch,95.73,2,None,89.889,121.94,248.26,49.61,118.32,437.59,2024-01-28 11:15:00
WF_002615,BATCH_014,MACH_003,Post-Etch,96.78,1,None,89.51,121.44,249.68,48.2,120.66,454.75,2024-01-28 11:30:00
WF_002616,BATCH_031,MACH_002,Post-Etch,84.9,8,Pattern Distortion,94.933,120.87,253.09,62.5,121.04,429.88,2024-01-28 11:45:00
WF_002617,BATCH_029,MACH_001,Post-Etch,93.32,3,None,89.699,124.43,250.0,49.73,121.31,455.66,2024-01-28 12:00:00
WF_002618,BATCH_033,MACH_004,Post-Etch,97.44,1,None,89.798,119.86,248.89,49.5,117.57,444.73,2024-01-28 12:15:00
WF_002619,BATCH_010,MACH_005,Post-Etch,90.26,5,Pattern Distortion,89.773,120.6,242.47,51.3,119.69,452.09,2024-01-28 12:30:00
WF_002620,BATCH_004,MACH_004,Post-Etch,92.44,4,Contamination,89.167,121.06,250.7,47.69,119.86,460.91,2024-01-28 12:45:00
WF_002621,BATCH_017,MACH_004,Post-Etch,95.61,2,None,90.132,122.31,250.61,50.24,118.82,456.43,2024-01-28 13:00:00
WF_002622,BATCH_029,MACH_003,Post-Etch,91.76,4,Photoresist Residue,89.581,119.87,253.75,47.72,121.73,453.59,2024-01-28 13:15:00
WF_002623,BATCH_020,MACH_003,Post-Etch,91.48,4,Photoresist Residue,90.085,124.06,254.54,48.88,121.36,428.27,2024-01-28 13:30:00
WF_002624,BATCH_031,MACH_004,Post-Etch,91.9,4,Contamination,90.679,116.09,257.36,51.1,120.64,446.08,2024-01-28 13:45:00
WF_002625,BATCH_001,MACH_001,Post-Etch,91.61,4,Micro-crack,90.202,121.99,244.0,51.16,119.33,445.69,2024-01-28 14:00:00
WF_002626,BATCH_025,MACH_005,Post-Etch,95.38,2,None,90.858,119.02,245.44,50.69,119.56,441.09,2024-01-28 14:15:00
WF_002627,BATCH_036,MACH_001,Post-Etch,89.43,5,Pattern Distortion,90.495,124.61,252.36,52.32,121.75,450.51,2024-01-28 14:30:00
WF_002628,BATCH_046,MACH_003,Post-Etch,95.65,2,None,89.841,120.46,248.99,50.86,118.39,434.55,2024-01-28 14:45:00
WF_002629,BATCH_012,MACH_001,Post-Etch,95.44,2,None,89.671,122.86,252.63,49.66,120.79,453.02,2024-01-28 15:00:00
WF_002630,BATCH_029,MACH_003,Post-Etch,94.37,3,None,89.146,122.89,246.91,48.42,120.3,453.42,2024-01-28 15:15:00
WF_002631,BATCH_026,MACH_005,Post-Etch,97.21,1,None,89.195,122.06,242.24,48.33,118.31,462.09,2024-01-28 15:30:00
WF_002632,BATCH_006,MACH_005,Post-Etch,94.53,2,None,90.2,116.72,251.76,50.27,118.54,440.37,2024-01-28 15:45:00
WF_002633,BATCH_017,MACH_003,Post-Etch,95.49,2,None,90.732,115.02,248.08,51.5,120.36,447.75,2024-01-28 16:00:00
WF_002634,BATCH_013,MACH_005,Post-Etch,93.74,3,None,89.651,124.54,253.03,49.22,120.08,445.96,2024-01-28 16:15:00
WF_002635,BATCH_014,MACH_004,Post-Etch,98.77,0,None,90.516,117.81,245.74,51.73,120.78,449.78,2024-01-28 16:30:00
WF_002636,BATCH_027,MACH_004,Post-Etch,92.44,3,None,92.249,124.04,243.92,56.01,119.78,468.0,2024-01-28 16:45:00
WF_002637,BATCH_007,MACH_004,Post-Etch,93.88,3,None,89.722,124.38,252.13,49.03,118.73,446.83,2024-01-28 17:00:00
WF_002638,BATCH_049,MACH_002,Post-Etch,91.61,4,Micro-crack,91.788,121.8,250.92,54.57,119.86,452.85,2024-01-28 17:15:00
WF_002639,BATCH_031,MACH_002,Post-Etch,89.45,5,Etch Pit,92.056,119.34,245.72,54.27,119.94,432.95,2024-01-28 17:30:00
WF_002640,BATCH_023,MACH_005,Post-Etch,92.72,4,Etch Pit,88.833,119.28,250.34,47.48,119.76,447.75,2024-01-28 17:45:00
WF_002641,BATCH_030,MACH_005,Post-Etch,93.69,3,None,89.162,124.82,248.36,49.14,119.15,459.37,2024-01-28 18:00:00
WF_002642,BATCH_035,MACH_003,Post-Etch,95.37,2,None,89.028,119.48,253.38,46.43,121.9,448.58,2024-01-28 18:15:00
WF_002643,BATCH_034,MACH_004,Post-Etch,95.33,2,None,90.843,116.36,243.85,52.71,118.45,451.11,2024-01-28 18:30:00
WF_002644,BATCH_009,MACH_002,Post-Etch,94.38,3,None,90.979,118.96,254.5,52.68,119.01,444.37,2024-01-28 18:45:00
WF_002645,BATCH_028,MACH_004,Post-Etch,97.31,1,None,89.64,115.27,248.61,49.59,119.51,436.13,2024-01-28 19:00:00
WF_002646,BATCH_038,MACH_003,Post-Etch,93.52,3,None,90.969,122.71,247.89,51.55,117.29,452.22,2024-01-28 19:15:00
WF_002647,BATCH_037,MACH_001,Post-Etch,93.39,3,None,91.376,122.43,249.27,51.67,120.0,448.91,2024-01-28 19:30:00
WF_002648,BATCH_037,MACH_001,Post-Etch,97.26,1,None,90.541,117.18,261.49,50.62,119.15,451.56,2024-01-28 19:45:00
WF_002649,BATCH_044,MACH_001,Post-Etch,95.63,2,None,90.412,118.77,244.95,51.91,120.55,455.48,2024-01-28 20:00:00
WF_002650,BATCH_049,MACH_004,Post-Etch,91.29,4,Micro-crack,89.676,118.1,241.97,50.43,122.32,472.77,2024-01-28 20:15:00
WF_002651,BATCH_042,MACH_004,Post-Etch,96.68,1,None,90.065,119.34,249.34,50.32,119.1,445.87,2024-01-28 20:30:00
WF_002652,BATCH_034,MACH_001,Post-Etch,97.53,1,None,89.897,122.61,244.8,50.5,120.13,455.18,2024-01-28 20:45:00
WF_002653,BATCH_033,MACH_001,Post-Etch,96.9,1,None,90.373,120.39,246.6,50.61,120.75,440.68,2024-01-28 21:00:00
WF_002654,BATCH_040,MACH_001,Post-Etch,93.62,3,None,89.975,124.77,258.94,48.78,118.53,429.63,2024-01-28 21:15:00
WF_002655,BATCH_026,MACH_005,Post-Etch,93.56,3,None,88.848,117.32,248.24,48.13,120.03,453.32,2024-01-28 21:30:00
WF_002656,BATCH_047,MACH_005,Post-Etch,93.14,3,None,90.443,116.97,249.99,50.64,120.08,445.69,2024-01-28 21:45:00
WF_002657,BATCH_008,MACH_003,Post-Etch,90.37,4,Etch Pit,89.31,123.25,250.79,48.87,118.92,435.21,2024-01-28 22:00:00
WF_002658,BATCH_037,MACH_003,Post-Etch,97.44,1,None,90.065,120.72,258.77,48.48,120.35,439.4,2024-01-28 22:15:00
WF_002659,BATCH_046,MACH_003,Post-Etch,95.86,2,None,90.109,116.53,251.86,50.31,119.0,439.92,2024-01-28 22:30:00
WF_002660,BATCH_016,MACH_001,Post-Etch,93.93,3,None,90.359,123.35,248.33,51.36,120.3,445.02,2024-01-28 22:45:00
WF_002661,BATCH_041,MACH_001,Post-Etch,96.74,1,None,90.744,117.4,247.3,51.71,119.83,429.92,2024-01-28 23:00:00
WF_002662,BATCH_010,MACH_003,Post-Etch,96.03,2,None,90.401,119.43,253.87,50.27,121.24,453.85,2024-01-28 23:15:00
WF_002663,BATCH_016,MACH_003,Post-Etch,97.09,1,None,90.444,118.21,246.95,51.82,120.3,447.25,2024-01-28 23:30:00
WF_002664,BATCH_037,MACH_003,Post-Etch,93.54,3,None,90.986,117.56,255.19,52.22,120.2,463.62,2024-01-28 23:45:00
WF_002665,BATCH_014,MACH_005,Post-Etch,96.22,2,None,89.662,116.57,244.46,50.06,120.88,445.41,2024-01-29 00:00:00
WF_002666,BATCH_020,MACH_003,Post-Etch,98.55,0,None,90.019,124.69,248.51,50.29,121.19,455.22,2024-01-29 00:15:00
WF_002667,BATCH_023,MACH_004,Post-Etch,97.52,1,None,89.371,116.45,257.21,47.16,121.14,461.44,2024-01-29 00:30:00
WF_002668,BATCH_018,MACH_004,Post-Etch,95.75,2,None,88.804,118.31,253.0,47.11,121.81,436.18,2024-01-29 00:45:00
WF_002669,BATCH_008,MACH_003,Post-Etch,92.14,4,Contamination,92.126,116.77,254.77,53.78,118.81,451.89,2024-01-29 01:00:00
WF_002670,BATCH_034,MACH_001,Post-Etch,94.31,3,None,89.44,118.1,248.94,49.25,118.14,464.99,2024-01-29 01:15:00
WF_002671,BATCH_040,MACH_003,Post-Etch,95.32,2,None,89.456,123.09,250.06,48.51,118.4,453.84,2024-01-29 01:30:00
WF_002672,BATCH_024,MACH_004,Post-Etch,94.99,2,None,88.935,124.81,243.53,48.6,121.23,440.6,2024-01-29 01:45:00
WF_002673,BATCH_026,MACH_005,Post-Etch,97.8,1,None,88.929,120.97,254.96,47.81,119.5,450.74,2024-01-29 02:00:00
WF_002674,BATCH_037,MACH_004,Post-Etch,94.09,2,None,90.19,119.9,248.44,51.66,119.35,446.7,2024-01-29 02:15:00
WF_002675,BATCH_013,MACH_003,Post-Etch,97.75,0,None,90.484,123.21,261.42,50.67,120.7,452.37,2024-01-29 02:30:00
WF_002676,BATCH_002,MACH_003,Post-Etch,96.69,1,None,89.651,121.43,249.5,49.51,119.04,448.41,2024-01-29 02:45:00
WF_002677,BATCH_036,MACH_005,Post-Etch,97.63,1,None,89.147,119.47,240.72,48.2,120.13,446.51,2024-01-29 03:00:00
WF_002678,BATCH_032,MACH_005,Post-Etch,93.21,3,None,90.767,117.28,244.67,52.53,119.25,455.83,2024-01-29 03:15:00
WF_002679,BATCH_001,MACH_001,Post-Etch,96.0,2,None,89.49,124.82,249.99,47.97,119.57,446.82,2024-01-29 03:30:00
WF_002680,BATCH_045,MACH_004,Post-Etch,96.2,2,None,89.778,122.14,251.93,49.24,120.1,460.2,2024-01-29 03:45:00
WF_002681,BATCH_039,MACH_005,Post-Etch,91.32,4,Contamination,89.685,121.45,251.22,50.07,118.87,437.78,2024-01-29 04:00:00
WF_002682,BATCH_032,MACH_001,Post-Etch,95.62,2,None,90.318,122.34,242.5,50.6,121.22,457.62,2024-01-29 04:15:00
WF_002683,BATCH_045,MACH_001,Post-Etch,93.66,3,None,91.138,122.53,252.53,51.17,119.15,470.56,2024-01-29 04:30:00
WF_002684,BATCH_003,MACH_004,Post-Etch,95.95,2,None,88.639,120.76,250.5,45.24,118.9,459.22,2024-01-29 04:45:00
WF_002685,BATCH_047,MACH_004,Post-Etch,97.07,1,None,90.026,120.89,247.4,51.35,119.97,461.9,2024-01-29 05:00:00
WF_002686,BATCH_041,MACH_004,Post-Etch,96.6,1,None,90.37,124.25,245.27,50.65,119.17,458.25,2024-01-29 05:15:00
WF_002687,BATCH_001,MACH_005,Post-Etch,97.19,1,None,90.965,118.89,246.53,52.53,119.95,454.2,2024-01-29 05:30:00
WF_002688,BATCH_027,MACH_004,Post-Etch,91.31,4,Pattern Distortion,87.807,118.64,251.89,45.3,120.24,457.62,2024-01-29 05:45:00
WF_002689,BATCH_029,MACH_003,Post-Etch,93.3,3,None,90.014,121.21,251.15,50.54,118.82,442.99,2024-01-29 06:00:00
WF_002690,BATCH_031,MACH_001,Post-Etch,96.16,2,None,89.095,116.92,252.84,47.58,119.16,451.29,2024-01-29 06:15:00
WF_002691,BATCH_047,MACH_004,Post-Etch,94.49,2,None,89.507,115.32,252.99,47.8,121.62,460.11,2024-01-29 06:30:00
WF_002692,BATCH_010,MACH_003,Post-Etch,93.41,3,None,90.814,120.11,252.83,51.72,121.05,433.9,2024-01-29 06:45:00
WF_002693,BATCH_004,MACH_002,Post-Etch,98.37,0,None,90.326,119.19,244.12,52.61,121.35,444.26,2024-01-29 07:00:00
WF_002694,BATCH_028,MACH_001,Post-Etch,90.75,5,Contamination,89.72,117.11,243.7,49.48,120.46,453.8,2024-01-29 07:15:00
WF_002695,BATCH_034,MACH_002,Post-Etch,93.39,3,None,91.855,124.5,253.61,54.63,119.38,449.12,2024-01-29 07:30:00
WF_002696,BATCH_030,MACH_003,Post-Etch,93.71,3,None,90.167,115.82,252.45,49.66,118.32,462.13,2024-01-29 07:45:00
WF_002697,BATCH_046,MACH_002,Post-Etch,93.18,3,None,91.284,117.45,265.91,50.71,119.9,441.91,2024-01-29 08:00:00
WF_002698,BATCH_015,MACH_004,Post-Etch,93.32,3,None,89.931,124.03,241.49,50.38,119.26,451.46,2024-01-29 08:15:00
WF_002699,BATCH_045,MACH_002,Post-Etch,87.32,6,Micro-crack,92.952,117.45,256.63,56.32,119.03,449.32,2024-01-29 08:30:00
WF_002700,BATCH_017,MACH_004,Post-Etch,94.35,3,None,89.734,117.02,245.28,50.0,119.3,471.79,2024-01-29 08:45:00
WF_002701,BATCH_045,MACH_004,Post-Etch,98.96,0,None,89.715,123.56,248.1,49.7,120.6,447.0,2024-01-29 09:00:00
WF_002702,BATCH_022,MACH_004,Post-Etch,93.43,3,None,89.916,115.61,252.38,49.44,121.23,436.84,2024-01-29 09:15:00
WF_002703,BATCH_007,MACH_005,Post-Etch,95.0,2,None,90.784,122.54,251.28,51.47,120.77,458.34,2024-01-29 09:30:00
WF_002704,BATCH_013,MACH_003,Post-Etch,93.66,3,None,88.085,119.46,254.25,45.88,120.41,457.38,2024-01-29 09:45:00
WF_002705,BATCH_034,MACH_003,Post-Etch,90.52,4,Etch Pit,91.739,116.93,253.77,53.16,120.94,434.79,2024-01-29 10:00:00
WF_002706,BATCH_008,MACH_001,Post-Etch,98.08,0,None,90.249,123.64,252.0,49.9,118.29,449.66,2024-01-29 10:15:00
WF_002707,BATCH_048,MACH_001,Post-Etch,96.63,2,None,91.049,122.73,247.32,51.76,119.78,447.28,2024-01-29 10:30:00
WF_002708,BATCH_045,MACH_002,Post-Etch,89.97,5,Photoresist Residue,93.186,124.45,255.53,58.06,121.26,443.58,2024-01-29 10:45:00
WF_002709,BATCH_029,MACH_005,Post-Etch,95.34,2,None,90.203,119.68,239.58,51.06,120.43,444.94,2024-01-29 11:00:00
WF_002710,BATCH_007,MACH_002,Post-Etch,88.39,6,Photoresist Residue,93.209,123.74,253.52,56.14,120.22,442.5,2024-01-29 11:15:00
WF_002711,BATCH_027,MACH_005,Post-Etch,97.99,1,None,91.193,123.42,252.42,52.04,119.48,473.89,2024-01-29 11:30:00
WF_002712,BATCH_044,MACH_002,Post-Etch,92.85,3,None,91.338,116.71,243.78,54.08,119.75,447.67,2024-01-29 11:45:00
WF_002713,BATCH_022,MACH_004,Post-Etch,98.26,1,None,90.464,120.51,252.76,51.15,120.4,468.74,2024-01-29 12:00:00
WF_002714,BATCH_046,MACH_001,Post-Etch,96.37,2,None,90.827,116.43,248.29,52.69,118.64,459.09,2024-01-29 12:15:00
WF_002715,BATCH_008,MACH_001,Post-Etch,97.64,1,None,89.147,122.45,254.93,48.19,119.47,439.6,2024-01-29 12:30:00
WF_002716,BATCH_002,MACH_001,Post-Etch,93.16,3,None,88.659,120.44,248.4,46.91,119.33,457.73,2024-01-29 12:45:00
WF_002717,BATCH_011,MACH_004,Post-Etch,90.01,5,Photoresist Residue,91.205,117.81,253.95,51.69,119.03,447.84,2024-01-29 13:00:00
WF_002718,BATCH_036,MACH_004,Post-Etch,96.5,1,None,90.184,120.95,254.86,49.57,120.8,453.04,2024-01-29 13:15:00
WF_002719,BATCH_014,MACH_005,Post-Etch,91.69,4,Micro-crack,90.55,121.54,250.59,51.19,119.49,454.57,2024-01-29 13:30:00
WF_002720,BATCH_018,MACH_002,Post-Etch,96.19,1,None,90.502,118.53,243.13,52.5,119.66,455.34,2024-01-29 13:45:00
WF_002721,BATCH_004,MACH_002,Post-Etch,95.64,2,None,90.552,122.03,243.98,51.7,120.85,460.18,2024-01-29 14:00:00
WF_002722,BATCH_012,MACH_003,Post-Etch,99.0,0,None,89.806,120.32,244.49,50.74,120.95,448.06,2024-01-29 14:15:00
WF_002723,BATCH_040,MACH_003,Post-Etch,95.14,2,None,88.681,120.19,252.45,46.21,119.81,459.87,2024-01-29 14:30:00
WF_002724,BATCH_049,MACH_004,Post-Etch,93.91,3,None,89.56,117.87,245.67,50.19,121.26,456.61,2024-01-29 14:45:00
WF_002725,BATCH_048,MACH_002,Post-Etch,94.39,3,None,91.562,121.66,248.16,54.56,120.68,441.11,2024-01-29 15:00:00
WF_002726,BATCH_041,MACH_005,Post-Etch,95.17,2,None,88.957,116.69,247.08,48.41,119.99,443.57,2024-01-29 15:15:00
WF_002727,BATCH_036,MACH_004,Post-Etch,93.63,3,None,88.291,124.99,246.07,46.0,120.19,456.9,2024-01-29 15:30:00
WF_002728,BATCH_032,MACH_001,Post-Etch,93.76,3,None,90.103,116.86,243.25,51.42,118.41,453.74,2024-01-29 15:45:00
WF_002729,BATCH_033,MACH_003,Post-Etch,95.23,2,None,90.787,122.98,252.31,51.68,119.04,434.36,2024-01-29 16:00:00
WF_002730,BATCH_024,MACH_003,Post-Etch,96.78,1,None,88.74,124.65,242.43,47.34,120.75,443.58,2024-01-29 16:15:00
WF_002731,BATCH_002,MACH_005,Post-Etch,91.11,4,Pattern Distortion,91.583,117.51,250.71,52.85,121.01,454.43,2024-01-29 16:30:00
WF_002732,BATCH_002,MACH_003,Post-Etch,95.38,2,None,90.984,122.25,254.33,51.52,120.08,437.19,2024-01-29 16:45:00
WF_002733,BATCH_036,MACH_003,Post-Etch,91.94,4,Pattern Distortion,90.97,120.67,249.96,53.07,120.18,458.67,2024-01-29 17:00:00
WF_002734,BATCH_032,MACH_002,Post-Etch,91.75,4,Pattern Distortion,93.162,118.19,252.17,57.34,119.43,464.9,2024-01-29 17:15:00
WF_002735,BATCH_007,MACH_001,Post-Etch,91.76,4,Contamination,88.994,124.69,246.0,49.1,120.02,448.7,2024-01-29 17:30:00
WF_002736,BATCH_011,MACH_003,Post-Etch,92.11,4,Photoresist Residue,89.932,117.1,254.23,48.33,121.96,465.22,2024-01-29 17:45:00
WF_002737,BATCH_033,MACH_001,Post-Etch,95.55,2,None,91.219,118.96,262.0,51.66,119.55,450.84,2024-01-29 18:00:00
WF_002738,BATCH_009,MACH_005,Post-Etch,95.01,2,None,90.107,117.3,241.57,50.21,120.14,455.27,2024-01-29 18:15:00
WF_002739,BATCH_010,MACH_004,Post-Etch,91.19,4,Contamination,90.248,120.32,248.6,50.22,119.51,455.22,2024-01-29 18:30:00
WF_002740,BATCH_036,MACH_002,Post-Etch,95.37,2,None,90.943,122.94,239.14,53.39,120.12,442.98,2024-01-29 18:45:00
WF_002741,BATCH_032,MACH_002,Post-Etch,96.46,2,None,90.408,122.99,251.38,49.96,119.8,450.41,2024-01-29 19:00:00
WF_002742,BATCH_005,MACH_005,Post-Etch,95.45,2,None,90.376,117.36,249.06,51.41,120.34,466.58,2024-01-29 19:15:00
WF_002743,BATCH_014,MACH_003,Post-Etch,90.92,5,Etch Pit,91.359,124.88,251.76,52.39,119.99,460.08,2024-01-29 19:30:00
WF_002744,BATCH_044,MACH_005,Post-Etch,96.8,1,None,90.215,115.55,246.05,50.34,121.46,460.0,2024-01-29 19:45:00
WF_002745,BATCH_016,MACH_003,Post-Etch,94.27,3,None,89.671,120.94,250.64,48.16,119.21,429.67,2024-01-29 20:00:00
WF_002746,BATCH_020,MACH_002,Post-Etch,89.98,5,Photoresist Residue,93.088,116.02,250.76,57.17,119.59,413.82,2024-01-29 20:15:00
WF_002747,BATCH_049,MACH_005,Post-Etch,93.84,3,None,91.188,120.41,254.08,52.19,118.57,456.5,2024-01-29 20:30:00
WF_002748,BATCH_002,MACH_005,Post-Etch,91.97,4,Photoresist Residue,90.415,115.53,251.34,50.56,118.12,439.38,2024-01-29 20:45:00
WF_002749,BATCH_028,MACH_003,Post-Etch,95.69,2,None,90.726,122.07,244.83,51.95,118.96,446.1,2024-01-29 21:00:00
WF_002750,BATCH_014,MACH_005,Post-Etch,96.01,2,None,89.632,122.66,250.81,48.44,121.09,456.15,2024-01-29 21:15:00
WF_002751,BATCH_038,MACH_002,Post-Etch,87.8,6,Contamination,92.265,116.01,258.8,54.15,119.99,453.28,2024-01-29 21:30:00
WF_002752,BATCH_033,MACH_005,Post-Etch,95.02,2,None,91.142,124.59,248.95,52.17,120.1,443.89,2024-01-29 21:45:00
WF_002753,BATCH_036,MACH_003,Post-Etch,94.26,3,None,88.558,118.61,241.27,47.78,119.22,446.97,2024-01-29 22:00:00
WF_002754,BATCH_042,MACH_002,Post-Etch,92.15,4,Contamination,92.948,122.08,248.26,56.75,120.85,446.64,2024-01-29 22:15:00
WF_002755,BATCH_020,MACH_004,Post-Etch,95.31,2,None,89.753,123.36,246.95,51.34,119.82,448.38,2024-01-29 22:30:00
WF_002756,BATCH_021,MACH_003,Post-Etch,91.14,4,Photoresist Residue,90.575,116.67,252.32,50.23,122.11,445.15,2024-01-29 22:45:00
WF_002757,BATCH_014,MACH_004,Post-Etch,96.9,1,None,90.077,121.54,244.83,50.87,118.44,461.34,2024-01-29 23:00:00
WF_002758,BATCH_026,MACH_003,Post-Etch,91.4,4,Micro-crack,87.831,119.63,250.38,43.85,119.27,445.11,2024-01-29 23:15:00
WF_002759,BATCH_021,MACH_003,Post-Etch,94.04,3,None,89.493,122.88,251.66,47.4,118.7,468.11,2024-01-29 23:30:00
WF_002760,BATCH_049,MACH_002,Post-Etch,89.2,6,Contamination,92.926,116.04,252.07,57.47,120.29,464.44,2024-01-29 23:45:00
WF_002761,BATCH_014,MACH_005,Post-Etch,93.97,3,None,89.144,122.06,248.43,47.88,121.4,442.58,2024-01-30 00:00:00
WF_002762,BATCH_028,MACH_004,Post-Etch,90.47,5,Micro-crack,89.965,122.7,247.11,50.78,120.55,443.18,2024-01-30 00:15:00
WF_002763,BATCH_006,MACH_001,Post-Etch,98.79,0,None,89.99,122.25,256.1,48.87,120.19,453.02,2024-01-30 00:30:00
WF_002764,BATCH_004,MACH_001,Post-Etch,91.89,4,Etch Pit,90.722,119.82,256.44,50.86,117.97,458.63,2024-01-30 00:45:00
WF_002765,BATCH_007,MACH_003,Post-Etch,97.9,1,None,89.371,116.35,251.05,48.43,118.29,459.75,2024-01-30 01:00:00
WF_002766,BATCH_010,MACH_005,Post-Etch,93.61,3,None,89.308,121.76,252.96,48.04,117.79,456.14,2024-01-30 01:15:00
WF_002767,BATCH_008,MACH_001,Post-Etch,98.64,0,None,89.833,122.38,239.05,50.16,119.54,446.01,2024-01-30 01:30:00
WF_002768,BATCH_024,MACH_001,Post-Etch,96.65,1,None,89.597,120.72,245.09,48.86,119.65,462.48,2024-01-30 01:45:00
WF_002769,BATCH_007,MACH_001,Post-Etch,96.94,1,None,91.33,124.02,250.28,52.91,119.2,429.19,2024-01-30 02:00:00
WF_002770,BATCH_012,MACH_002,Post-Etch,93.41,3,None,90.403,120.05,253.4,48.95,119.53,447.53,2024-01-30 02:15:00
WF_002771,BATCH_007,MACH_004,Post-Etch,88.43,6,Contamination,90.454,115.74,248.37,52.72,119.68,457.22,2024-01-30 02:30:00
WF_002772,BATCH_031,MACH_004,Post-Etch,93.68,3,None,90.158,122.67,249.19,49.63,120.5,446.72,2024-01-30 02:45:00
WF_002773,BATCH_005,MACH_003,Post-Etch,91.32,4,Etch Pit,88.538,116.75,247.67,47.32,118.7,454.37,2024-01-30 03:00:00
WF_002774,BATCH_038,MACH_003,Post-Etch,89.15,5,Micro-crack,89.58,115.31,247.86,49.54,122.03,453.4,2024-01-30 03:15:00
WF_002775,BATCH_049,MACH_001,Post-Etch,95.29,2,None,88.717,117.47,252.27,46.52,119.51,437.54,2024-01-30 03:30:00
WF_002776,BATCH_030,MACH_002,Post-Etch,85.93,7,Pattern Distortion,93.749,117.99,252.37,58.83,118.6,445.46,2024-01-30 03:45:00
WF_002777,BATCH_030,MACH_002,Post-Etch,95.9,2,None,90.637,121.13,247.34,52.27,121.82,453.15,2024-01-30 04:00:00
WF_002778,BATCH_001,MACH_003,Post-Etch,93.78,3,None,90.611,115.13,247.9,50.28,120.21,465.05,2024-01-30 04:15:00
WF_002779,BATCH_050,MACH_001,Post-Etch,94.6,2,None,91.186,118.12,258.66,49.83,119.96,463.48,2024-01-30 04:30:00
WF_002780,BATCH_013,MACH_004,Post-Etch,93.43,3,None,90.158,123.12,252.32,49.98,120.31,451.62,2024-01-30 04:45:00
WF_002781,BATCH_032,MACH_004,Post-Etch,97.14,1,None,90.712,119.04,241.85,52.43,120.27,463.25,2024-01-30 05:00:00
WF_002782,BATCH_011,MACH_004,Post-Etch,95.63,2,None,90.463,123.7,256.39,50.17,118.43,444.27,2024-01-30 05:15:00
WF_002783,BATCH_003,MACH_004,Post-Etch,98.27,1,None,90.892,124.05,252.64,51.55,119.67,425.09,2024-01-30 05:30:00
WF_002784,BATCH_033,MACH_004,Post-Etch,87.06,6,Micro-crack,88.863,123.72,248.12,48.29,119.36,450.4,2024-01-30 05:45:00
WF_002785,BATCH_022,MACH_001,Post-Etch,95.39,2,None,89.128,117.21,248.36,49.5,120.33,440.73,2024-01-30 06:00:00
WF_002786,BATCH_004,MACH_003,Post-Etch,96.16,1,None,90.548,120.22,260.5,50.12,118.02,451.45,2024-01-30 06:15:00
WF_002787,BATCH_004,MACH_003,Post-Etch,90.09,5,Pattern Distortion,90.248,124.7,251.66,50.95,119.47,439.35,2024-01-30 06:30:00
WF_002788,BATCH_020,MACH_002,Post-Etch,93.66,3,None,90.138,122.39,247.52,50.82,120.0,458.04,2024-01-30 06:45:00
WF_002789,BATCH_019,MACH_005,Post-Etch,93.29,3,None,90.769,115.42,252.12,50.93,119.99,448.08,2024-01-30 07:00:00
WF_002790,BATCH_042,MACH_001,Post-Etch,97.55,1,None,89.224,117.3,256.23,47.68,117.48,448.77,2024-01-30 07:15:00
WF_002791,BATCH_040,MACH_003,Post-Etch,93.61,3,None,91.442,118.13,249.74,53.83,121.11,453.06,2024-01-30 07:30:00
WF_002792,BATCH_029,MACH_004,Post-Etch,90.27,5,Photoresist Residue,88.632,124.47,236.65,48.81,118.62,446.45,2024-01-30 07:45:00
WF_002793,BATCH_028,MACH_004,Post-Etch,92.3,4,Contamination,89.214,119.26,248.78,48.91,121.01,451.58,2024-01-30 08:00:00
WF_002794,BATCH_048,MACH_001,Post-Etch,93.37,3,None,89.012,116.84,249.6,49.14,118.83,451.69,2024-01-30 08:15:00
WF_002795,BATCH_001,MACH_002,Post-Etch,93.49,3,None,91.993,115.05,245.6,56.68,119.97,462.86,2024-01-30 08:30:00
WF_002796,BATCH_038,MACH_001,Post-Etch,98.34,0,None,90.608,119.83,253.41,51.47,120.65,452.43,2024-01-30 08:45:00
WF_002797,BATCH_040,MACH_001,Post-Etch,91.81,4,Etch Pit,91.373,123.66,246.24,53.19,120.55,466.16,2024-01-30 09:00:00
WF_002798,BATCH_040,MACH_002,Post-Etch,87.55,6,Etch Pit,92.015,119.74,241.65,55.33,120.93,451.74,2024-01-30 09:15:00
WF_002799,BATCH_037,MACH_003,Post-Etch,98.49,0,None,89.798,115.14,257.95,48.65,120.66,440.23,2024-01-30 09:30:00
WF_002800,BATCH_010,MACH_002,Post-Etch,92.73,3,None,91.484,121.58,245.94,54.55,120.42,438.23,2024-01-30 09:45:00
WF_002801,BATCH_029,MACH_004,Post-Etch,93.64,3,None,89.703,115.33,245.65,51.33,119.7,453.76,2024-01-30 10:00:00
WF_002802,BATCH_003,MACH_002,Post-Etch,88.17,6,Photoresist Residue,91.419,118.51,246.06,55.07,120.53,458.05,2024-01-30 10:15:00
WF_002803,BATCH_047,MACH_002,Post-Etch,93.57,3,None,92.164,121.55,239.75,55.65,119.74,459.65,2024-01-30 10:30:00
WF_002804,BATCH_003,MACH_005,Post-Etch,90.77,5,Contamination,89.646,116.48,248.21,48.7,120.14,469.12,2024-01-30 10:45:00
WF_002805,BATCH_027,MACH_001,Post-Etch,95.96,2,None,88.352,120.2,248.58,46.96,121.67,445.03,2024-01-30 11:00:00
WF_002806,BATCH_007,MACH_002,Post-Etch,92.28,4,Photoresist Residue,92.033,121.67,249.62,56.83,119.89,444.95,2024-01-30 11:15:00
WF_002807,BATCH_031,MACH_001,Post-Etch,95.33,2,None,90.605,116.75,247.79,50.72,120.33,452.53,2024-01-30 11:30:00
WF_002808,BATCH_011,MACH_001,Post-Etch,97.38,1,None,90.732,120.01,255.49,51.7,121.63,434.31,2024-01-30 11:45:00
WF_002809,BATCH_037,MACH_005,Post-Etch,99.0,0,None,90.159,123.41,252.34,50.67,119.39,454.65,2024-01-30 12:00:00
WF_002810,BATCH_016,MACH_002,Post-Etch,87.26,7,Micro-crack,92.69,122.84,250.07,56.4,121.17,443.59,2024-01-30 12:15:00
WF_002811,BATCH_018,MACH_003,Post-Etch,92.32,4,Etch Pit,88.272,116.31,243.29,46.69,119.62,440.52,2024-01-30 12:30:00
WF_002812,BATCH_025,MACH_003,Post-Etch,97.33,1,None,89.379,123.37,258.01,47.09,120.44,445.24,2024-01-30 12:45:00
WF_002813,BATCH_011,MACH_004,Post-Etch,90.5,5,Pattern Distortion,90.884,121.61,258.76,51.53,119.88,449.86,2024-01-30 13:00:00
WF_002814,BATCH_009,MACH_004,Post-Etch,97.14,1,None,89.773,123.92,249.02,49.38,119.58,460.97,2024-01-30 13:15:00
WF_002815,BATCH_043,MACH_002,Post-Etch,96.29,2,None,91.681,119.11,246.85,55.27,118.42,449.74,2024-01-30 13:30:00
WF_002816,BATCH_012,MACH_005,Post-Etch,93.42,3,None,89.737,123.03,249.53,48.98,120.64,459.8,2024-01-30 13:45:00
WF_002817,BATCH_039,MACH_002,Post-Etch,88.28,6,Contamination,90.888,121.6,249.0,52.84,118.45,451.31,2024-01-30 14:00:00
WF_002818,BATCH_047,MACH_001,Post-Etch,96.25,2,None,88.803,121.85,253.1,46.93,119.5,449.97,2024-01-30 14:15:00
WF_002819,BATCH_003,MACH_002,Post-Etch,87.35,6,Pattern Distortion,93.059,124.45,246.71,57.4,119.72,449.73,2024-01-30 14:30:00
WF_002820,BATCH_008,MACH_001,Post-Etch,99.0,0,None,90.574,118.38,248.65,51.33,120.55,462.57,2024-01-30 14:45:00
WF_002821,BATCH_039,MACH_001,Post-Etch,88.82,6,Contamination,88.557,122.98,239.24,47.57,119.83,448.27,2024-01-30 15:00:00
WF_002822,BATCH_042,MACH_001,Post-Etch,87.92,6,Photoresist Residue,89.699,122.75,256.23,48.22,119.05,454.29,2024-01-30 15:15:00
WF_002823,BATCH_031,MACH_003,Post-Etch,93.41,3,None,89.599,124.27,241.5,49.85,121.07,446.77,2024-01-30 15:30:00
WF_002824,BATCH_007,MACH_002,Post-Etch,87.23,6,Micro-crack,90.314,122.8,248.57,53.31,120.91,462.2,2024-01-30 15:45:00
WF_002825,BATCH_001,MACH_004,Post-Etch,94.74,2,None,89.587,124.23,244.19,49.96,118.84,432.93,2024-01-30 16:00:00
WF_002826,BATCH_042,MACH_003,Post-Etch,90.54,5,Micro-crack,92.466,117.56,255.21,54.85,120.82,444.49,2024-01-30 16:15:00
WF_002827,BATCH_005,MACH_001,Post-Etch,95.34,2,None,89.828,121.45,251.61,50.67,121.07,461.13,2024-01-30 16:30:00
WF_002828,BATCH_025,MACH_003,Post-Etch,97.89,1,None,90.167,118.74,253.08,51.25,120.31,460.5,2024-01-30 16:45:00
WF_002829,BATCH_040,MACH_001,Post-Etch,95.62,2,None,91.172,119.57,254.36,51.06,121.08,449.09,2024-01-30 17:00:00
WF_002830,BATCH_035,MACH_005,Post-Etch,98.54,0,None,89.987,122.21,255.67,49.35,117.83,456.97,2024-01-30 17:15:00
WF_002831,BATCH_032,MACH_003,Post-Etch,94.19,3,None,91.034,119.14,248.25,52.15,118.8,449.97,2024-01-30 17:30:00
WF_002832,BATCH_035,MACH_001,Post-Etch,97.77,1,None,89.814,119.7,246.34,49.42,119.46,445.97,2024-01-30 17:45:00
WF_002833,BATCH_032,MACH_001,Post-Etch,93.09,3,None,89.583,116.0,249.06,49.32,120.4,473.87,2024-01-30 18:00:00
WF_002834,BATCH_046,MACH_002,Post-Etch,95.9,2,None,91.228,120.65,245.34,53.62,116.89,463.84,2024-01-30 18:15:00
WF_002835,BATCH_027,MACH_001,Post-Etch,93.34,3,None,89.83,120.16,249.4,48.63,119.61,450.27,2024-01-30 18:30:00
WF_002836,BATCH_034,MACH_005,Post-Etch,90.14,5,Pattern Distortion,91.756,119.12,254.01,53.15,119.41,452.66,2024-01-30 18:45:00
WF_002837,BATCH_027,MACH_005,Post-Etch,98.13,1,None,90.102,124.81,250.46,51.15,119.18,439.96,2024-01-30 19:00:00
WF_002838,BATCH_026,MACH_004,Post-Etch,97.1,1,None,89.471,124.44,238.8,50.38,119.25,451.17,2024-01-30 19:15:00
WF_002839,BATCH_018,MACH_001,Post-Etch,96.87,1,None,90.238,124.29,257.81,48.91,119.53,433.34,2024-01-30 19:30:00
WF_002840,BATCH_040,MACH_002,Post-Etch,89.14,5,Micro-crack,91.518,121.04,251.56,53.76,120.12,444.33,2024-01-30 19:45:00
WF_002841,BATCH_043,MACH_001,Post-Etch,96.66,1,None,89.296,120.7,249.45,47.39,119.3,469.28,2024-01-30 20:00:00
WF_002842,BATCH_002,MACH_003,Post-Etch,91.74,4,Pattern Distortion,91.421,123.21,257.81,52.32,119.69,452.57,2024-01-30 20:15:00
WF_002843,BATCH_038,MACH_005,Post-Etch,92.28,3,None,90.703,117.77,249.93,51.06,118.44,459.23,2024-01-30 20:30:00
WF_002844,BATCH_026,MACH_003,Post-Etch,89.45,5,Contamination,91.617,122.47,259.01,53.43,121.12,467.53,2024-01-30 20:45:00
WF_002845,BATCH_045,MACH_005,Post-Etch,97.2,1,None,89.852,124.29,253.76,50.16,122.36,452.5,2024-01-30 21:00:00
WF_002846,BATCH_005,MACH_004,Post-Etch,87.88,6,Photoresist Residue,88.523,124.71,250.76,46.54,120.02,465.45,2024-01-30 21:15:00
WF_002847,BATCH_010,MACH_003,Post-Etch,97.57,1,None,90.075,120.17,244.3,51.66,118.93,443.87,2024-01-30 21:30:00
WF_002848,BATCH_018,MACH_005,Post-Etch,92.55,4,Pattern Distortion,90.477,117.72,246.11,51.6,119.57,453.06,2024-01-30 21:45:00
WF_002849,BATCH_021,MACH_005,Post-Etch,88.12,6,Photoresist Residue,91.945,124.73,246.12,54.52,119.6,422.2,2024-01-30 22:00:00
WF_002850,BATCH_021,MACH_001,Post-Etch,95.84,2,None,89.349,116.73,246.6,49.38,119.35,451.04,2024-01-30 22:15:00
WF_002851,BATCH_002,MACH_004,Post-Etch,96.65,1,None,89.97,123.2,242.4,51.79,120.03,436.71,2024-01-30 22:30:00
WF_002852,BATCH_028,MACH_002,Post-Etch,92.23,4,Etch Pit,91.085,119.43,250.81,53.56,120.77,446.78,2024-01-30 22:45:00
WF_002853,BATCH_009,MACH_003,Post-Etch,95.31,2,None,91.114,121.42,247.06,53.02,119.7,447.97,2024-01-30 23:00:00
WF_002854,BATCH_004,MACH_002,Post-Etch,93.6,3,None,92.41,117.11,249.76,55.73,121.65,452.36,2024-01-30 23:15:00
WF_002855,BATCH_015,MACH_003,Post-Etch,95.2,2,None,90.918,124.58,252.31,53.02,119.82,445.02,2024-01-30 23:30:00
WF_002856,BATCH_042,MACH_005,Post-Etch,94.43,3,None,91.026,120.71,244.94,52.3,120.2,453.29,2024-01-30 23:45:00
WF_002857,BATCH_027,MACH_003,Post-Etch,93.2,3,None,90.22,118.16,244.71,51.93,120.0,450.77,2024-01-31 00:00:00
WF_002858,BATCH_024,MACH_004,Post-Etch,93.98,3,None,89.393,116.48,249.4,49.27,119.18,442.52,2024-01-31 00:15:00
WF_002859,BATCH_049,MACH_002,Post-Etch,84.61,8,Photoresist Residue,93.118,124.56,245.67,58.23,121.39,460.0,2024-01-31 00:30:00
WF_002860,BATCH_006,MACH_002,Post-Etch,94.21,3,None,91.094,122.36,256.1,51.17,119.54,445.75,2024-01-31 00:45:00
WF_002861,BATCH_015,MACH_002,Post-Etch,89.6,5,Pattern Distortion,91.463,119.56,251.54,53.21,120.13,454.61,2024-01-31 01:00:00
WF_002862,BATCH_026,MACH_001,Post-Etch,89.65,5,Etch Pit,91.12,120.32,247.5,53.88,120.73,450.93,2024-01-31 01:15:00
WF_002863,BATCH_008,MACH_002,Post-Etch,92.06,4,Photoresist Residue,92.068,122.08,247.9,57.02,118.94,467.3,2024-01-31 01:30:00
WF_002864,BATCH_016,MACH_001,Post-Etch,95.78,2,None,90.447,116.65,240.19,51.02,119.27,439.22,2024-01-31 01:45:00
WF_002865,BATCH_035,MACH_005,Post-Etch,93.93,3,None,91.564,121.96,257.61,53.58,120.32,429.97,2024-01-31 02:00:00
WF_002866,BATCH_014,MACH_001,Post-Etch,91.21,4,Photoresist Residue,88.258,120.16,249.42,46.09,118.89,444.44,2024-01-31 02:15:00
WF_002867,BATCH_033,MACH_005,Post-Etch,93.83,3,None,90.148,119.48,241.05,51.17,117.72,450.32,2024-01-31 02:30:00
WF_002868,BATCH_048,MACH_004,Post-Etch,92.44,4,Contamination,91.813,117.57,252.01,54.01,119.16,444.27,2024-01-31 02:45:00
WF_002869,BATCH_014,MACH_003,Post-Etch,92.86,3,None,90.166,118.27,249.04,50.04,119.18,440.57,2024-01-31 03:00:00
WF_002870,BATCH_005,MACH_005,Post-Etch,94.66,3,None,90.814,119.99,248.12,52.87,119.1,449.75,2024-01-31 03:15:00
WF_002871,BATCH_041,MACH_002,Post-Etch,88.28,6,Pattern Distortion,91.945,123.47,248.93,54.47,121.01,457.97,2024-01-31 03:30:00
WF_002872,BATCH_036,MACH_005,Post-Etch,90.02,5,Micro-crack,88.629,121.52,249.63,47.89,122.35,466.04,2024-01-31 03:45:00
WF_002873,BATCH_033,MACH_002,Post-Etch,94.33,2,None,91.163,123.1,259.01,50.92,119.92,443.38,2024-01-31 04:00:00
WF_002874,BATCH_044,MACH_002,Post-Etch,93.87,3,None,91.538,119.14,245.7,55.7,117.97,439.3,2024-01-31 04:15:00
WF_002875,BATCH_050,MACH_003,Post-Etch,95.9,2,None,90.061,121.3,243.86,50.63,118.58,442.44,2024-01-31 04:30:00
WF_002876,BATCH_043,MACH_001,Post-Etch,91.6,4,Contamination,88.713,115.51,251.13,46.62,121.47,451.43,2024-01-31 04:45:00
WF_002877,BATCH_040,MACH_002,Post-Etch,86.86,7,Etch Pit,93.191,115.2,250.66,56.53,119.93,461.8,2024-01-31 05:00:00
WF_002878,BATCH_014,MACH_003,Post-Etch,95.83,2,None,91.847,117.08,252.04,53.59,119.69,436.66,2024-01-31 05:15:00
WF_002879,BATCH_021,MACH_001,Post-Etch,89.6,5,Pattern Distortion,88.472,117.66,245.05,46.74,120.15,466.62,2024-01-31 05:30:00
WF_002880,BATCH_034,MACH_002,Post-Etch,86.27,7,Photoresist Residue,93.439,121.17,254.69,57.34,120.38,455.84,2024-01-31 05:45:00
WF_002881,BATCH_001,MACH_002,Post-Etch,93.52,3,None,90.365,118.29,247.65,50.94,119.8,455.28,2024-01-31 06:00:00
WF_002882,BATCH_050,MACH_004,Post-Etch,91.37,4,Photoresist Residue,89.236,124.07,249.61,48.58,120.54,463.99,2024-01-31 06:15:00
WF_002883,BATCH_044,MACH_001,Post-Etch,92.38,4,Contamination,89.076,119.72,242.86,47.94,119.27,459.19,2024-01-31 06:30:00
WF_002884,BATCH_027,MACH_005,Post-Etch,96.47,2,None,89.138,117.26,247.49,49.93,120.82,462.39,2024-01-31 06:45:00
WF_002885,BATCH_022,MACH_005,Post-Etch,98.02,1,None,90.355,124.47,244.89,51.78,120.95,456.79,2024-01-31 07:00:00
WF_002886,BATCH_048,MACH_005,Post-Etch,95.79,2,None,90.165,119.4,256.0,49.83,118.5,455.37,2024-01-31 07:15:00
WF_002887,BATCH_029,MACH_001,Post-Etch,89.04,6,Etch Pit,89.285,115.58,253.77,48.17,119.39,459.52,2024-01-31 07:30:00
WF_002888,BATCH_025,MACH_005,Post-Etch,96.35,1,None,89.772,116.38,248.44,50.21,121.0,453.58,2024-01-31 07:45:00
WF_002889,BATCH_041,MACH_005,Post-Etch,99.0,0,None,89.824,122.45,254.18,49.08,120.08,449.67,2024-01-31 08:00:00
WF_002890,BATCH_016,MACH_002,Post-Etch,88.15,6,Etch Pit,91.66,121.94,254.15,53.98,118.5,425.78,2024-01-31 08:15:00
WF_002891,BATCH_036,MACH_001,Post-Etch,99.0,0,None,89.444,118.8,256.68,47.68,119.3,456.35,2024-01-31 08:30:00
WF_002892,BATCH_027,MACH_001,Post-Etch,94.03,3,None,91.585,124.24,250.73,52.93,119.8,437.63,2024-01-31 08:45:00
WF_002893,BATCH_049,MACH_004,Post-Etch,94.84,2,None,89.127,117.29,252.08,48.95,120.53,461.16,2024-01-31 09:00:00
WF_002894,BATCH_032,MACH_002,Post-Etch,85.36,7,Photoresist Residue,93.208,119.94,260.98,56.05,120.0,474.01,2024-01-31 09:15:00
WF_002895,BATCH_029,MACH_002,Post-Etch,93.2,3,None,91.661,118.61,255.14,54.25,119.06,445.73,2024-01-31 09:30:00
WF_002896,BATCH_007,MACH_001,Post-Etch,93.24,3,None,91.137,122.46,250.19,53.63,122.61,445.36,2024-01-31 09:45:00
WF_002897,BATCH_045,MACH_005,Post-Etch,96.01,2,None,89.598,119.42,244.19,50.7,120.89,445.0,2024-01-31 10:00:00
WF_002898,BATCH_049,MACH_005,Post-Etch,90.03,5,Photoresist Residue,88.469,115.45,248.34,46.97,117.94,439.02,2024-01-31 10:15:00
WF_002899,BATCH_010,MACH_002,Post-Etch,91.64,4,Etch Pit,91.981,117.85,246.98,56.26,118.63,452.87,2024-01-31 10:30:00
WF_002900,BATCH_023,MACH_002,Post-Etch,95.83,2,None,91.516,124.38,247.63,53.9,118.42,442.12,2024-01-31 10:45:00
WF_002901,BATCH_011,MACH_001,Post-Etch,96.22,2,None,90.486,119.75,249.52,51.31,118.51,457.81,2024-01-31 11:00:00
WF_002902,BATCH_006,MACH_003,Post-Etch,95.81,2,None,89.453,120.01,249.8,49.12,120.17,451.93,2024-01-31 11:15:00
WF_002903,BATCH_033,MACH_003,Post-Etch,93.5,3,None,90.389,116.62,245.5,50.26,120.41,452.1,2024-01-31 11:30:00
WF_002904,BATCH_036,MACH_005,Post-Etch,95.21,2,None,89.735,121.04,250.94,49.25,119.55,425.27,2024-01-31 11:45:00
WF_002905,BATCH_049,MACH_005,Post-Etch,93.74,3,None,89.673,124.67,244.85,51.23,120.4,435.46,2024-01-31 12:00:00
WF_002906,BATCH_002,MACH_004,Post-Etch,88.44,6,Pattern Distortion,89.03,115.37,243.98,48.44,121.24,462.72,2024-01-31 12:15:00
WF_002907,BATCH_002,MACH_001,Post-Etch,92.89,4,Photoresist Residue,90.427,120.42,258.74,49.83,118.73,460.96,2024-01-31 12:30:00
WF_002908,BATCH_005,MACH_003,Post-Etch,94.21,3,None,89.76,124.95,252.73,49.57,120.43,451.99,2024-01-31 12:45:00
WF_002909,BATCH_029,MACH_001,Post-Etch,94.93,2,None,89.53,115.9,248.13,49.61,118.51,441.12,2024-01-31 13:00:00
WF_002910,BATCH_039,MACH_003,Post-Etch,94.7,2,None,89.191,121.52,248.77,46.88,118.49,435.31,2024-01-31 13:15:00
WF_002911,BATCH_013,MACH_001,Post-Etch,96.27,2,None,91.037,121.74,252.11,52.53,118.38,449.1,2024-01-31 13:30:00
WF_002912,BATCH_008,MACH_005,Post-Etch,92.51,4,Etch Pit,90.855,122.08,242.81,51.78,120.7,440.79,2024-01-31 13:45:00
WF_002913,BATCH_050,MACH_003,Post-Etch,96.8,1,None,90.351,117.77,251.52,51.18,120.52,456.31,2024-01-31 14:00:00
WF_002914,BATCH_020,MACH_001,Post-Etch,97.37,1,None,90.473,117.03,259.82,50.81,118.83,444.3,2024-01-31 14:15:00
WF_002915,BATCH_020,MACH_002,Post-Etch,97.21,1,None,90.555,115.13,247.22,52.13,120.07,446.26,2024-01-31 14:30:00
WF_002916,BATCH_015,MACH_004,Post-Etch,94.22,3,None,91.361,124.02,252.71,52.62,119.98,459.94,2024-01-31 14:45:00
WF_002917,BATCH_008,MACH_003,Post-Etch,98.88,0,None,89.572,121.42,247.15,50.43,119.5,441.89,2024-01-31 15:00:00
WF_002918,BATCH_032,MACH_005,Post-Etch,91.37,4,Contamination,90.733,115.03,251.11,51.5,119.44,435.88,2024-01-31 15:15:00
WF_002919,BATCH_012,MACH_001,Post-Etch,99.0,0,None,90.32,115.56,240.95,50.79,120.14,448.31,2024-01-31 15:30:00
WF_002920,BATCH_042,MACH_001,Post-Etch,95.69,2,None,90.215,122.17,248.36,50.64,120.01,448.18,2024-01-31 15:45:00
WF_002921,BATCH_003,MACH_005,Post-Etch,87.1,7,Contamination,92.501,115.32,262.91,54.56,121.27,462.01,2024-01-31 16:00:00
WF_002922,BATCH_042,MACH_004,Post-Etch,97.25,1,None,90.824,124.54,254.69,51.12,120.95,452.45,2024-01-31 16:15:00
WF_002923,BATCH_011,MACH_001,Post-Etch,96.12,2,None,90.591,116.18,253.99,50.98,119.61,453.74,2024-01-31 16:30:00
WF_002924,BATCH_004,MACH_005,Post-Etch,99.0,0,None,89.34,123.49,255.94,49.19,120.79,442.15,2024-01-31 16:45:00
WF_002925,BATCH_037,MACH_005,Post-Etch,94.21,3,None,89.946,117.9,246.35,50.32,119.57,432.03,2024-01-31 17:00:00
WF_002926,BATCH_009,MACH_002,Post-Etch,87.21,7,Micro-crack,92.694,121.88,248.61,57.87,119.73,449.11,2024-01-31 17:15:00
WF_002927,BATCH_039,MACH_002,Post-Etch,94.76,2,None,91.214,117.38,251.63,52.96,119.61,441.79,2024-01-31 17:30:00
WF_002928,BATCH_043,MACH_002,Post-Etch,97.69,1,None,90.82,124.6,246.85,53.16,118.52,443.74,2024-01-31 17:45:00
WF_002929,BATCH_030,MACH_005,Post-Etch,96.27,2,None,89.969,120.39,253.26,49.76,120.0,455.89,2024-01-31 18:00:00
WF_002930,BATCH_045,MACH_004,Post-Etch,91.57,4,Contamination,91.202,117.34,251.92,52.24,120.7,437.79,2024-01-31 18:15:00
WF_002931,BATCH_032,MACH_005,Post-Etch,94.54,2,None,90.023,120.38,245.97,50.53,118.74,446.34,2024-01-31 18:30:00
WF_002932,BATCH_046,MACH_002,Post-Etch,91.58,4,Photoresist Residue,91.703,120.52,250.63,54.28,120.31,442.05,2024-01-31 18:45:00
WF_002933,BATCH_042,MACH_005,Post-Etch,91.85,4,Micro-crack,90.828,117.27,251.01,51.74,119.21,451.72,2024-01-31 19:00:00
WF_002934,BATCH_004,MACH_005,Post-Etch,93.68,3,None,89.448,116.57,246.37,49.13,120.47,448.89,2024-01-31 19:15:00
WF_002935,BATCH_021,MACH_001,Post-Etch,93.86,3,None,91.144,121.71,248.22,52.6,118.81,453.34,2024-01-31 19:30:00
WF_002936,BATCH_041,MACH_005,Post-Etch,97.15,1,None,90.194,122.89,255.43,50.0,118.21,453.33,2024-01-31 19:45:00
WF_002937,BATCH_034,MACH_002,Post-Etch,94.23,3,None,90.839,123.41,248.84,52.62,121.02,438.26,2024-01-31 20:00:00
WF_002938,BATCH_026,MACH_004,Post-Etch,98.2,0,None,90.077,123.0,257.46,49.61,120.8,449.65,2024-01-31 20:15:00
WF_002939,BATCH_020,MACH_003,Post-Etch,98.28,1,None,90.33,123.96,262.55,49.83,120.37,435.5,2024-01-31 20:30:00
WF_002940,BATCH_030,MACH_001,Post-Etch,95.17,2,None,89.741,119.24,255.98,50.27,119.78,449.17,2024-01-31 20:45:00
WF_002941,BATCH_035,MACH_002,Post-Etch,93.83,3,None,90.735,119.48,247.83,52.22,120.46,459.54,2024-01-31 21:00:00
WF_002942,BATCH_042,MACH_002,Post-Etch,93.12,4,Micro-crack,92.842,122.3,253.99,55.2,120.4,460.05,2024-01-31 21:15:00
WF_002943,BATCH_032,MACH_001,Post-Etch,97.6,1,None,89.047,121.27,254.18,48.51,119.13,450.11,2024-01-31 21:30:00
WF_002944,BATCH_045,MACH_004,Post-Etch,94.13,3,None,89.755,123.56,243.51,49.18,121.67,456.11,2024-01-31 21:45:00
WF_002945,BATCH_019,MACH_001,Post-Etch,93.45,3,None,90.042,124.58,245.39,49.93,119.87,432.45,2024-01-31 22:00:00
WF_002946,BATCH_002,MACH_004,Post-Etch,84.61,8,Photoresist Residue,87.96,118.48,253.09,44.54,120.28,460.76,2024-01-31 22:15:00
WF_002947,BATCH_006,MACH_005,Post-Etch,94.96,2,None,90.254,121.82,247.11,50.41,119.25,435.59,2024-01-31 22:30:00
WF_002948,BATCH_033,MACH_003,Post-Etch,91.41,4,Pattern Distortion,88.641,119.42,245.61,46.54,120.55,461.98,2024-01-31 22:45:00
WF_002949,BATCH_007,MACH_004,Post-Etch,97.27,1,None,91.025,117.55,248.84,51.87,119.49,457.9,2024-01-31 23:00:00
WF_002950,BATCH_001,MACH_004,Post-Etch,93.54,3,None,91.689,122.68,256.72,53.69,120.17,459.18,2024-01-31 23:15:00
WF_002951,BATCH_035,MACH_001,Post-Etch,95.26,2,None,88.901,124.38,252.88,47.54,120.45,454.47,2024-01-31 23:30:00
WF_002952,BATCH_003,MACH_002,Post-Etch,95.5,2,None,88.937,120.15,249.0,46.98,120.76,461.68,2024-01-31 23:45:00
WF_002953,BATCH_035,MACH_003,Post-Etch,93.0,3,None,91.346,115.08,253.95,51.09,121.25,447.44,2024-02-01 00:00:00
WF_002954,BATCH_038,MACH_001,Post-Etch,96.4,2,None,88.869,120.0,253.89,47.39,120.77,441.98,2024-02-01 00:15:00
WF_002955,BATCH_039,MACH_003,Post-Etch,98.22,1,None,90.186,116.85,250.03,49.84,120.95,453.76,2024-02-01 00:30:00
WF_002956,BATCH_023,MACH_003,Post-Etch,94.82,2,None,89.489,117.54,253.02,48.12,118.25,460.92,2024-02-01 00:45:00
WF_002957,BATCH_007,MACH_005,Post-Etch,93.6,3,None,89.184,122.73,250.21,47.48,120.11,450.69,2024-02-01 01:00:00
WF_002958,BATCH_042,MACH_003,Post-Etch,91.53,4,Pattern Distortion,89.718,120.59,255.0,49.57,119.53,452.16,2024-02-01 01:15:00
WF_002959,BATCH_003,MACH_001,Post-Etch,94.48,3,None,89.431,121.82,236.07,49.49,119.35,453.7,2024-02-01 01:30:00
WF_002960,BATCH_050,MACH_002,Post-Etch,96.12,1,None,90.661,123.3,245.87,52.84,118.79,441.2,2024-02-01 01:45:00
WF_002961,BATCH_045,MACH_004,Post-Etch,91.6,4,Contamination,88.825,116.43,249.4,48.92,120.29,446.22,2024-02-01 02:00:00
WF_002962,BATCH_024,MACH_001,Post-Etch,96.69,1,None,89.974,122.9,245.92,50.56,121.42,426.08,2024-02-01 02:15:00
WF_002963,BATCH_036,MACH_002,Post-Etch,88.43,6,Contamination,92.239,118.54,244.6,56.17,119.95,442.55,2024-02-01 02:30:00
WF_002964,BATCH_048,MACH_001,Post-Etch,93.15,3,None,90.757,122.25,250.63,51.53,119.81,440.1,2024-02-01 02:45:00
WF_002965,BATCH_011,MACH_001,Post-Etch,95.77,2,None,90.525,115.14,253.56,51.72,121.03,444.3,2024-02-01 03:00:00
WF_002966,BATCH_012,MACH_003,Post-Etch,95.37,2,None,89.485,123.8,249.34,48.32,117.89,459.74,2024-02-01 03:15:00
WF_002967,BATCH_011,MACH_002,Post-Etch,97.13,1,None,90.112,117.24,251.15,50.21,118.45,454.64,2024-02-01 03:30:00
WF_002968,BATCH_009,MACH_003,Post-Etch,98.62,0,None,90.309,122.35,252.53,49.94,120.62,447.27,2024-02-01 03:45:00
WF_002969,BATCH_007,MACH_003,Post-Etch,99.0,0,None,89.539,120.8,245.66,49.92,120.75,459.72,2024-02-01 04:00:00
WF_002970,BATCH_001,MACH_003,Post-Etch,94.95,2,None,89.332,121.98,246.4,49.19,121.57,459.53,2024-02-01 04:15:00
WF_002971,BATCH_041,MACH_005,Post-Etch,94.78,2,None,89.093,123.5,245.88,48.42,121.92,448.49,2024-02-01 04:30:00
WF_002972,BATCH_018,MACH_001,Post-Etch,95.52,2,None,90.283,124.67,248.69,50.09,118.75,446.34,2024-02-01 04:45:00
WF_002973,BATCH_007,MACH_004,Post-Etch,95.54,2,None,89.169,123.27,246.49,48.74,120.51,423.47,2024-02-01 05:00:00
WF_002974,BATCH_026,MACH_001,Post-Etch,97.26,1,None,90.05,123.1,250.7,49.72,119.98,451.26,2024-02-01 05:15:00
WF_002975,BATCH_044,MACH_005,Post-Etch,97.23,1,None,89.75,123.67,249.76,49.36,120.53,446.97,2024-02-01 05:30:00
WF_002976,BATCH_019,MACH_002,Post-Etch,88.41,6,Photoresist Residue,91.849,115.52,245.13,56.02,119.76,435.81,2024-02-01 05:45:00
WF_002977,BATCH_018,MACH_001,Post-Etch,95.48,2,None,90.859,116.36,256.85,50.11,120.72,441.32,2024-02-01 06:00:00
WF_002978,BATCH_026,MACH_002,Post-Etch,95.52,2,None,91.141,116.24,250.1,52.66,120.59,453.31,2024-02-01 06:15:00
WF_002979,BATCH_048,MACH_002,Post-Etch,94.5,2,None,91.33,123.06,252.91,53.1,120.71,454.84,2024-02-01 06:30:00
WF_002980,BATCH_040,MACH_003,Post-Etch,98.98,0,None,89.696,115.35,243.0,51.03,120.15,458.87,2024-02-01 06:45:00
WF_002981,BATCH_004,MACH_001,Post-Etch,95.51,2,None,89.944,122.84,247.86,49.04,119.89,462.39,2024-02-01 07:00:00
WF_002982,BATCH_015,MACH_004,Post-Etch,95.9,2,None,90.632,118.07,248.14,51.31,120.02,450.62,2024-02-01 07:15:00
WF_002983,BATCH_028,MACH_002,Post-Etch,94.32,3,None,91.126,115.99,249.22,53.08,120.39,460.17,2024-02-01 07:30:00
WF_002984,BATCH_047,MACH_001,Post-Etch,97.26,1,None,90.465,124.05,251.15,50.36,120.4,451.84,2024-02-01 07:45:00
WF_002985,BATCH_018,MACH_002,Post-Etch,89.7,5,Contamination,92.603,121.79,244.59,57.21,120.72,441.4,2024-02-01 08:00:00
WF_002986,BATCH_038,MACH_003,Post-Etch,93.99,3,None,91.133,120.02,248.43,53.02,120.11,449.29,2024-02-01 08:15:00
WF_002987,BATCH_032,MACH_002,Post-Etch,86.89,7,Pattern Distortion,93.693,118.28,242.86,60.24,121.33,444.6,2024-02-01 08:30:00
WF_002988,BATCH_041,MACH_005,Post-Etch,90.33,5,Photoresist Residue,89.38,123.87,254.36,47.51,120.6,436.83,2024-02-01 08:45:00
WF_002989,BATCH_038,MACH_003,Post-Etch,88.3,6,Etch Pit,90.471,121.77,252.5,50.95,118.95,440.56,2024-02-01 09:00:00
WF_002990,BATCH_001,MACH_002,Post-Etch,95.37,2,None,89.717,117.38,248.35,51.29,120.45,439.76,2024-02-01 09:15:00
WF_002991,BATCH_030,MACH_002,Post-Etch,90.65,5,Micro-crack,91.931,122.85,255.23,53.5,120.16,425.86,2024-02-01 09:30:00
WF_002992,BATCH_012,MACH_003,Post-Etch,95.32,2,None,90.64,118.82,248.65,51.11,119.11,449.26,2024-02-01 09:45:00
WF_002993,BATCH_037,MACH_002,Post-Etch,91.33,4,Contamination,92.021,123.78,248.15,54.68,120.74,455.83,2024-02-01 10:00:00
WF_002994,BATCH_043,MACH_001,Post-Etch,95.22,2,None,90.021,118.6,262.81,47.26,119.31,461.48,2024-02-01 10:15:00
WF_002995,BATCH_008,MACH_004,Post-Etch,94.07,3,None,89.696,118.5,246.36,49.23,121.56,448.98,2024-02-01 10:30:00
WF_002996,BATCH_030,MACH_004,Post-Etch,92.68,4,Etch Pit,89.111,124.28,249.55,48.19,117.89,465.0,2024-02-01 10:45:00
WF_002997,BATCH_001,MACH_001,Post-Etch,97.84,1,None,88.879,116.93,254.58,47.62,119.21,445.52,2024-02-01 11:00:00
WF_002998,BATCH_007,MACH_001,Post-Etch,97.19,1,None,89.585,123.34,241.9,50.34,118.64,430.44,2024-02-01 11:15:00
WF_002999,BATCH_043,MACH_004,Post-Etch,96.93,1,None,90.236,120.7,243.62,51.6,117.55,445.85,2024-02-01 11:30:00
WF_003000,BATCH_048,MACH_001,Post-Etch,93.57,3,None,90.953,115.81,258.82,49.71,121.16,435.72,2024-02-01 11:45:00
WF_003001,BATCH_015,MACH_003,Post-Etch,94.98,2,None,89.999,120.75,250.07,50.9,120.15,446.95,2024-02-01 12:00:00
WF_003002,BATCH_015,MACH_002,Post-Etch,86.18,7,Pattern Distortion,90.918,115.56,253.95,50.67,119.36,463.42,2024-02-01 12:15:00
WF_003003,BATCH_004,MACH_004,Post-Etch,96.96,1,None,90.653,120.21,247.86,51.63,119.54,419.09,2024-02-01 12:30:00
WF_003004,BATCH_026,MACH_005,Post-Etch,95.03,2,None,89.626,115.8,249.42,49.38,120.18,451.68,2024-02-01 12:45:00
WF_003005,BATCH_045,MACH_001,Post-Etch,90.17,5,Pattern Distortion,89.067,120.15,248.7,48.49,120.8,445.29,2024-02-01 13:00:00
WF_003006,BATCH_034,MACH_002,Post-Etch,95.29,2,None,91.202,120.46,255.26,52.73,119.15,468.03,2024-02-01 13:15:00
WF_003007,BATCH_038,MACH_005,Post-Etch,91.55,4,Contamination,90.486,123.91,253.52,50.84,121.64,456.35,2024-02-01 13:30:00
WF_003008,BATCH_008,MACH_001,Post-Etch,94.9,2,None,90.529,115.2,246.57,51.51,118.43,445.67,2024-02-01 13:45:00
WF_003009,BATCH_002,MACH_005,Post-Etch,98.53,0,None,89.651,116.33,247.6,48.92,118.5,455.39,2024-02-01 14:00:00
WF_003010,BATCH_011,MACH_004,Post-Etch,95.18,2,None,89.503,116.64,250.52,49.01,119.51,451.31,2024-02-01 14:15:00
WF_003011,BATCH_013,MACH_004,Post-Etch,93.66,3,None,89.508,121.68,248.13,47.28,120.17,450.31,2024-02-01 14:30:00
WF_003012,BATCH_028,MACH_005,Post-Etch,94.22,2,None,90.302,120.79,252.26,49.89,119.89,450.67,2024-02-01 14:45:00
WF_003013,BATCH_030,MACH_005,Post-Etch,91.85,4,Pattern Distortion,89.663,118.99,251.05,49.92,118.51,450.14,2024-02-01 15:00:00
WF_003014,BATCH_003,MACH_001,Post-Etch,97.38,1,None,90.53,115.48,254.96,50.52,120.27,455.3,2024-02-01 15:15:00
WF_003015,BATCH_011,MACH_004,Post-Etch,99.0,0,None,90.613,123.04,248.0,52.05,120.22,463.35,2024-02-01 15:30:00
WF_003016,BATCH_014,MACH_001,Post-Etch,94.84,2,None,91.277,115.28,246.11,54.51,121.08,447.19,2024-02-01 15:45:00
WF_003017,BATCH_022,MACH_001,Post-Etch,95.19,2,None,90.507,122.58,251.16,51.38,119.79,439.45,2024-02-01 16:00:00
WF_003018,BATCH_038,MACH_004,Post-Etch,93.58,3,None,90.841,116.91,245.32,51.92,120.01,448.73,2024-02-01 16:15:00
WF_003019,BATCH_048,MACH_005,Post-Etch,97.74,1,None,89.97,119.4,243.77,49.7,121.48,449.7,2024-02-01 16:30:00
WF_003020,BATCH_045,MACH_004,Post-Etch,93.84,3,None,88.922,121.58,240.55,49.03,121.28,444.83,2024-02-01 16:45:00
WF_003021,BATCH_012,MACH_001,Post-Etch,95.44,2,None,89.353,120.84,250.8,48.76,119.09,455.22,2024-02-01 17:00:00
WF_003022,BATCH_030,MACH_001,Post-Etch,96.46,1,None,90.196,122.65,240.4,50.76,119.7,442.23,2024-02-01 17:15:00
WF_003023,BATCH_011,MACH_005,Post-Etch,94.26,3,None,90.017,117.14,245.76,50.77,120.9,466.62,2024-02-01 17:30:00
WF_003024,BATCH_006,MACH_004,Post-Etch,91.06,5,Contamination,90.853,123.35,249.33,52.01,119.28,471.89,2024-02-01 17:45:00
WF_003025,BATCH_031,MACH_002,Post-Etch,93.07,3,None,90.58,115.08,247.04,53.5,118.95,456.17,2024-02-01 18:00:00
WF_003026,BATCH_006,MACH_001,Post-Etch,93.19,3,None,90.693,115.15,252.99,50.1,119.8,435.85,2024-02-01 18:15:00
WF_003027,BATCH_031,MACH_001,Post-Etch,92.05,4,Pattern Distortion,88.966,120.08,246.07,48.33,120.78,447.12,2024-02-01 18:30:00
WF_003028,BATCH_005,MACH_001,Post-Etch,99.0,0,None,90.393,116.24,243.42,50.48,121.24,439.85,2024-02-01 18:45:00
WF_003029,BATCH_027,MACH_002,Post-Etch,94.48,2,None,91.577,118.06,250.55,53.61,119.25,447.38,2024-02-01 19:00:00
WF_003030,BATCH_033,MACH_005,Post-Etch,91.46,4,Etch Pit,90.544,116.93,251.81,51.55,120.09,449.64,2024-02-01 19:15:00
WF_003031,BATCH_007,MACH_001,Post-Etch,91.12,4,Etch Pit,89.151,117.35,249.02,48.35,121.2,443.99,2024-02-01 19:30:00
WF_003032,BATCH_010,MACH_004,Post-Etch,93.85,3,None,89.837,123.21,249.74,51.55,118.86,453.68,2024-02-01 19:45:00
WF_003033,BATCH_033,MACH_002,Post-Etch,95.65,2,None,90.8,122.86,248.72,52.13,119.4,459.35,2024-02-01 20:00:00
WF_003034,BATCH_049,MACH_002,Post-Etch,86.61,7,Etch Pit,92.716,118.62,251.37,56.22,120.19,445.78,2024-02-01 20:15:00
WF_003035,BATCH_019,MACH_004,Post-Etch,93.79,3,None,88.038,123.25,250.32,44.76,119.92,451.23,2024-02-01 20:30:00
WF_003036,BATCH_016,MACH_003,Post-Etch,92.67,3,None,89.542,124.57,256.83,47.05,118.76,443.03,2024-02-01 20:45:00
WF_003037,BATCH_049,MACH_001,Post-Etch,96.77,1,None,89.513,122.44,255.88,49.14,118.87,457.0,2024-02-01 21:00:00
WF_003038,BATCH_009,MACH_003,Post-Etch,95.2,2,None,90.896,121.79,253.63,51.81,120.38,451.55,2024-02-01 21:15:00
WF_003039,BATCH_003,MACH_004,Post-Etch,93.81,3,None,89.073,120.0,254.01,48.36,119.43,459.83,2024-02-01 21:30:00
WF_003040,BATCH_012,MACH_004,Post-Etch,93.26,3,None,89.193,123.49,247.59,47.15,119.98,431.31,2024-02-01 21:45:00
WF_003041,BATCH_031,MACH_001,Post-Etch,96.24,1,None,91.075,122.15,254.36,51.25,122.87,455.65,2024-02-01 22:00:00
WF_003042,BATCH_003,MACH_003,Post-Etch,93.36,3,None,89.735,120.9,243.34,50.31,120.35,458.45,2024-02-01 22:15:00
WF_003043,BATCH_005,MACH_004,Post-Etch,96.11,2,None,89.84,116.25,251.37,48.8,119.27,449.43,2024-02-01 22:30:00
WF_003044,BATCH_025,MACH_005,Post-Etch,97.71,1,None,89.865,116.16,241.29,50.7,118.37,433.94,2024-02-01 22:45:00
WF_003045,BATCH_002,MACH_004,Post-Etch,95.07,2,None,88.649,123.81,248.62,48.13,120.45,450.83,2024-02-01 23:00:00
WF_003046,BATCH_006,MACH_003,Post-Etch,92.23,4,Pattern Distortion,91.035,119.7,250.05,52.72,120.72,448.25,2024-02-01 23:15:00
WF_003047,BATCH_032,MACH_002,Post-Etch,93.45,3,None,92.504,118.37,244.85,57.66,118.84,451.9,2024-02-01 23:30:00
WF_003048,BATCH_018,MACH_005,Post-Etch,96.25,2,None,89.599,120.05,253.45,47.76,121.16,446.47,2024-02-01 23:45:00
WF_003049,BATCH_032,MACH_001,Post-Etch,85.81,7,Micro-crack,91.716,119.37,244.6,54.65,119.26,456.53,2024-02-02 00:00:00
WF_003050,BATCH_014,MACH_005,Post-Etch,94.91,2,None,89.684,124.21,252.48,48.86,118.82,450.3,2024-02-02 00:15:00
WF_003051,BATCH_050,MACH_002,Post-Etch,91.73,4,Pattern Distortion,89.615,122.25,241.57,49.98,120.28,451.93,2024-02-02 00:30:00
WF_003052,BATCH_038,MACH_002,Post-Etch,95.54,2,None,89.826,123.3,243.48,50.26,120.68,454.67,2024-02-02 00:45:00
WF_003053,BATCH_026,MACH_005,Post-Etch,88.01,6,Micro-crack,89.302,121.36,236.83,49.46,121.28,445.32,2024-02-02 01:00:00
WF_003054,BATCH_007,MACH_004,Post-Etch,88.22,6,Etch Pit,86.702,125.0,250.17,41.07,119.26,453.35,2024-02-02 01:15:00
WF_003055,BATCH_002,MACH_005,Post-Etch,93.16,3,None,90.717,118.22,245.76,50.61,119.03,451.0,2024-02-02 01:30:00
WF_003056,BATCH_021,MACH_005,Post-Etch,95.09,2,None,90.606,122.81,253.39,50.62,120.66,455.03,2024-02-02 01:45:00
WF_003057,BATCH_020,MACH_004,Post-Etch,97.57,1,None,89.468,115.49,249.57,48.41,120.95,445.3,2024-02-02 02:00:00
WF_003058,BATCH_048,MACH_001,Post-Etch,99.0,0,None,89.95,122.58,240.03,51.38,120.34,475.22,2024-02-02 02:15:00
WF_003059,BATCH_024,MACH_003,Post-Etch,92.8,3,None,90.148,119.28,251.86,50.08,119.38,460.67,2024-02-02 02:30:00
WF_003060,BATCH_018,MACH_004,Post-Etch,93.68,3,None,88.975,118.67,248.58,47.88,121.05,460.97,2024-02-02 02:45:00
WF_003061,BATCH_026,MACH_004,Post-Etch,95.4,2,None,89.699,123.62,248.83,48.58,120.37,453.59,2024-02-02 03:00:00
WF_003062,BATCH_021,MACH_005,Post-Etch,93.33,3,None,90.006,123.94,242.12,51.34,120.36,442.24,2024-02-02 03:15:00
WF_003063,BATCH_049,MACH_004,Post-Etch,95.15,2,None,88.712,123.04,246.91,47.38,119.89,441.4,2024-02-02 03:30:00
WF_003064,BATCH_044,MACH_002,Post-Etch,86.63,7,Pattern Distortion,92.269,117.63,252.68,53.85,120.23,476.59,2024-02-02 03:45:00
WF_003065,BATCH_044,MACH_005,Post-Etch,90.08,5,Micro-crack,90.782,123.5,253.49,51.84,119.22,447.49,2024-02-02 04:00:00
WF_003066,BATCH_026,MACH_003,Post-Etch,94.89,2,None,91.709,120.65,252.39,53.27,119.19,450.37,2024-02-02 04:15:00
WF_003067,BATCH_050,MACH_004,Post-Etch,92.07,4,Pattern Distortion,91.639,117.33,247.99,53.56,120.43,449.12,2024-02-02 04:30:00
WF_003068,BATCH_045,MACH_001,Post-Etch,89.25,5,Photoresist Residue,90.053,120.12,242.62,51.19,118.64,447.45,2024-02-02 04:45:00
WF_003069,BATCH_001,MACH_002,Post-Etch,94.08,3,None,91.578,115.62,253.37,52.77,121.06,446.87,2024-02-02 05:00:00
WF_003070,BATCH_041,MACH_005,Post-Etch,95.8,2,None,90.216,123.84,257.01,50.19,118.1,449.87,2024-02-02 05:15:00
WF_003071,BATCH_025,MACH_001,Post-Etch,91.61,4,Micro-crack,90.269,121.61,248.48,51.57,121.24,436.33,2024-02-02 05:30:00
WF_003072,BATCH_045,MACH_004,Post-Etch,92.6,3,None,90.865,115.87,251.45,51.26,120.53,446.77,2024-02-02 05:45:00
WF_003073,BATCH_013,MACH_004,Post-Etch,95.8,2,None,90.062,118.64,245.08,49.5,120.38,452.19,2024-02-02 06:00:00
WF_003074,BATCH_015,MACH_001,Post-Etch,91.43,4,Pattern Distortion,88.613,122.77,249.35,47.17,121.23,448.71,2024-02-02 06:15:00
WF_003075,BATCH_050,MACH_002,Post-Etch,94.67,2,None,90.815,121.53,248.96,52.61,121.23,456.57,2024-02-02 06:30:00
WF_003076,BATCH_014,MACH_005,Post-Etch,91.13,4,Photoresist Residue,91.305,124.46,251.53,52.94,119.63,460.11,2024-02-02 06:45:00
WF_003077,BATCH_028,MACH_005,Post-Etch,91.69,4,Contamination,90.541,118.42,246.44,52.67,121.03,445.01,2024-02-02 07:00:00
WF_003078,BATCH_015,MACH_004,Post-Etch,93.36,3,None,90.446,121.62,251.93,51.06,119.35,455.64,2024-02-02 07:15:00
WF_003079,BATCH_033,MACH_003,Post-Etch,91.12,4,Contamination,90.88,118.7,248.07,52.61,118.72,452.0,2024-02-02 07:30:00
WF_003080,BATCH_039,MACH_005,Post-Etch,94.38,3,None,89.042,115.1,253.45,46.83,120.06,448.51,2024-02-02 07:45:00
WF_003081,BATCH_009,MACH_004,Post-Etch,97.4,1,None,89.906,116.8,253.04,49.95,120.44,459.89,2024-02-02 08:00:00
WF_003082,BATCH_026,MACH_005,Post-Etch,98.66,0,None,89.956,120.59,252.25,49.86,119.72,427.8,2024-02-02 08:15:00
WF_003083,BATCH_037,MACH_002,Post-Etch,90.79,4,Photoresist Residue,91.465,124.21,250.69,51.24,119.35,444.45,2024-02-02 08:30:00
WF_003084,BATCH_008,MACH_003,Post-Etch,97.48,1,None,89.544,123.78,253.52,48.31,119.64,448.9,2024-02-02 08:45:00
WF_003085,BATCH_045,MACH_004,Post-Etch,98.75,0,None,89.404,118.8,251.13,49.83,119.76,450.06,2024-02-02 09:00:00
WF_003086,BATCH_010,MACH_005,Post-Etch,94.0,2,None,90.758,117.04,254.98,50.75,119.57,447.84,2024-02-02 09:15:00
WF_003087,BATCH_044,MACH_004,Post-Etch,95.57,2,None,90.516,121.18,253.43,50.52,118.99,440.75,2024-02-02 09:30:00
WF_003088,BATCH_028,MACH_005,Post-Etch,95.9,2,None,89.84,115.05,248.13,49.35,120.08,457.24,2024-02-02 09:45:00
WF_003089,BATCH_005,MACH_003,Post-Etch,96.95,1,None,90.313,121.9,250.17,50.75,120.19,458.91,2024-02-02 10:00:00
WF_003090,BATCH_004,MACH_001,Post-Etch,92.17,4,Etch Pit,90.889,121.48,249.47,52.54,118.43,450.21,2024-02-02 10:15:00
WF_003091,BATCH_016,MACH_005,Post-Etch,91.91,4,Etch Pit,90.515,119.52,249.86,51.17,120.67,438.65,2024-02-02 10:30:00
WF_003092,BATCH_009,MACH_005,Post-Etch,91.79,4,Pattern Distortion,89.871,123.54,250.98,50.56,120.77,462.64,2024-02-02 10:45:00
WF_003093,BATCH_041,MACH_004,Post-Etch,97.84,1,None,90.394,122.61,253.11,51.11,118.98,434.56,2024-02-02 11:00:00
WF_003094,BATCH_010,MACH_003,Post-Etch,98.26,0,None,90.071,123.02,255.49,49.54,119.42,450.81,2024-02-02 11:15:00
WF_003095,BATCH_042,MACH_004,Post-Etch,92.02,4,Contamination,89.04,120.72,236.9,49.84,120.52,461.78,2024-02-02 11:30:00
WF_003096,BATCH_037,MACH_005,Post-Etch,94.05,3,None,89.436,119.14,255.13,48.32,119.27,451.68,2024-02-02 11:45:00
WF_003097,BATCH_028,MACH_005,Post-Etch,93.31,3,None,89.557,115.08,236.29,50.33,120.47,447.7,2024-02-02 12:00:00
WF_003098,BATCH_014,MACH_001,Post-Etch,96.89,1,None,90.618,115.26,252.49,50.66,120.91,451.75,2024-02-02 12:15:00
WF_003099,BATCH_022,MACH_001,Post-Etch,95.85,2,None,91.104,122.71,249.12,52.6,121.5,448.22,2024-02-02 12:30:00
WF_003100,BATCH_024,MACH_003,Post-Etch,85.89,7,Pattern Distortion,87.759,120.49,252.6,43.95,119.04,432.39,2024-02-02 12:45:00
WF_003101,BATCH_032,MACH_001,Post-Etch,96.18,2,None,89.791,122.67,245.07,49.79,119.42,458.75,2024-02-02 13:00:00
WF_003102,BATCH_035,MACH_004,Post-Etch,95.7,2,None,89.349,119.05,252.57,48.46,118.82,432.16,2024-02-02 13:15:00
WF_003103,BATCH_045,MACH_002,Post-Etch,87.81,6,Pattern Distortion,92.317,121.58,246.5,56.51,121.53,459.27,2024-02-02 13:30:00
WF_003104,BATCH_041,MACH_003,Post-Etch,93.04,3,None,89.982,116.03,245.65,50.28,120.5,451.4,2024-02-02 13:45:00
WF_003105,BATCH_047,MACH_002,Post-Etch,89.58,5,Photoresist Residue,91.727,115.51,248.04,54.47,120.32,461.9,2024-02-02 14:00:00
WF_003106,BATCH_043,MACH_003,Post-Etch,89.99,5,Pattern Distortion,89.351,116.36,250.81,47.67,120.3,456.41,2024-02-02 14:15:00
WF_003107,BATCH_022,MACH_003,Post-Etch,95.73,2,None,90.827,115.3,241.74,51.85,120.67,476.87,2024-02-02 14:30:00
WF_003108,BATCH_006,MACH_001,Post-Etch,94.47,2,None,90.866,120.28,255.55,49.81,119.12,436.05,2024-02-02 14:45:00
WF_003109,BATCH_043,MACH_002,Post-Etch,88.58,6,Pattern Distortion,93.076,119.0,249.23,58.08,120.31,452.82,2024-02-02 15:00:00
WF_003110,BATCH_030,MACH_005,Post-Etch,95.72,2,None,90.251,124.52,252.32,50.14,120.26,444.81,2024-02-02 15:15:00
WF_003111,BATCH_010,MACH_004,Post-Etch,95.21,2,None,90.148,124.75,253.03,48.24,119.97,450.22,2024-02-02 15:30:00
WF_003112,BATCH_020,MACH_004,Post-Etch,90.34,5,Photoresist Residue,89.945,121.41,246.25,48.82,118.68,460.06,2024-02-02 15:45:00
WF_003113,BATCH_027,MACH_005,Post-Etch,94.99,2,None,89.703,119.39,248.75,48.58,120.06,458.56,2024-02-02 16:00:00
WF_003114,BATCH_033,MACH_005,Post-Etch,98.38,0,None,90.306,119.53,256.89,50.47,120.66,461.36,2024-02-02 16:15:00
WF_003115,BATCH_045,MACH_001,Post-Etch,94.9,2,None,90.229,121.87,253.65,49.73,118.46,432.38,2024-02-02 16:30:00
WF_003116,BATCH_031,MACH_002,Post-Etch,90.8,5,Contamination,92.48,122.76,252.04,56.54,118.15,467.14,2024-02-02 16:45:00
WF_003117,BATCH_042,MACH_004,Post-Etch,95.55,2,None,90.561,115.5,261.73,49.78,120.55,438.85,2024-02-02 17:00:00
WF_003118,BATCH_039,MACH_001,Post-Etch,97.2,1,None,89.639,117.86,253.51,48.54,118.87,450.74,2024-02-02 17:15:00
WF_003119,BATCH_006,MACH_002,Post-Etch,90.28,5,Etch Pit,91.199,121.76,247.15,52.69,121.55,448.51,2024-02-02 17:30:00
WF_003120,BATCH_028,MACH_001,Post-Etch,92.68,4,Pattern Distortion,89.294,118.07,257.16,47.99,117.94,454.1,2024-02-02 17:45:00
WF_003121,BATCH_003,MACH_004,Post-Etch,96.52,2,None,91.018,124.13,246.0,51.23,120.63,442.56,2024-02-02 18:00:00
WF_003122,BATCH_038,MACH_001,Post-Etch,93.63,3,None,91.281,119.21,251.61,52.52,120.6,452.06,2024-02-02 18:15:00
WF_003123,BATCH_022,MACH_001,Post-Etch,92.06,4,Micro-crack,91.099,118.74,261.25,51.96,117.85,444.13,2024-02-02 18:30:00
WF_003124,BATCH_024,MACH_003,Post-Etch,89.47,5,Etch Pit,89.123,116.09,250.39,47.48,119.73,449.95,2024-02-02 18:45:00
WF_003125,BATCH_040,MACH_004,Post-Etch,94.04,3,None,91.581,116.43,247.94,54.2,118.71,429.91,2024-02-02 19:00:00
WF_003126,BATCH_028,MACH_002,Post-Etch,93.53,3,None,90.573,116.35,252.83,50.39,120.84,435.99,2024-02-02 19:15:00
WF_003127,BATCH_044,MACH_003,Post-Etch,97.0,1,None,89.607,119.56,246.98,50.52,120.95,449.71,2024-02-02 19:30:00
WF_003128,BATCH_024,MACH_005,Post-Etch,92.08,4,Etch Pit,90.419,115.56,246.79,52.0,117.23,454.62,2024-02-02 19:45:00
WF_003129,BATCH_035,MACH_001,Post-Etch,95.04,2,None,88.415,123.83,244.17,46.38,119.2,454.27,2024-02-02 20:00:00
WF_003130,BATCH_031,MACH_002,Post-Etch,91.58,4,Micro-crack,90.872,115.9,245.0,52.63,118.47,455.67,2024-02-02 20:15:00
WF_003131,BATCH_039,MACH_004,Post-Etch,93.78,3,None,89.752,117.82,250.16,49.36,121.4,451.35,2024-02-02 20:30:00
WF_003132,BATCH_045,MACH_005,Post-Etch,97.75,1,None,90.418,123.97,250.99,51.96,118.82,443.67,2024-02-02 20:45:00
WF_003133,BATCH_032,MACH_002,Post-Etch,91.75,4,Pattern Distortion,92.159,124.15,242.59,56.36,120.73,453.2,2024-02-02 21:00:00
WF_003134,BATCH_013,MACH_004,Post-Etch,91.34,4,Contamination,89.219,118.4,247.5,48.48,118.67,448.65,2024-02-02 21:15:00
WF_003135,BATCH_033,MACH_003,Post-Etch,98.63,0,None,89.413,115.62,256.8,46.91,119.33,451.06,2024-02-02 21:30:00
WF_003136,BATCH_011,MACH_003,Post-Etch,94.12,3,None,90.178,123.81,247.05,49.82,119.87,468.37,2024-02-02 21:45:00
WF_003137,BATCH_021,MACH_003,Post-Etch,95.32,2,None,91.36,121.47,254.8,53.92,119.28,446.6,2024-02-02 22:00:00
WF_003138,BATCH_021,MACH_002,Post-Etch,88.05,6,Contamination,93.382,118.97,247.96,59.58,119.7,454.12,2024-02-02 22:15:00
WF_003139,BATCH_002,MACH_005,Post-Etch,96.82,1,None,90.117,120.44,257.24,48.46,120.03,431.47,2024-02-02 22:30:00
WF_003140,BATCH_013,MACH_004,Post-Etch,95.35,2,None,89.249,119.24,248.12,48.14,120.94,452.51,2024-02-02 22:45:00
WF_003141,BATCH_022,MACH_002,Post-Etch,88.23,6,Micro-crack,93.236,124.35,250.69,58.68,120.5,442.21,2024-02-02 23:00:00
WF_003142,BATCH_025,MACH_002,Post-Etch,93.68,3,None,92.17,124.21,244.37,54.92,120.42,429.37,2024-02-02 23:15:00
WF_003143,BATCH_014,MACH_004,Post-Etch,91.04,5,Etch Pit,89.693,117.59,245.67,50.29,121.79,446.29,2024-02-02 23:30:00
WF_003144,BATCH_026,MACH_003,Post-Etch,91.54,4,Micro-crack,90.952,124.46,249.71,51.67,120.93,461.44,2024-02-02 23:45:00
WF_003145,BATCH_020,MACH_001,Post-Etch,89.91,5,Micro-crack,89.289,120.23,253.52,47.38,118.93,454.09,2024-02-03 00:00:00
WF_003146,BATCH_046,MACH_001,Post-Etch,88.22,6,Contamination,91.004,118.41,252.71,52.3,119.74,439.38,2024-02-03 00:15:00
WF_003147,BATCH_048,MACH_005,Post-Etch,96.69,2,None,90.867,117.62,245.23,51.48,121.83,433.83,2024-02-03 00:30:00
WF_003148,BATCH_049,MACH_001,Post-Etch,94.72,2,None,89.756,117.09,256.16,48.59,121.0,448.64,2024-02-03 00:45:00
WF_003149,BATCH_005,MACH_005,Post-Etch,94.89,2,None,89.408,116.29,247.85,49.49,120.88,446.37,2024-02-03 01:00:00
WF_003150,BATCH_034,MACH_001,Post-Etch,95.71,2,None,90.849,123.82,250.59,52.55,121.55,445.76,2024-02-03 01:15:00
WF_003151,BATCH_002,MACH_001,Post-Etch,93.95,3,None,89.304,121.75,248.34,48.92,121.56,445.95,2024-02-03 01:30:00
WF_003152,BATCH_003,MACH_004,Post-Etch,86.93,6,Micro-crack,87.231,124.5,235.42,44.53,119.93,441.68,2024-02-03 01:45:00
WF_003153,BATCH_018,MACH_001,Post-Etch,98.24,1,None,89.137,123.42,247.67,48.71,119.48,450.0,2024-02-03 02:00:00
WF_003154,BATCH_016,MACH_002,Post-Etch,89.23,5,Pattern Distortion,93.142,122.64,252.92,55.58,118.86,444.43,2024-02-03 02:15:00
WF_003155,BATCH_011,MACH_002,Post-Etch,95.39,2,None,91.243,116.13,261.23,51.89,118.93,455.49,2024-02-03 02:30:00
WF_003156,BATCH_002,MACH_003,Post-Etch,91.87,4,Photoresist Residue,89.95,115.1,245.68,51.08,120.85,453.15,2024-02-03 02:45:00
WF_003157,BATCH_041,MACH_001,Post-Etch,93.92,3,None,90.352,116.9,250.52,50.1,120.41,451.72,2024-02-03 03:00:00
WF_003158,BATCH_005,MACH_005,Post-Etch,87.88,6,Micro-crack,90.17,119.53,247.06,49.94,120.02,450.97,2024-02-03 03:15:00
WF_003159,BATCH_010,MACH_005,Post-Etch,97.55,1,None,89.598,120.64,251.52,48.98,119.58,448.3,2024-02-03 03:30:00
WF_003160,BATCH_004,MACH_003,Post-Etch,98.4,0,None,90.501,119.31,248.53,52.63,116.56,445.58,2024-02-03 03:45:00
WF_003161,BATCH_001,MACH_001,Post-Etch,98.53,0,None,89.52,115.19,236.13,48.47,121.96,449.21,2024-02-03 04:00:00
WF_003162,BATCH_007,MACH_004,Post-Etch,96.81,1,None,89.393,120.73,248.12,47.95,121.73,426.63,2024-02-03 04:15:00
WF_003163,BATCH_009,MACH_003,Post-Etch,95.63,2,None,89.581,120.14,250.26,48.11,120.39,459.53,2024-02-03 04:30:00
WF_003164,BATCH_042,MACH_001,Post-Etch,91.86,4,Photoresist Residue,91.852,117.73,257.24,54.2,120.48,441.3,2024-02-03 04:45:00
WF_003165,BATCH_047,MACH_001,Post-Etch,90.0,5,Photoresist Residue,88.639,121.26,257.62,46.0,120.14,466.01,2024-02-03 05:00:00
WF_003166,BATCH_046,MACH_004,Post-Etch,91.32,4,Contamination,88.97,115.05,250.93,47.95,119.78,455.75,2024-02-03 05:15:00
WF_003167,BATCH_010,MACH_005,Post-Etch,95.22,2,None,91.288,123.86,256.25,51.08,119.41,449.85,2024-02-03 05:30:00
WF_003168,BATCH_010,MACH_003,Post-Etch,95.44,2,None,88.37,118.68,250.87,46.15,121.04,474.21,2024-02-03 05:45:00
WF_003169,BATCH_013,MACH_001,Post-Etch,96.64,1,None,90.573,121.14,244.32,52.05,119.53,437.76,2024-02-03 06:00:00
WF_003170,BATCH_017,MACH_003,Post-Etch,94.14,3,None,90.362,123.55,243.74,50.96,120.34,464.38,2024-02-03 06:15:00
WF_003171,BATCH_038,MACH_005,Post-Etch,92.38,4,Photoresist Residue,89.392,124.79,254.58,46.75,121.2,441.93,2024-02-03 06:30:00
WF_003172,BATCH_042,MACH_002,Post-Etch,97.43,1,None,91.072,116.43,245.38,52.74,121.14,446.04,2024-02-03 06:45:00
WF_003173,BATCH_010,MACH_004,Post-Etch,93.25,3,None,88.337,121.54,253.61,46.24,120.26,437.03,2024-02-03 07:00:00
WF_003174,BATCH_047,MACH_002,Post-Etch,88.48,6,Etch Pit,92.775,116.81,252.36,56.6,118.8,451.88,2024-02-03 07:15:00
WF_003175,BATCH_018,MACH_005,Post-Etch,93.83,3,None,88.312,119.11,248.2,46.4,121.29,428.46,2024-02-03 07:30:00
WF_003176,BATCH_022,MACH_003,Post-Etch,87.94,6,Photoresist Residue,89.593,120.28,248.51,47.93,118.31,455.84,2024-02-03 07:45:00
WF_003177,BATCH_026,MACH_003,Post-Etch,93.3,3,None,89.372,118.86,249.26,48.08,120.03,455.0,2024-02-03 08:00:00
WF_003178,BATCH_023,MACH_005,Post-Etch,99.0,0,None,89.802,121.62,248.76,49.31,119.65,461.18,2024-02-03 08:15:00
WF_003179,BATCH_007,MACH_004,Post-Etch,93.13,3,None,91.362,123.7,241.32,53.53,121.97,455.15,2024-02-03 08:30:00
WF_003180,BATCH_011,MACH_005,Post-Etch,94.36,3,None,89.014,115.09,252.95,47.49,119.09,465.72,2024-02-03 08:45:00
WF_003181,BATCH_017,MACH_003,Post-Etch,89.27,5,Micro-crack,90.629,117.16,245.21,51.73,118.59,438.55,2024-02-03 09:00:00
WF_003182,BATCH_021,MACH_001,Post-Etch,91.83,4,Contamination,90.685,118.63,256.36,50.87,118.76,444.99,2024-02-03 09:15:00
WF_003183,BATCH_017,MACH_005,Post-Etch,91.58,4,Photoresist Residue,90.168,115.2,248.08,50.37,121.18,461.69,2024-02-03 09:30:00
WF_003184,BATCH_044,MACH_004,Post-Etch,93.59,3,None,91.429,124.75,244.87,53.6,117.02,460.77,2024-02-03 09:45:00
WF_003185,BATCH_043,MACH_003,Post-Etch,94.38,2,None,88.82,123.51,259.89,45.33,118.82,468.29,2024-02-03 10:00:00
WF_003186,BATCH_038,MACH_001,Post-Etch,95.67,2,None,90.605,118.23,253.21,50.39,120.45,455.03,2024-02-03 10:15:00
WF_003187,BATCH_033,MACH_002,Post-Etch,94.06,3,None,90.876,123.71,245.82,52.4,123.34,447.19,2024-02-03 10:30:00
WF_003188,BATCH_044,MACH_005,Post-Etch,99.0,0,None,89.569,123.8,249.5,47.81,119.45,454.42,2024-02-03 10:45:00
WF_003189,BATCH_026,MACH_002,Post-Etch,93.77,3,None,92.267,117.01,255.42,55.13,120.38,457.53,2024-02-03 11:00:00
WF_003190,BATCH_033,MACH_005,Post-Etch,93.25,3,None,89.923,117.65,259.71,49.47,121.03,450.51,2024-02-03 11:15:00
WF_003191,BATCH_025,MACH_004,Post-Etch,96.15,2,None,90.721,118.1,249.26,52.07,120.8,432.26,2024-02-03 11:30:00
WF_003192,BATCH_015,MACH_002,Post-Etch,94.08,3,None,91.579,123.82,247.2,54.47,120.68,471.7,2024-02-03 11:45:00
WF_003193,BATCH_033,MACH_005,Post-Etch,95.51,2,None,90.359,115.48,254.99,49.39,119.28,457.73,2024-02-03 12:00:00
WF_003194,BATCH_018,MACH_001,Post-Etch,94.32,2,None,88.95,116.63,246.29,48.16,118.78,440.42,2024-02-03 12:15:00
WF_003195,BATCH_034,MACH_005,Post-Etch,90.05,5,Contamination,89.24,118.53,252.68,49.52,120.85,446.0,2024-02-03 12:30:00
WF_003196,BATCH_006,MACH_001,Post-Etch,90.92,5,Pattern Distortion,88.218,121.28,246.42,47.21,120.12,451.16,2024-02-03 12:45:00
WF_003197,BATCH_028,MACH_005,Post-Etch,91.26,4,Contamination,90.063,115.48,249.14,50.55,119.59,439.03,2024-02-03 13:00:00
WF_003198,BATCH_048,MACH_004,Post-Etch,99.0,0,None,90.223,118.76,246.03,50.79,119.91,440.54,2024-02-03 13:15:00
WF_003199,BATCH_043,MACH_002,Post-Etch,78.25,11,Pattern Distortion,93.549,115.6,250.79,58.98,120.25,445.78,2024-02-03 13:30:00
WF_003200,BATCH_003,MACH_005,Post-Etch,96.87,2,None,90.27,115.26,260.76,49.01,120.24,443.78,2024-02-03 13:45:00
WF_003201,BATCH_021,MACH_002,Post-Etch,93.07,3,None,91.94,119.01,256.53,54.04,120.22,456.31,2024-02-03 14:00:00
WF_003202,BATCH_018,MACH_004,Post-Etch,89.92,5,Contamination,91.881,122.88,255.15,54.12,119.93,458.31,2024-02-03 14:15:00
WF_003203,BATCH_037,MACH_001,Post-Etch,97.64,1,None,89.79,115.07,247.03,50.78,119.72,447.7,2024-02-03 14:30:00
WF_003204,BATCH_002,MACH_004,Post-Etch,98.98,0,None,90.529,118.3,250.39,51.48,119.11,430.56,2024-02-03 14:45:00
WF_003205,BATCH_023,MACH_005,Post-Etch,94.7,2,None,89.71,121.64,255.47,48.77,121.4,449.08,2024-02-03 15:00:00
WF_003206,BATCH_016,MACH_002,Post-Etch,96.87,1,None,90.504,118.44,253.25,50.49,120.46,447.41,2024-02-03 15:15:00
WF_003207,BATCH_035,MACH_002,Post-Etch,90.66,5,Pattern Distortion,90.446,121.99,253.05,51.62,120.75,437.46,2024-02-03 15:30:00
WF_003208,BATCH_021,MACH_005,Post-Etch,94.83,2,None,89.667,122.73,247.11,49.97,119.3,454.68,2024-02-03 15:45:00
WF_003209,BATCH_044,MACH_001,Post-Etch,94.15,3,None,89.773,120.34,247.24,49.61,120.62,465.2,2024-02-03 16:00:00
WF_003210,BATCH_035,MACH_003,Post-Etch,91.22,5,Pattern Distortion,89.278,116.24,256.58,46.65,119.62,465.35,2024-02-03 16:15:00
WF_003211,BATCH_035,MACH_002,Post-Etch,87.27,7,Photoresist Residue,93.581,119.22,256.01,59.06,119.93,453.58,2024-02-03 16:30:00
WF_003212,BATCH_005,MACH_003,Post-Etch,97.24,1,None,89.354,122.52,243.02,49.0,120.35,430.87,2024-02-03 16:45:00
WF_003213,BATCH_019,MACH_003,Post-Etch,92.91,4,Etch Pit,89.025,122.39,249.68,47.93,120.96,454.51,2024-02-03 17:00:00
WF_003214,BATCH_045,MACH_003,Post-Etch,95.2,2,None,90.548,116.16,249.93,51.29,120.62,458.94,2024-02-03 17:15:00
WF_003215,BATCH_023,MACH_004,Post-Etch,95.36,2,None,90.827,121.61,246.28,53.13,119.72,452.08,2024-02-03 17:30:00
WF_003216,BATCH_038,MACH_005,Post-Etch,93.46,3,None,91.153,121.2,250.8,52.17,121.91,458.1,2024-02-03 17:45:00
WF_003217,BATCH_007,MACH_005,Post-Etch,95.4,2,None,89.088,124.87,247.14,48.82,119.21,446.78,2024-02-03 18:00:00
WF_003218,BATCH_028,MACH_003,Post-Etch,95.26,2,None,91.189,122.96,254.03,53.11,118.52,464.77,2024-02-03 18:15:00
WF_003219,BATCH_002,MACH_002,Post-Etch,92.09,4,Micro-crack,91.465,116.71,249.53,54.02,119.74,452.51,2024-02-03 18:30:00
WF_003220,BATCH_016,MACH_003,Post-Etch,95.03,2,None,89.209,117.52,252.12,48.58,119.77,443.44,2024-02-03 18:45:00
WF_003221,BATCH_024,MACH_001,Post-Etch,94.8,2,None,90.186,124.72,252.86,50.21,121.41,455.89,2024-02-03 19:00:00
WF_003222,BATCH_001,MACH_005,Post-Etch,91.38,4,Micro-crack,89.882,124.72,243.34,50.4,120.52,455.88,2024-02-03 19:15:00
WF_003223,BATCH_039,MACH_001,Post-Etch,93.37,3,None,90.215,115.43,242.56,51.13,119.98,466.1,2024-02-03 19:30:00
WF_003224,BATCH_013,MACH_002,Post-Etch,87.83,6,Photoresist Residue,92.327,121.12,252.64,55.31,120.22,431.01,2024-02-03 19:45:00
WF_003225,BATCH_020,MACH_004,Post-Etch,90.62,5,Photoresist Residue,89.174,119.8,251.85,48.1,119.94,455.68,2024-02-03 20:00:00
WF_003226,BATCH_012,MACH_002,Post-Etch,91.77,4,Contamination,90.525,120.89,245.02,52.71,118.69,444.81,2024-02-03 20:15:00
WF_003227,BATCH_048,MACH_001,Post-Etch,93.6,3,None,90.686,122.37,255.96,51.63,120.15,432.84,2024-02-03 20:30:00
WF_003228,BATCH_011,MACH_001,Post-Etch,94.24,3,None,89.299,124.65,251.0,48.69,118.68,457.59,2024-02-03 20:45:00
WF_003229,BATCH_003,MACH_003,Post-Etch,90.21,5,Contamination,90.488,116.1,247.97,51.67,118.79,439.59,2024-02-03 21:00:00
WF_003230,BATCH_017,MACH_002,Post-Etch,92.18,4,Contamination,91.709,116.18,251.94,54.88,119.54,464.17,2024-02-03 21:15:00
WF_003231,BATCH_043,MACH_001,Post-Etch,95.15,2,None,90.561,120.55,247.18,50.44,118.81,451.02,2024-02-03 21:30:00
WF_003232,BATCH_047,MACH_004,Post-Etch,97.39,1,None,90.262,118.21,250.77,49.96,120.8,455.64,2024-02-03 21:45:00
WF_003233,BATCH_042,MACH_003,Post-Etch,95.48,2,None,91.066,123.3,253.86,52.02,119.66,438.19,2024-02-03 22:00:00
WF_003234,BATCH_011,MACH_005,Post-Etch,87.16,6,Micro-crack,88.968,123.61,253.41,47.5,119.82,430.14,2024-02-03 22:15:00
WF_003235,BATCH_020,MACH_002,Post-Etch,96.45,2,None,91.636,122.01,254.81,53.31,119.97,471.37,2024-02-03 22:30:00
WF_003236,BATCH_020,MACH_005,Post-Etch,86.04,7,Pattern Distortion,91.883,123.83,248.92,55.16,119.28,446.99,2024-02-03 22:45:00
WF_003237,BATCH_006,MACH_005,Post-Etch,95.53,2,None,89.853,117.5,248.0,49.91,117.85,459.14,2024-02-03 23:00:00
WF_003238,BATCH_019,MACH_005,Post-Etch,98.01,0,None,90.109,115.38,255.74,49.78,120.43,437.64,2024-02-03 23:15:00
WF_003239,BATCH_011,MACH_001,Post-Etch,94.83,2,None,89.185,116.57,248.0,49.49,120.85,454.32,2024-02-03 23:30:00
WF_003240,BATCH_022,MACH_003,Post-Etch,92.73,3,None,89.148,123.06,255.04,47.45,120.3,459.25,2024-02-03 23:45:00
WF_003241,BATCH_046,MACH_003,Post-Etch,89.1,5,Contamination,91.116,115.3,252.1,52.05,119.68,439.21,2024-02-04 00:00:00
WF_003242,BATCH_050,MACH_003,Post-Etch,94.18,3,None,89.297,118.31,247.42,48.52,120.27,458.41,2024-02-04 00:15:00
WF_003243,BATCH_041,MACH_005,Post-Etch,94.24,3,None,88.885,122.45,247.76,48.86,117.82,459.76,2024-02-04 00:30:00
WF_003244,BATCH_002,MACH_003,Post-Etch,95.78,2,None,90.624,122.02,252.05,51.34,120.78,449.01,2024-02-04 00:45:00
WF_003245,BATCH_001,MACH_001,Post-Etch,88.18,6,Pattern Distortion,91.632,120.8,255.42,53.09,120.5,443.23,2024-02-04 01:00:00
WF_003246,BATCH_004,MACH_005,Post-Etch,97.94,1,None,88.671,122.61,250.01,47.03,122.68,456.29,2024-02-04 01:15:00
WF_003247,BATCH_004,MACH_003,Post-Etch,96.08,2,None,90.183,119.12,249.31,50.8,118.23,449.05,2024-02-04 01:30:00
WF_003248,BATCH_037,MACH_001,Post-Etch,88.46,6,Photoresist Residue,90.756,119.39,254.31,49.37,120.26,456.69,2024-02-04 01:45:00
WF_003249,BATCH_029,MACH_001,Post-Etch,97.08,1,None,90.001,115.74,249.78,48.42,121.94,462.42,2024-02-04 02:00:00
WF_003250,BATCH_037,MACH_003,Post-Etch,93.43,3,None,88.661,118.75,247.44,48.05,120.24,452.25,2024-02-04 02:15:00
WF_003251,BATCH_035,MACH_003,Post-Etch,97.85,1,None,90.215,123.38,248.05,50.56,118.88,453.9,2024-02-04 02:30:00
WF_003252,BATCH_023,MACH_001,Post-Etch,96.18,2,None,89.256,118.94,246.69,49.24,120.89,456.74,2024-02-04 02:45:00
WF_003253,BATCH_046,MACH_001,Post-Etch,93.72,3,None,89.928,120.17,253.12,50.84,120.62,454.9,2024-02-04 03:00:00
WF_003254,BATCH_029,MACH_005,Post-Etch,92.35,4,Micro-crack,88.819,117.66,240.0,46.34,121.17,463.6,2024-02-04 03:15:00
WF_003255,BATCH_005,MACH_003,Post-Etch,99.0,0,None,90.237,120.86,234.27,52.29,119.57,427.68,2024-02-04 03:30:00
WF_003256,BATCH_002,MACH_005,Post-Etch,89.17,6,Etch Pit,90.347,123.33,247.57,50.64,119.81,453.06,2024-02-04 03:45:00
WF_003257,BATCH_046,MACH_004,Post-Etch,91.35,4,Etch Pit,91.249,118.74,248.45,53.25,120.13,449.88,2024-02-04 04:00:00
WF_003258,BATCH_009,MACH_002,Post-Etch,84.62,8,Photoresist Residue,94.457,123.15,249.42,61.51,119.47,443.02,2024-02-04 04:15:00
WF_003259,BATCH_010,MACH_005,Post-Etch,94.23,2,None,89.682,123.71,250.31,50.27,120.7,453.94,2024-02-04 04:30:00
WF_003260,BATCH_030,MACH_003,Post-Etch,94.79,2,None,89.712,118.46,247.35,48.62,119.66,449.94,2024-02-04 04:45:00
WF_003261,BATCH_037,MACH_005,Post-Etch,96.97,1,None,89.382,115.46,263.79,47.8,120.17,465.52,2024-02-04 05:00:00
WF_003262,BATCH_022,MACH_005,Post-Etch,95.16,2,None,91.315,121.9,259.59,53.14,121.53,446.95,2024-02-04 05:15:00
WF_003263,BATCH_001,MACH_004,Post-Etch,95.33,2,None,89.723,118.44,247.86,50.36,119.23,434.51,2024-02-04 05:30:00
WF_003264,BATCH_003,MACH_003,Post-Etch,98.3,0,None,89.706,122.75,244.5,49.32,121.57,445.24,2024-02-04 05:45:00
WF_003265,BATCH_002,MACH_001,Post-Etch,96.04,2,None,90.53,120.8,256.77,49.57,120.5,454.74,2024-02-04 06:00:00
WF_003266,BATCH_036,MACH_002,Post-Etch,92.66,3,None,92.111,120.69,248.75,55.53,119.92,464.39,2024-02-04 06:15:00
WF_003267,BATCH_006,MACH_001,Post-Etch,96.47,2,None,89.993,119.52,247.66,49.92,121.72,451.0,2024-02-04 06:30:00
WF_003268,BATCH_049,MACH_004,Post-Etch,93.34,3,None,89.59,115.72,249.14,49.29,121.07,452.76,2024-02-04 06:45:00
WF_003269,BATCH_039,MACH_004,Post-Etch,94.39,3,None,89.871,120.62,247.51,49.98,118.26,461.38,2024-02-04 07:00:00
WF_003270,BATCH_045,MACH_005,Post-Etch,95.23,2,None,89.362,116.3,253.43,50.15,119.53,469.39,2024-02-04 07:15:00
WF_003271,BATCH_022,MACH_005,Post-Etch,93.59,3,None,89.229,115.4,240.21,48.44,121.76,454.59,2024-02-04 07:30:00
WF_003272,BATCH_001,MACH_004,Post-Etch,91.5,4,Pattern Distortion,89.112,123.26,245.23,48.84,119.71,439.92,2024-02-04 07:45:00
WF_003273,BATCH_039,MACH_003,Post-Etch,93.23,3,None,89.759,116.64,245.1,50.36,121.8,448.3,2024-02-04 08:00:00
WF_003274,BATCH_022,MACH_001,Post-Etch,97.0,1,None,90.032,115.7,245.05,50.87,121.05,451.63,2024-02-04 08:15:00
WF_003275,BATCH_041,MACH_004,Post-Etch,96.58,1,None,89.191,119.52,245.05,50.31,119.99,453.07,2024-02-04 08:30:00
WF_003276,BATCH_014,MACH_005,Post-Etch,97.53,1,None,90.142,117.28,247.62,51.72,120.81,457.79,2024-02-04 08:45:00
WF_003277,BATCH_012,MACH_003,Post-Etch,96.3,2,None,89.548,117.4,249.1,49.86,120.35,441.61,2024-02-04 09:00:00
WF_003278,BATCH_029,MACH_005,Post-Etch,91.04,4,Micro-crack,90.991,116.79,256.73,51.51,120.46,440.45,2024-02-04 09:15:00
WF_003279,BATCH_008,MACH_003,Post-Etch,96.41,2,None,89.157,121.69,247.72,47.79,120.33,441.27,2024-02-04 09:30:00
WF_003280,BATCH_018,MACH_002,Post-Etch,89.8,5,Contamination,92.358,123.08,247.98,55.63,119.63,452.48,2024-02-04 09:45:00
WF_003281,BATCH_036,MACH_001,Post-Etch,97.43,1,None,90.724,121.73,257.78,50.78,121.21,450.01,2024-02-04 10:00:00
WF_003282,BATCH_008,MACH_001,Post-Etch,94.73,2,None,90.973,123.78,255.84,51.47,120.79,435.97,2024-02-04 10:15:00
WF_003283,BATCH_028,MACH_005,Post-Etch,96.61,1,None,90.542,119.46,248.45,50.93,119.26,437.73,2024-02-04 10:30:00
WF_003284,BATCH_002,MACH_005,Post-Etch,84.41,8,Contamination,87.801,118.43,245.7,43.94,120.28,458.24,2024-02-04 10:45:00
WF_003285,BATCH_011,MACH_004,Post-Etch,95.63,2,None,88.846,122.18,259.37,46.79,119.88,441.85,2024-02-04 11:00:00
WF_003286,BATCH_042,MACH_001,Post-Etch,92.02,4,Photoresist Residue,90.745,123.99,256.82,49.76,119.42,447.82,2024-02-04 11:15:00
WF_003287,BATCH_041,MACH_001,Post-Etch,91.99,4,Micro-crack,91.279,116.21,259.13,51.42,119.73,441.76,2024-02-04 11:30:00
WF_003288,BATCH_002,MACH_004,Post-Etch,95.87,2,None,89.299,119.78,242.42,48.07,120.5,466.59,2024-02-04 11:45:00
WF_003289,BATCH_029,MACH_002,Post-Etch,88.57,6,Photoresist Residue,93.282,121.28,248.84,56.85,119.18,430.05,2024-02-04 12:00:00
WF_003290,BATCH_026,MACH_004,Post-Etch,89.8,5,Contamination,91.438,119.61,254.57,53.25,120.35,447.45,2024-02-04 12:15:00
WF_003291,BATCH_028,MACH_001,Post-Etch,91.3,4,Micro-crack,90.455,123.95,249.07,50.67,120.85,447.37,2024-02-04 12:30:00
WF_003292,BATCH_024,MACH_002,Post-Etch,86.65,7,Etch Pit,92.07,117.16,252.53,55.72,121.24,445.88,2024-02-04 12:45:00
WF_003293,BATCH_019,MACH_004,Post-Etch,92.13,4,Photoresist Residue,88.846,119.35,246.1,48.06,118.7,439.6,2024-02-04 13:00:00
WF_003294,BATCH_007,MACH_004,Post-Etch,90.33,5,Etch Pit,90.275,116.66,257.94,49.5,119.8,470.81,2024-02-04 13:15:00
WF_003295,BATCH_050,MACH_004,Post-Etch,86.79,7,Micro-crack,87.387,118.31,244.26,44.69,119.54,449.89,2024-02-04 13:30:00
WF_003296,BATCH_003,MACH_001,Post-Etch,95.12,2,None,88.405,118.47,246.24,47.11,120.08,439.56,2024-02-04 13:45:00
WF_003297,BATCH_017,MACH_003,Post-Etch,95.42,2,None,90.537,115.35,250.48,50.9,120.74,445.31,2024-02-04 14:00:00
WF_003298,BATCH_022,MACH_004,Post-Etch,94.59,2,None,91.126,116.56,245.51,53.32,120.49,459.13,2024-02-04 14:15:00
WF_003299,BATCH_014,MACH_001,Post-Etch,97.08,1,None,89.46,124.44,245.84,48.48,120.21,457.19,2024-02-04 14:30:00
WF_003300,BATCH_009,MACH_001,Post-Etch,97.29,1,None,89.982,115.25,249.95,50.17,119.58,442.33,2024-02-04 14:45:00
WF_003301,BATCH_001,MACH_001,Post-Etch,95.13,2,None,89.734,120.26,248.66,50.53,120.27,454.16,2024-02-04 15:00:00
WF_003302,BATCH_023,MACH_005,Post-Etch,94.85,2,None,91.526,123.4,251.49,52.81,119.32,451.18,2024-02-04 15:15:00
WF_003303,BATCH_039,MACH_004,Post-Etch,94.01,3,None,90.716,119.25,249.33,52.18,120.63,452.24,2024-02-04 15:30:00
WF_003304,BATCH_017,MACH_003,Post-Etch,92.03,4,Photoresist Residue,91.062,124.64,257.17,52.12,118.69,449.41,2024-02-04 15:45:00
WF_003305,BATCH_010,MACH_003,Post-Etch,96.15,2,None,88.672,123.07,253.49,46.12,119.56,443.75,2024-02-04 16:00:00
WF_003306,BATCH_026,MACH_002,Post-Etch,95.1,2,None,91.766,124.3,248.62,54.95,118.95,447.53,2024-02-04 16:15:00
WF_003307,BATCH_001,MACH_002,Post-Etch,86.78,7,Etch Pit,93.41,118.36,249.05,57.14,117.69,460.91,2024-02-04 16:30:00
WF_003308,BATCH_013,MACH_001,Post-Etch,87.55,6,Contamination,89.244,122.46,253.12,48.6,119.93,456.41,2024-02-04 16:45:00
WF_003309,BATCH_003,MACH_005,Post-Etch,95.24,2,None,89.886,123.8,249.27,50.2,120.63,455.89,2024-02-04 17:00:00
WF_003310,BATCH_041,MACH_004,Post-Etch,95.68,2,None,89.923,121.84,261.65,47.33,119.24,434.91,2024-02-04 17:15:00
WF_003311,BATCH_047,MACH_002,Post-Etch,89.83,5,Etch Pit,91.984,115.32,256.24,55.15,116.92,443.8,2024-02-04 17:30:00
WF_003312,BATCH_034,MACH_004,Post-Etch,95.09,2,None,90.387,115.59,248.1,51.64,120.0,461.73,2024-02-04 17:45:00
WF_003313,BATCH_040,MACH_003,Post-Etch,93.23,3,None,91.006,120.43,253.5,51.35,119.09,456.93,2024-02-04 18:00:00
WF_003314,BATCH_019,MACH_005,Post-Etch,94.52,3,None,88.032,115.92,245.72,45.38,120.74,444.27,2024-02-04 18:15:00
WF_003315,BATCH_040,MACH_005,Post-Etch,98.8,0,None,90.342,118.86,250.8,49.08,119.14,448.8,2024-02-04 18:30:00
WF_003316,BATCH_027,MACH_003,Post-Etch,90.36,5,Pattern Distortion,89.654,122.65,245.25,49.8,121.69,463.35,2024-02-04 18:45:00
WF_003317,BATCH_006,MACH_005,Post-Etch,91.25,4,Pattern Distortion,90.914,120.05,244.63,53.29,118.92,449.46,2024-02-04 19:00:00
WF_003318,BATCH_028,MACH_005,Post-Etch,97.14,1,None,90.459,123.03,252.91,50.5,120.14,449.19,2024-02-04 19:15:00
WF_003319,BATCH_006,MACH_004,Post-Etch,88.82,6,Contamination,91.905,117.72,261.98,52.46,119.46,470.53,2024-02-04 19:30:00
WF_003320,BATCH_034,MACH_001,Post-Etch,93.04,3,None,91.464,117.99,259.98,51.3,120.54,451.08,2024-02-04 19:45:00
WF_003321,BATCH_041,MACH_002,Post-Etch,93.58,3,None,90.882,118.34,254.61,52.22,117.78,458.1,2024-02-04 20:00:00
WF_003322,BATCH_010,MACH_004,Post-Etch,92.25,4,Micro-crack,89.073,115.4,254.78,47.66,120.33,447.01,2024-02-04 20:15:00
WF_003323,BATCH_036,MACH_005,Post-Etch,93.05,3,None,89.398,120.2,252.56,47.94,120.6,446.74,2024-02-04 20:30:00
WF_003324,BATCH_050,MACH_005,Post-Etch,96.02,2,None,89.613,122.11,243.21,49.14,120.89,445.56,2024-02-04 20:45:00
WF_003325,BATCH_022,MACH_003,Post-Etch,99.0,0,None,90.243,117.88,253.15,48.88,120.94,442.77,2024-02-04 21:00:00
WF_003326,BATCH_029,MACH_005,Post-Etch,96.02,2,None,89.444,121.0,255.04,48.01,120.39,437.35,2024-02-04 21:15:00
WF_003327,BATCH_039,MACH_001,Post-Etch,91.07,4,Etch Pit,90.82,121.3,251.37,51.5,118.57,451.11,2024-02-04 21:30:00
WF_003328,BATCH_015,MACH_001,Post-Etch,95.51,2,None,90.533,115.83,250.95,50.78,119.35,447.02,2024-02-04 21:45:00
WF_003329,BATCH_045,MACH_002,Post-Etch,89.85,5,Etch Pit,92.928,118.21,250.07,57.16,120.37,447.05,2024-02-04 22:00:00
WF_003330,BATCH_008,MACH_003,Post-Etch,95.52,2,None,91.326,123.72,251.32,52.88,119.24,454.88,2024-02-04 22:15:00
WF_003331,BATCH_024,MACH_003,Post-Etch,99.0,0,None,89.809,123.11,249.07,49.54,120.37,452.6,2024-02-04 22:30:00
WF_003332,BATCH_003,MACH_001,Post-Etch,91.94,4,Pattern Distortion,91.331,120.45,252.97,52.86,120.67,454.34,2024-02-04 22:45:00
WF_003333,BATCH_048,MACH_001,Post-Etch,93.36,3,None,90.719,116.56,252.99,50.96,118.72,461.96,2024-02-04 23:00:00
WF_003334,BATCH_038,MACH_002,Post-Etch,95.33,2,None,90.028,124.66,236.01,51.99,120.92,434.06,2024-02-04 23:15:00
WF_003335,BATCH_004,MACH_002,Post-Etch,88.07,6,Contamination,93.768,123.75,257.52,57.72,120.55,458.28,2024-02-04 23:30:00
WF_003336,BATCH_020,MACH_003,Post-Etch,91.54,4,Etch Pit,88.734,124.43,244.5,47.89,119.31,448.32,2024-02-04 23:45:00
WF_003337,BATCH_025,MACH_002,Post-Etch,94.89,3,None,91.438,123.77,250.94,52.82,119.99,477.13,2024-02-05 00:00:00
WF_003338,BATCH_014,MACH_005,Post-Etch,93.27,3,None,91.792,116.56,257.44,52.46,118.05,456.57,2024-02-05 00:15:00
WF_003339,BATCH_040,MACH_003,Post-Etch,97.35,1,None,89.478,122.54,244.5,49.84,121.4,435.91,2024-02-05 00:30:00
WF_003340,BATCH_037,MACH_002,Post-Etch,93.45,3,None,89.25,120.57,251.15,49.02,120.85,440.87,2024-02-05 00:45:00
WF_003341,BATCH_023,MACH_003,Post-Etch,91.69,4,Photoresist Residue,91.541,122.4,260.27,52.42,119.19,455.16,2024-02-05 01:00:00
WF_003342,BATCH_015,MACH_005,Post-Etch,95.21,2,None,88.609,121.68,249.62,47.94,118.89,452.72,2024-02-05 01:15:00
WF_003343,BATCH_018,MACH_005,Post-Etch,94.32,3,None,90.793,116.25,257.93,50.67,120.26,453.3,2024-02-05 01:30:00
WF_003344,BATCH_016,MACH_004,Post-Etch,95.0,2,None,90.118,123.09,239.61,51.3,120.11,453.67,2024-02-05 01:45:00
WF_003345,BATCH_032,MACH_001,Post-Etch,95.84,2,None,90.627,124.27,254.93,51.51,118.5,451.26,2024-02-05 02:00:00
WF_003346,BATCH_022,MACH_004,Post-Etch,95.74,2,None,90.625,118.03,248.67,51.96,118.14,445.58,2024-02-05 02:15:00
WF_003347,BATCH_012,MACH_003,Post-Etch,97.12,1,None,89.016,116.33,256.86,47.47,120.19,463.18,2024-02-05 02:30:00
WF_003348,BATCH_043,MACH_001,Post-Etch,93.62,3,None,89.463,122.1,248.36,49.15,120.6,446.05,2024-02-05 02:45:00
WF_003349,BATCH_036,MACH_003,Post-Etch,94.92,2,None,89.81,117.75,238.09,51.26,121.55,452.67,2024-02-05 03:00:00
WF_003350,BATCH_045,MACH_003,Post-Etch,89.29,5,Contamination,91.529,122.01,244.81,54.01,120.14,433.02,2024-02-05 03:15:00
WF_003351,BATCH_020,MACH_002,Post-Etch,90.45,5,Etch Pit,92.238,119.56,252.22,54.35,121.72,435.76,2024-02-05 03:30:00
WF_003352,BATCH_049,MACH_004,Post-Etch,90.12,5,Micro-crack,90.837,115.28,252.61,50.64,120.85,434.68,2024-02-05 03:45:00
WF_003353,BATCH_029,MACH_001,Post-Etch,95.23,2,None,91.093,115.06,256.53,51.59,121.07,450.19,2024-02-05 04:00:00
WF_003354,BATCH_038,MACH_001,Post-Etch,94.38,2,None,89.474,123.17,247.42,49.11,121.13,458.1,2024-02-05 04:15:00
WF_003355,BATCH_027,MACH_005,Post-Etch,93.32,3,None,89.126,119.39,257.45,48.21,120.46,449.89,2024-02-05 04:30:00
WF_003356,BATCH_005,MACH_003,Post-Etch,99.0,0,None,89.465,124.85,250.85,48.33,120.46,449.14,2024-02-05 04:45:00
WF_003357,BATCH_035,MACH_004,Post-Etch,99.0,0,None,89.505,117.51,245.13,49.02,118.91,447.95,2024-02-05 05:00:00
WF_003358,BATCH_030,MACH_002,Post-Etch,93.46,3,None,90.163,117.06,245.68,50.52,119.3,460.84,2024-02-05 05:15:00
WF_003359,BATCH_037,MACH_005,Post-Etch,91.71,4,Etch Pit,92.06,121.17,258.52,54.8,120.65,453.66,2024-02-05 05:30:00
WF_003360,BATCH_040,MACH_003,Post-Etch,97.55,1,None,90.888,124.47,256.71,51.11,119.99,450.13,2024-02-05 05:45:00
WF_003361,BATCH_045,MACH_005,Post-Etch,95.78,2,None,90.365,116.55,256.89,50.66,118.96,459.76,2024-02-05 06:00:00
WF_003362,BATCH_037,MACH_002,Post-Etch,89.7,5,Photoresist Residue,91.639,123.29,248.82,54.23,120.73,436.79,2024-02-05 06:15:00
WF_003363,BATCH_012,MACH_005,Post-Etch,94.99,2,None,89.395,122.02,250.12,48.35,119.85,446.88,2024-02-05 06:30:00
WF_003364,BATCH_039,MACH_002,Post-Etch,92.99,3,None,90.796,121.4,248.67,52.23,119.45,452.58,2024-02-05 06:45:00
WF_003365,BATCH_032,MACH_002,Post-Etch,89.73,5,Photoresist Residue,91.315,121.27,254.05,53.56,119.32,447.65,2024-02-05 07:00:00
WF_003366,BATCH_041,MACH_003,Post-Etch,95.58,2,None,90.192,119.36,242.81,50.31,119.51,432.16,2024-02-05 07:15:00
WF_003367,BATCH_024,MACH_001,Post-Etch,87.53,6,Micro-crack,88.523,121.26,253.85,46.52,119.7,459.93,2024-02-05 07:30:00
WF_003368,BATCH_012,MACH_004,Post-Etch,95.61,2,None,88.877,119.45,246.09,47.94,121.03,465.36,2024-02-05 07:45:00
WF_003369,BATCH_009,MACH_004,Post-Etch,94.44,2,None,90.362,123.39,256.4,49.63,120.12,451.14,2024-02-05 08:00:00
WF_003370,BATCH_049,MACH_005,Post-Etch,89.52,6,Photoresist Residue,89.246,123.78,244.25,48.59,118.31,454.75,2024-02-05 08:15:00
WF_003371,BATCH_021,MACH_005,Post-Etch,87.54,6,Pattern Distortion,91.075,121.45,249.88,52.76,119.57,460.63,2024-02-05 08:30:00
WF_003372,BATCH_033,MACH_005,Post-Etch,91.36,4,Etch Pit,90.384,117.86,251.42,50.81,119.58,436.73,2024-02-05 08:45:00
WF_003373,BATCH_025,MACH_003,Post-Etch,95.14,2,None,89.702,121.56,247.48,50.37,119.17,458.74,2024-02-05 09:00:00
WF_003374,BATCH_040,MACH_005,Post-Etch,99.0,0,None,89.856,116.36,251.9,49.66,120.72,456.89,2024-02-05 09:15:00
WF_003375,BATCH_010,MACH_002,Post-Etch,90.08,5,Photoresist Residue,92.969,117.71,244.14,57.77,119.3,455.13,2024-02-05 09:30:00
WF_003376,BATCH_036,MACH_005,Post-Etch,94.04,3,None,89.638,116.89,240.53,51.15,121.35,463.22,2024-02-05 09:45:00
WF_003377,BATCH_049,MACH_001,Post-Etch,88.91,5,Contamination,90.849,119.68,248.11,52.16,119.85,451.0,2024-02-05 10:00:00
WF_003378,BATCH_007,MACH_004,Post-Etch,95.49,2,None,89.357,124.54,251.84,47.88,119.09,449.97,2024-02-05 10:15:00
WF_003379,BATCH_001,MACH_002,Post-Etch,86.33,7,Etch Pit,92.774,118.77,248.96,57.41,119.92,472.54,2024-02-05 10:30:00
WF_003380,BATCH_049,MACH_002,Post-Etch,96.21,2,None,90.484,120.77,244.02,52.46,120.26,442.97,2024-02-05 10:45:00
WF_003381,BATCH_042,MACH_004,Post-Etch,93.94,3,None,90.52,122.83,249.16,51.32,120.21,454.67,2024-02-05 11:00:00
WF_003382,BATCH_002,MACH_001,Post-Etch,93.39,3,None,90.032,124.62,247.67,50.21,119.53,453.51,2024-02-05 11:15:00
WF_003383,BATCH_042,MACH_002,Post-Etch,95.25,2,None,91.096,122.3,242.01,52.66,121.41,461.26,2024-02-05 11:30:00
WF_003384,BATCH_045,MACH_001,Post-Etch,97.47,1,None,90.496,116.08,249.1,51.69,119.12,442.95,2024-02-05 11:45:00
WF_003385,BATCH_006,MACH_002,Post-Etch,94.98,2,None,90.627,123.36,249.19,53.41,121.15,464.8,2024-02-05 12:00:00
WF_003386,BATCH_014,MACH_003,Post-Etch,97.08,1,None,89.012,121.25,241.6,49.64,120.14,437.59,2024-02-05 12:15:00
WF_003387,BATCH_035,MACH_004,Post-Etch,95.76,2,None,90.975,115.27,241.09,51.19,119.2,462.49,2024-02-05 12:30:00
WF_003388,BATCH_041,MACH_001,Post-Etch,94.93,2,None,89.463,123.21,245.11,48.67,119.23,431.31,2024-02-05 12:45:00
WF_003389,BATCH_024,MACH_003,Post-Etch,95.09,2,None,89.975,116.81,246.13,50.92,121.19,453.56,2024-02-05 13:00:00
WF_003390,BATCH_018,MACH_004,Post-Etch,95.14,2,None,90.861,122.83,253.5,51.58,119.04,436.47,2024-02-05 13:15:00
WF_003391,BATCH_027,MACH_002,Post-Etch,95.37,2,None,90.559,123.83,250.08,51.06,120.29,447.06,2024-02-05 13:30:00
WF_003392,BATCH_003,MACH_001,Post-Etch,97.33,1,None,90.724,116.18,250.79,52.53,119.88,457.12,2024-02-05 13:45:00
WF_003393,BATCH_011,MACH_004,Post-Etch,93.82,3,None,90.272,118.56,248.43,51.72,120.01,449.84,2024-02-05 14:00:00
WF_003394,BATCH_010,MACH_005,Post-Etch,93.23,3,None,88.792,121.75,247.34,48.42,121.24,451.3,2024-02-05 14:15:00
WF_003395,BATCH_020,MACH_003,Post-Etch,88.19,6,Photoresist Residue,89.1,115.84,241.17,49.25,120.79,446.6,2024-02-05 14:30:00
WF_003396,BATCH_006,MACH_001,Post-Etch,96.75,1,None,88.731,124.34,245.22,47.72,120.88,459.65,2024-02-05 14:45:00
WF_003397,BATCH_044,MACH_001,Post-Etch,95.93,2,None,88.377,124.83,248.7,47.1,118.3,442.22,2024-02-05 15:00:00
WF_003398,BATCH_022,MACH_001,Post-Etch,95.82,1,None,89.836,115.09,246.77,49.72,120.38,453.29,2024-02-05 15:15:00
WF_003399,BATCH_002,MACH_003,Post-Etch,94.6,2,None,89.099,124.18,242.46,49.07,119.53,453.05,2024-02-05 15:30:00
WF_003400,BATCH_042,MACH_002,Post-Etch,89.66,5,Pattern Distortion,92.933,116.24,253.38,56.58,119.62,451.5,2024-02-05 15:45:00
WF_003401,BATCH_009,MACH_005,Post-Etch,99.0,0,None,89.896,119.7,247.78,49.02,119.71,464.99,2024-02-05 16:00:00
WF_003402,BATCH_036,MACH_001,Post-Etch,91.6,4,Contamination,89.905,117.39,256.91,49.8,121.04,464.49,2024-02-05 16:15:00
WF_003403,BATCH_030,MACH_002,Post-Etch,94.48,3,None,92.02,120.15,248.18,55.42,120.4,446.39,2024-02-05 16:30:00
WF_003404,BATCH_034,MACH_004,Post-Etch,92.73,3,None,89.997,115.31,260.05,48.17,118.69,444.83,2024-02-05 16:45:00
WF_003405,BATCH_037,MACH_005,Post-Etch,91.99,4,Micro-crack,89.273,116.09,251.76,48.54,121.19,448.19,2024-02-05 17:00:00
WF_003406,BATCH_036,MACH_005,Post-Etch,88.93,6,Contamination,91.514,124.63,246.05,53.65,119.48,442.91,2024-02-05 17:15:00
WF_003407,BATCH_022,MACH_001,Post-Etch,93.34,3,None,88.65,120.78,250.01,47.33,118.7,443.09,2024-02-05 17:30:00
WF_003408,BATCH_015,MACH_004,Post-Etch,92.11,4,Etch Pit,90.567,119.66,253.85,52.31,118.05,455.1,2024-02-05 17:45:00
WF_003409,BATCH_028,MACH_003,Post-Etch,94.25,3,None,90.182,120.16,252.32,50.23,120.23,436.24,2024-02-05 18:00:00
WF_003410,BATCH_034,MACH_002,Post-Etch,95.5,2,None,90.848,115.08,258.85,52.01,119.7,453.23,2024-02-05 18:15:00
WF_003411,BATCH_003,MACH_001,Post-Etch,93.1,3,None,91.112,115.4,250.01,52.83,119.05,438.71,2024-02-05 18:30:00
WF_003412,BATCH_010,MACH_002,Post-Etch,93.43,3,None,91.596,121.3,252.93,54.4,119.67,462.47,2024-02-05 18:45:00
WF_003413,BATCH_047,MACH_002,Post-Etch,93.3,3,None,91.214,121.38,245.59,52.96,120.83,451.05,2024-02-05 19:00:00
WF_003414,BATCH_026,MACH_001,Post-Etch,98.59,0,None,90.036,120.57,248.81,49.35,120.87,447.68,2024-02-05 19:15:00
WF_003415,BATCH_040,MACH_004,Post-Etch,91.12,4,Photoresist Residue,92.114,118.37,257.37,53.57,118.7,454.86,2024-02-05 19:30:00
WF_003416,BATCH_021,MACH_001,Post-Etch,94.83,2,None,90.054,119.03,244.31,49.77,120.46,433.17,2024-02-05 19:45:00
WF_003417,BATCH_020,MACH_005,Post-Etch,93.59,3,None,89.315,120.84,251.25,47.07,122.09,461.38,2024-02-05 20:00:00
WF_003418,BATCH_029,MACH_005,Post-Etch,91.37,4,Photoresist Residue,88.496,115.39,251.48,46.87,120.14,440.05,2024-02-05 20:15:00
WF_003419,BATCH_027,MACH_004,Post-Etch,91.6,4,Etch Pit,89.144,120.98,252.84,47.29,118.88,436.41,2024-02-05 20:30:00
WF_003420,BATCH_021,MACH_003,Post-Etch,90.43,5,Contamination,91.141,122.8,252.61,52.17,118.15,449.66,2024-02-05 20:45:00
WF_003421,BATCH_006,MACH_002,Post-Etch,91.96,4,Micro-crack,92.44,124.56,246.52,55.57,119.98,441.24,2024-02-05 21:00:00
WF_003422,BATCH_030,MACH_002,Post-Etch,85.7,8,Pattern Distortion,93.182,115.5,262.09,57.65,119.51,462.26,2024-02-05 21:15:00
WF_003423,BATCH_040,MACH_005,Post-Etch,92.0,4,Etch Pit,89.262,119.51,255.57,47.69,117.93,454.22,2024-02-05 21:30:00
WF_003424,BATCH_005,MACH_003,Post-Etch,97.67,1,None,90.183,121.14,239.76,52.18,119.85,457.78,2024-02-05 21:45:00
WF_003425,BATCH_006,MACH_003,Post-Etch,91.4,4,Etch Pit,88.075,123.7,244.41,46.13,119.77,441.14,2024-02-05 22:00:00
WF_003426,BATCH_046,MACH_002,Post-Etch,83.89,8,Micro-crack,94.073,120.19,250.38,59.75,119.76,458.01,2024-02-05 22:15:00
WF_003427,BATCH_013,MACH_001,Post-Etch,90.84,5,Micro-crack,89.781,119.39,253.91,50.21,119.18,447.1,2024-02-05 22:30:00
WF_003428,BATCH_046,MACH_002,Post-Etch,90.54,5,Etch Pit,91.619,124.41,247.3,53.41,119.49,437.08,2024-02-05 22:45:00
WF_003429,BATCH_001,MACH_001,Post-Etch,98.18,1,None,89.359,115.34,251.91,49.51,119.83,476.93,2024-02-05 23:00:00
WF_003430,BATCH_016,MACH_001,Post-Etch,94.44,2,None,90.757,120.59,239.61,52.77,120.53,463.55,2024-02-05 23:15:00
WF_003431,BATCH_019,MACH_003,Post-Etch,92.04,3,None,90.04,115.27,257.29,48.71,120.5,439.61,2024-02-05 23:30:00
WF_003432,BATCH_050,MACH_003,Post-Etch,90.35,5,Contamination,88.949,124.98,249.37,47.98,121.25,453.15,2024-02-05 23:45:00
WF_003433,BATCH_031,MACH_002,Post-Etch,95.53,2,None,91.967,121.47,255.13,54.0,117.74,460.7,2024-02-06 00:00:00
WF_003434,BATCH_026,MACH_004,Post-Etch,88.55,6,Photoresist Residue,87.695,120.8,237.91,46.37,119.22,437.08,2024-02-06 00:15:00
WF_003435,BATCH_050,MACH_002,Post-Etch,93.85,3,None,90.671,115.94,245.67,51.5,121.73,448.95,2024-02-06 00:30:00
WF_003436,BATCH_018,MACH_004,Post-Etch,93.93,3,None,89.922,119.14,254.76,48.43,120.16,461.54,2024-02-06 00:45:00
WF_003437,BATCH_042,MACH_004,Post-Etch,91.32,4,Pattern Distortion,89.303,122.63,244.27,49.37,120.07,441.19,2024-02-06 01:00:00
WF_003438,BATCH_020,MACH_004,Post-Etch,93.79,3,None,90.711,118.67,252.51,50.7,120.68,443.15,2024-02-06 01:15:00
WF_003439,BATCH_003,MACH_003,Post-Etch,91.89,4,Photoresist Residue,90.11,117.32,258.85,47.89,119.34,449.93,2024-02-06 01:30:00
WF_003440,BATCH_025,MACH_004,Post-Etch,95.39,2,None,88.686,115.02,249.77,46.94,120.2,453.09,2024-02-06 01:45:00
WF_003441,BATCH_020,MACH_003,Post-Etch,97.55,1,None,90.379,118.0,243.75,52.81,121.35,449.6,2024-02-06 02:00:00
WF_003442,BATCH_008,MACH_005,Post-Etch,93.39,3,None,88.648,123.33,252.18,46.14,121.28,458.75,2024-02-06 02:15:00
WF_003443,BATCH_023,MACH_002,Post-Etch,91.69,4,Pattern Distortion,91.733,119.09,251.76,54.31,121.53,467.57,2024-02-06 02:30:00
WF_003444,BATCH_028,MACH_003,Post-Etch,93.53,3,None,90.761,123.39,247.29,51.8,121.4,432.86,2024-02-06 02:45:00
WF_003445,BATCH_047,MACH_005,Post-Etch,95.27,2,None,89.746,115.23,254.35,48.27,119.11,446.32,2024-02-06 03:00:00
WF_003446,BATCH_011,MACH_001,Post-Etch,88.05,6,Micro-crack,88.426,117.0,240.93,48.29,118.73,434.88,2024-02-06 03:15:00
WF_003447,BATCH_036,MACH_004,Post-Etch,96.63,1,None,89.755,124.94,245.82,50.72,119.98,449.28,2024-02-06 03:30:00
WF_003448,BATCH_041,MACH_001,Post-Etch,90.82,5,Pattern Distortion,89.082,121.77,242.06,48.38,119.63,462.54,2024-02-06 03:45:00
WF_003449,BATCH_036,MACH_004,Post-Etch,95.62,2,None,90.905,121.07,243.2,51.78,119.98,441.95,2024-02-06 04:00:00
WF_003450,BATCH_034,MACH_001,Post-Etch,93.4,3,None,91.121,120.84,258.18,51.06,120.32,442.41,2024-02-06 04:15:00
WF_003451,BATCH_017,MACH_001,Post-Etch,96.83,1,None,89.488,116.64,247.79,48.06,119.47,453.5,2024-02-06 04:30:00
WF_003452,BATCH_020,MACH_001,Post-Etch,97.16,1,None,90.564,124.66,252.28,50.52,119.68,451.14,2024-02-06 04:45:00
WF_003453,BATCH_017,MACH_002,Post-Etch,95.28,2,None,91.955,123.9,243.41,55.51,119.31,452.95,2024-02-06 05:00:00
WF_003454,BATCH_019,MACH_003,Post-Etch,92.51,3,None,91.684,118.73,248.65,52.84,120.04,446.32,2024-02-06 05:15:00
WF_003455,BATCH_014,MACH_002,Post-Etch,92.15,4,Photoresist Residue,90.033,120.52,249.91,49.92,118.26,453.23,2024-02-06 05:30:00
WF_003456,BATCH_015,MACH_002,Post-Etch,92.98,3,None,92.052,119.06,256.19,53.33,119.78,457.37,2024-02-06 05:45:00
WF_003457,BATCH_013,MACH_002,Post-Etch,86.65,7,Micro-crack,93.074,124.26,236.85,59.18,120.2,435.57,2024-02-06 06:00:00
WF_003458,BATCH_031,MACH_005,Post-Etch,99.0,0,None,89.862,117.31,262.52,47.94,119.03,453.86,2024-02-06 06:15:00
WF_003459,BATCH_044,MACH_004,Post-Etch,95.6,2,None,89.527,123.05,252.6,49.0,119.17,462.86,2024-02-06 06:30:00
WF_003460,BATCH_024,MACH_002,Post-Etch,86.82,7,Micro-crack,93.957,119.12,249.55,59.75,119.84,452.65,2024-02-06 06:45:00
WF_003461,BATCH_038,MACH_003,Post-Etch,98.07,1,None,89.93,123.01,247.5,50.3,119.79,459.47,2024-02-06 07:00:00
WF_003462,BATCH_034,MACH_004,Post-Etch,92.55,3,None,88.875,119.43,247.07,48.49,121.85,454.71,2024-02-06 07:15:00
WF_003463,BATCH_023,MACH_001,Post-Etch,96.94,1,None,90.368,119.77,251.26,49.85,121.81,448.68,2024-02-06 07:30:00
WF_003464,BATCH_048,MACH_002,Post-Etch,97.63,1,None,90.525,122.98,240.0,51.94,119.66,452.49,2024-02-06 07:45:00
WF_003465,BATCH_039,MACH_001,Post-Etch,95.22,2,None,88.82,117.98,245.14,47.66,120.05,466.34,2024-02-06 08:00:00
WF_003466,BATCH_033,MACH_003,Post-Etch,89.15,6,Contamination,91.138,118.96,245.35,53.49,120.66,449.45,2024-02-06 08:15:00
WF_003467,BATCH_026,MACH_003,Post-Etch,94.8,2,None,89.605,115.24,247.17,49.95,121.7,450.54,2024-02-06 08:30:00
WF_003468,BATCH_016,MACH_004,Post-Etch,92.67,3,None,88.661,120.6,250.11,47.33,121.1,454.01,2024-02-06 08:45:00
WF_003469,BATCH_016,MACH_003,Post-Etch,94.05,3,None,90.263,119.39,253.31,50.99,120.7,458.96,2024-02-06 09:00:00
WF_003470,BATCH_006,MACH_002,Post-Etch,87.02,7,Etch Pit,93.072,124.51,252.63,57.52,120.64,453.97,2024-02-06 09:15:00
WF_003471,BATCH_039,MACH_002,Post-Etch,94.64,2,None,91.142,122.74,257.41,53.61,120.98,441.4,2024-02-06 09:30:00
WF_003472,BATCH_030,MACH_002,Post-Etch,88.58,6,Pattern Distortion,92.267,124.04,255.72,55.52,119.11,462.2,2024-02-06 09:45:00
WF_003473,BATCH_044,MACH_005,Post-Etch,94.4,2,None,89.384,120.6,249.57,50.17,118.68,437.15,2024-02-06 10:00:00
WF_003474,BATCH_045,MACH_005,Post-Etch,97.68,1,None,90.662,120.76,244.76,52.57,119.99,456.82,2024-02-06 10:15:00
WF_003475,BATCH_042,MACH_002,Post-Etch,89.75,5,Photoresist Residue,92.059,121.08,250.51,55.17,121.05,454.93,2024-02-06 10:30:00
WF_003476,BATCH_024,MACH_003,Post-Etch,93.4,3,None,89.935,123.02,247.62,50.43,119.2,429.76,2024-02-06 10:45:00
WF_003477,BATCH_030,MACH_003,Post-Etch,95.16,2,None,89.745,118.41,250.95,49.58,121.24,444.2,2024-02-06 11:00:00
WF_003478,BATCH_035,MACH_004,Post-Etch,98.52,0,None,89.973,121.78,250.33,49.57,120.79,442.51,2024-02-06 11:15:00
WF_003479,BATCH_019,MACH_005,Post-Etch,91.49,4,Pattern Distortion,88.757,116.79,255.92,47.05,121.16,465.54,2024-02-06 11:30:00
WF_003480,BATCH_024,MACH_002,Post-Etch,89.34,5,Photoresist Residue,92.989,118.82,254.77,55.61,119.34,460.41,2024-02-06 11:45:00
WF_003481,BATCH_045,MACH_003,Post-Etch,96.06,2,None,89.506,120.23,250.75,48.99,118.81,441.71,2024-02-06 12:00:00
WF_003482,BATCH_039,MACH_005,Post-Etch,96.01,2,None,89.419,118.41,241.29,49.41,121.06,439.58,2024-02-06 12:15:00
WF_003483,BATCH_014,MACH_002,Post-Etch,89.67,5,Etch Pit,92.198,123.06,243.99,54.95,120.88,460.21,2024-02-06 12:30:00
WF_003484,BATCH_049,MACH_003,Post-Etch,91.98,4,Micro-crack,92.509,119.28,251.55,54.93,120.88,448.8,2024-02-06 12:45:00
WF_003485,BATCH_005,MACH_004,Post-Etch,90.95,4,Micro-crack,88.153,120.3,252.51,45.72,120.42,470.79,2024-02-06 13:00:00
WF_003486,BATCH_030,MACH_001,Post-Etch,91.28,4,Photoresist Residue,88.74,119.15,250.2,46.59,121.85,458.57,2024-02-06 13:15:00
WF_003487,BATCH_002,MACH_002,Post-Etch,90.35,5,Photoresist Residue,92.956,117.35,251.29,56.48,119.93,451.94,2024-02-06 13:30:00
WF_003488,BATCH_032,MACH_001,Post-Etch,96.19,2,None,90.391,117.42,252.32,50.14,120.41,452.26,2024-02-06 13:45:00
WF_003489,BATCH_018,MACH_005,Post-Etch,95.17,2,None,89.512,116.92,246.61,48.64,120.98,449.27,2024-02-06 14:00:00
WF_003490,BATCH_007,MACH_001,Post-Etch,98.28,1,None,89.244,119.2,245.34,50.15,118.19,445.23,2024-02-06 14:15:00
WF_003491,BATCH_011,MACH_001,Post-Etch,93.66,3,None,90.518,116.56,259.1,49.86,119.93,446.21,2024-02-06 14:30:00
WF_003492,BATCH_029,MACH_001,Post-Etch,95.02,2,None,90.91,120.07,252.86,50.83,119.92,450.68,2024-02-06 14:45:00
WF_003493,BATCH_023,MACH_003,Post-Etch,94.57,3,None,91.526,122.02,250.5,53.49,120.2,465.47,2024-02-06 15:00:00
WF_003494,BATCH_049,MACH_005,Post-Etch,92.6,4,Photoresist Residue,89.498,116.35,250.79,47.97,121.44,450.12,2024-02-06 15:15:00
WF_003495,BATCH_022,MACH_005,Post-Etch,96.51,1,None,90.034,118.3,251.93,48.41,119.97,433.84,2024-02-06 15:30:00
WF_003496,BATCH_009,MACH_001,Post-Etch,91.8,4,Etch Pit,92.018,118.3,255.76,53.56,120.79,463.28,2024-02-06 15:45:00
WF_003497,BATCH_034,MACH_004,Post-Etch,93.27,3,None,89.297,121.45,251.54,49.3,121.55,455.43,2024-02-06 16:00:00
WF_003498,BATCH_024,MACH_003,Post-Etch,99.0,0,None,89.729,124.24,245.09,50.3,120.08,457.35,2024-02-06 16:15:00
WF_003499,BATCH_038,MACH_004,Post-Etch,93.87,3,None,91.087,121.94,252.05,51.09,119.5,451.24,2024-02-06 16:30:00
WF_003500,BATCH_049,MACH_004,Post-Etch,93.82,3,None,89.076,118.54,249.81,48.07,119.78,435.79,2024-02-06 16:45:00
WF_003501,BATCH_034,MACH_001,Post-Etch,97.46,1,None,91.008,123.76,261.56,51.32,119.81,452.56,2024-02-06 17:00:00
WF_003502,BATCH_025,MACH_004,Post-Etch,95.1,2,None,90.232,122.81,250.34,50.46,120.03,448.03,2024-02-06 17:15:00
WF_003503,BATCH_048,MACH_003,Post-Etch,93.84,3,None,89.223,123.94,246.05,49.68,118.75,449.63,2024-02-06 17:30:00
WF_003504,BATCH_026,MACH_005,Post-Etch,97.32,1,None,90.17,117.8,257.96,50.65,119.56,453.48,2024-02-06 17:45:00
WF_003505,BATCH_034,MACH_004,Post-Etch,99.0,0,None,89.542,117.13,241.35,50.39,120.46,449.4,2024-02-06 18:00:00
WF_003506,BATCH_015,MACH_002,Post-Etch,88.28,6,Micro-crack,92.76,116.75,258.62,55.13,120.76,472.1,2024-02-06 18:15:00
WF_003507,BATCH_006,MACH_005,Post-Etch,91.79,4,Pattern Distortion,89.94,117.59,254.66,49.43,120.25,450.42,2024-02-06 18:30:00
WF_003508,BATCH_010,MACH_001,Post-Etch,95.62,2,None,89.338,115.78,256.61,47.38,120.97,447.56,2024-02-06 18:45:00
WF_003509,BATCH_043,MACH_005,Post-Etch,96.18,1,None,89.821,118.29,260.94,48.28,120.49,451.78,2024-02-06 19:00:00
WF_003510,BATCH_038,MACH_001,Post-Etch,91.85,4,Photoresist Residue,89.32,118.3,249.76,47.95,120.42,454.29,2024-02-06 19:15:00
WF_003511,BATCH_045,MACH_002,Post-Etch,93.3,3,None,91.957,120.74,251.1,53.33,120.0,442.73,2024-02-06 19:30:00
WF_003512,BATCH_042,MACH_002,Post-Etch,82.59,9,Etch Pit,92.738,116.5,247.12,56.05,119.8,448.67,2024-02-06 19:45:00
WF_003513,BATCH_032,MACH_003,Post-Etch,91.62,4,Pattern Distortion,91.495,117.55,251.2,51.81,118.52,463.25,2024-02-06 20:00:00
WF_003514,BATCH_050,MACH_001,Post-Etch,94.62,3,None,90.452,115.36,249.37,50.13,119.48,432.48,2024-02-06 20:15:00
WF_003515,BATCH_001,MACH_004,Post-Etch,91.63,4,Micro-crack,89.883,121.24,251.47,48.29,119.27,449.19,2024-02-06 20:30:00
WF_003516,BATCH_030,MACH_001,Post-Etch,93.08,3,None,88.95,121.31,245.12,48.54,120.0,452.39,2024-02-06 20:45:00
WF_003517,BATCH_019,MACH_003,Post-Etch,89.12,5,Micro-crack,89.056,117.94,245.87,48.63,120.46,438.25,2024-02-06 21:00:00
WF_003518,BATCH_050,MACH_001,Post-Etch,93.86,3,None,90.274,115.49,252.17,51.02,121.4,444.59,2024-02-06 21:15:00
WF_003519,BATCH_005,MACH_001,Post-Etch,94.66,2,None,89.916,117.32,250.76,49.4,119.35,452.64,2024-02-06 21:30:00
WF_003520,BATCH_038,MACH_005,Post-Etch,89.56,5,Micro-crack,91.525,117.59,260.96,51.68,119.65,455.66,2024-02-06 21:45:00
WF_003521,BATCH_043,MACH_002,Post-Etch,93.48,3,None,89.842,120.01,249.24,50.09,121.59,451.21,2024-02-06 22:00:00
WF_003522,BATCH_009,MACH_005,Post-Etch,97.73,0,None,90.588,117.25,258.68,50.6,120.37,467.6,2024-02-06 22:15:00
WF_003523,BATCH_014,MACH_001,Post-Etch,96.85,1,None,89.453,116.93,242.27,49.8,118.52,454.05,2024-02-06 22:30:00
WF_003524,BATCH_038,MACH_004,Post-Etch,93.31,3,None,91.643,119.51,251.93,53.04,121.52,459.1,2024-02-06 22:45:00
WF_003525,BATCH_038,MACH_005,Post-Etch,86.04,7,Contamination,89.596,122.75,255.81,49.48,118.78,455.3,2024-02-06 23:00:00
WF_003526,BATCH_031,MACH_003,Post-Etch,93.57,3,None,89.975,120.1,251.07,50.45,119.63,448.68,2024-02-06 23:15:00
WF_003527,BATCH_026,MACH_003,Post-Etch,94.0,3,None,89.308,123.57,250.06,47.31,121.74,467.04,2024-02-06 23:30:00
WF_003528,BATCH_010,MACH_003,Post-Etch,86.54,7,Micro-crack,88.855,117.97,241.08,48.14,118.95,433.96,2024-02-06 23:45:00
WF_003529,BATCH_025,MACH_001,Post-Etch,92.27,4,Micro-crack,89.117,116.99,249.68,48.29,120.21,458.76,2024-02-07 00:00:00
WF_003530,BATCH_039,MACH_003,Post-Etch,98.88,0,None,89.631,116.66,249.52,48.2,119.47,448.48,2024-02-07 00:15:00
WF_003531,BATCH_042,MACH_002,Post-Etch,90.18,5,Photoresist Residue,91.435,121.49,258.58,51.85,118.48,442.16,2024-02-07 00:30:00
WF_003532,BATCH_046,MACH_005,Post-Etch,96.07,2,None,88.745,121.46,247.79,46.49,119.36,456.93,2024-02-07 00:45:00
WF_003533,BATCH_007,MACH_002,Post-Etch,92.21,4,Contamination,92.694,122.9,250.34,55.86,120.44,461.3,2024-02-07 01:00:00
WF_003534,BATCH_010,MACH_001,Post-Etch,95.07,2,None,91.069,118.53,245.21,53.14,120.09,448.21,2024-02-07 01:15:00
WF_003535,BATCH_019,MACH_003,Post-Etch,97.36,1,None,89.763,121.97,248.0,49.57,119.37,448.93,2024-02-07 01:30:00
WF_003536,BATCH_020,MACH_004,Post-Etch,96.28,1,None,89.394,123.04,246.86,49.42,119.39,451.6,2024-02-07 01:45:00
WF_003537,BATCH_005,MACH_002,Post-Etch,90.28,5,Pattern Distortion,91.576,115.37,248.18,53.73,119.93,434.87,2024-02-07 02:00:00
WF_003538,BATCH_001,MACH_001,Post-Etch,93.33,3,None,89.887,121.98,249.78,50.35,120.68,458.83,2024-02-07 02:15:00
WF_003539,BATCH_020,MACH_002,Post-Etch,78.46,11,Etch Pit,93.863,123.49,249.5,59.62,119.74,455.15,2024-02-07 02:30:00
WF_003540,BATCH_022,MACH_002,Post-Etch,97.15,1,None,89.96,115.25,253.0,48.63,120.1,448.6,2024-02-07 02:45:00
WF_003541,BATCH_039,MACH_004,Post-Etch,88.65,6,Etch Pit,88.897,118.86,242.06,48.12,120.25,452.72,2024-02-07 03:00:00
WF_003542,BATCH_007,MACH_001,Post-Etch,93.75,3,None,89.165,122.37,257.64,47.36,119.24,443.77,2024-02-07 03:15:00
WF_003543,BATCH_001,MACH_005,Post-Etch,89.63,5,Photoresist Residue,90.953,118.42,258.87,51.44,120.26,447.94,2024-02-07 03:30:00
WF_003544,BATCH_016,MACH_001,Post-Etch,94.09,3,None,90.44,118.01,257.26,51.12,118.58,465.34,2024-02-07 03:45:00
WF_003545,BATCH_012,MACH_002,Post-Etch,89.06,5,Micro-crack,91.632,116.7,251.74,54.51,119.46,439.23,2024-02-07 04:00:00
WF_003546,BATCH_045,MACH_004,Post-Etch,91.28,4,Contamination,90.777,117.36,254.33,51.43,117.99,449.52,2024-02-07 04:15:00
WF_003547,BATCH_041,MACH_005,Post-Etch,92.03,4,Contamination,90.697,117.35,245.29,52.44,119.9,439.95,2024-02-07 04:30:00
WF_003548,BATCH_021,MACH_003,Post-Etch,97.26,1,None,90.624,116.75,255.15,50.64,120.36,453.16,2024-02-07 04:45:00
WF_003549,BATCH_024,MACH_003,Post-Etch,86.33,7,Pattern Distortion,90.123,122.3,246.6,50.74,119.28,446.48,2024-02-07 05:00:00
WF_003550,BATCH_039,MACH_005,Post-Etch,90.69,4,Contamination,90.736,116.74,252.9,51.02,121.43,458.58,2024-02-07 05:15:00
WF_003551,BATCH_041,MACH_001,Post-Etch,90.34,5,Micro-crack,90.97,121.49,249.81,51.81,121.22,451.75,2024-02-07 05:30:00
WF_003552,BATCH_033,MACH_005,Post-Etch,98.89,0,None,90.414,119.3,260.97,49.39,119.15,432.37,2024-02-07 05:45:00
WF_003553,BATCH_035,MACH_001,Post-Etch,91.31,4,Pattern Distortion,91.029,119.83,247.94,53.18,119.03,439.99,2024-02-07 06:00:00
WF_003554,BATCH_009,MACH_002,Post-Etch,91.6,4,Etch Pit,91.892,123.44,246.88,54.89,118.78,459.35,2024-02-07 06:15:00
WF_003555,BATCH_009,MACH_003,Post-Etch,91.87,4,Contamination,88.574,119.27,250.01,46.43,120.71,444.19,2024-02-07 06:30:00
WF_003556,BATCH_045,MACH_002,Post-Etch,91.32,4,Contamination,90.626,122.22,243.1,53.2,120.85,441.36,2024-02-07 06:45:00
WF_003557,BATCH_039,MACH_005,Post-Etch,91.72,4,Etch Pit,90.31,116.93,244.62,51.85,120.56,433.04,2024-02-07 07:00:00
WF_003558,BATCH_021,MACH_002,Post-Etch,91.52,4,Etch Pit,91.026,121.51,246.85,52.37,119.96,456.04,2024-02-07 07:15:00
WF_003559,BATCH_050,MACH_001,Post-Etch,95.24,2,None,90.189,116.87,252.33,50.61,119.03,467.02,2024-02-07 07:30:00
WF_003560,BATCH_018,MACH_004,Post-Etch,91.35,4,Etch Pit,88.968,120.83,253.78,48.62,120.91,451.48,2024-02-07 07:45:00
WF_003561,BATCH_022,MACH_005,Post-Etch,97.78,0,None,90.226,121.16,259.84,49.91,118.48,440.16,2024-02-07 08:00:00
WF_003562,BATCH_029,MACH_003,Post-Etch,94.8,2,None,90.405,117.37,250.97,51.42,118.18,447.9,2024-02-07 08:15:00
WF_003563,BATCH_021,MACH_002,Post-Etch,92.43,4,Micro-crack,91.473,118.06,258.97,52.58,120.08,444.24,2024-02-07 08:30:00
WF_003564,BATCH_011,MACH_001,Post-Etch,95.88,2,None,90.42,115.82,258.49,50.22,118.7,472.99,2024-02-07 08:45:00
WF_003565,BATCH_006,MACH_003,Post-Etch,89.99,5,Etch Pit,89.789,116.94,242.22,50.42,119.79,449.25,2024-02-07 09:00:00
WF_003566,BATCH_006,MACH_002,Post-Etch,97.2,1,None,90.238,119.91,244.78,51.36,121.09,444.27,2024-02-07 09:15:00
WF_003567,BATCH_025,MACH_001,Post-Etch,97.28,1,None,90.741,120.68,248.33,52.64,119.53,443.25,2024-02-07 09:30:00
WF_003568,BATCH_002,MACH_005,Post-Etch,93.54,3,None,88.866,121.78,242.38,47.85,119.22,446.21,2024-02-07 09:45:00
WF_003569,BATCH_034,MACH_005,Post-Etch,95.99,2,None,89.782,124.57,241.09,51.07,121.55,457.5,2024-02-07 10:00:00
WF_003570,BATCH_006,MACH_005,Post-Etch,90.87,4,Micro-crack,90.448,115.7,248.08,51.8,119.34,448.93,2024-02-07 10:15:00
WF_003571,BATCH_046,MACH_004,Post-Etch,97.01,1,None,89.7,115.67,256.59,48.91,118.6,441.06,2024-02-07 10:30:00
WF_003572,BATCH_021,MACH_003,Post-Etch,85.94,7,Etch Pit,89.567,123.96,250.16,47.85,119.12,467.7,2024-02-07 10:45:00
WF_003573,BATCH_022,MACH_002,Post-Etch,91.96,4,Etch Pit,92.235,115.85,239.76,56.16,119.66,459.8,2024-02-07 11:00:00
WF_003574,BATCH_006,MACH_001,Post-Etch,92.48,3,None,90.981,118.51,254.22,50.86,119.6,451.55,2024-02-07 11:15:00
WF_003575,BATCH_020,MACH_002,Post-Etch,88.91,5,Contamination,91.633,121.3,252.69,54.39,120.57,448.79,2024-02-07 11:30:00
WF_003576,BATCH_012,MACH_005,Post-Etch,95.25,2,None,89.645,115.21,245.31,49.71,118.68,446.44,2024-02-07 11:45:00
WF_003577,BATCH_035,MACH_004,Post-Etch,98.54,0,None,89.728,119.45,248.88,48.19,119.96,447.6,2024-02-07 12:00:00
WF_003578,BATCH_021,MACH_001,Post-Etch,97.44,1,None,90.287,124.65,253.24,49.9,121.23,457.18,2024-02-07 12:15:00
WF_003579,BATCH_044,MACH_004,Post-Etch,98.15,0,None,90.243,117.29,264.45,48.47,118.32,456.0,2024-02-07 12:30:00
WF_003580,BATCH_041,MACH_001,Post-Etch,99.0,0,None,89.913,117.51,243.84,50.06,120.84,445.38,2024-02-07 12:45:00
WF_003581,BATCH_035,MACH_001,Post-Etch,96.73,1,None,91.159,119.07,253.36,51.95,119.57,451.67,2024-02-07 13:00:00
WF_003582,BATCH_012,MACH_005,Post-Etch,98.69,0,None,89.886,118.91,245.64,50.17,120.24,439.37,2024-02-07 13:15:00
WF_003583,BATCH_039,MACH_001,Post-Etch,96.94,1,None,90.084,119.5,252.44,48.96,118.51,434.99,2024-02-07 13:30:00
WF_003584,BATCH_049,MACH_005,Post-Etch,97.6,1,None,89.432,117.98,249.09,49.17,121.05,440.47,2024-02-07 13:45:00
WF_003585,BATCH_030,MACH_002,Post-Etch,89.76,5,Micro-crack,89.093,118.87,244.88,49.12,121.41,428.35,2024-02-07 14:00:00
WF_003586,BATCH_006,MACH_001,Post-Etch,95.7,2,None,90.232,117.35,254.31,50.19,120.63,447.47,2024-02-07 14:15:00
WF_003587,BATCH_013,MACH_003,Post-Etch,95.0,2,None,89.466,118.92,230.19,51.17,120.79,444.94,2024-02-07 14:30:00
WF_003588,BATCH_050,MACH_001,Post-Etch,95.45,2,None,90.478,123.18,253.27,50.77,120.07,446.87,2024-02-07 14:45:00
WF_003589,BATCH_018,MACH_003,Post-Etch,90.27,5,Etch Pit,88.122,122.78,241.17,46.65,120.76,462.87,2024-02-07 15:00:00
WF_003590,BATCH_011,MACH_005,Post-Etch,89.39,5,Photoresist Residue,87.718,117.22,251.04,44.51,118.89,455.32,2024-02-07 15:15:00
WF_003591,BATCH_049,MACH_003,Post-Etch,97.71,1,None,89.41,115.15,251.09,49.89,120.8,442.27,2024-02-07 15:30:00
WF_003592,BATCH_045,MACH_001,Post-Etch,95.88,2,None,90.273,117.02,245.68,51.34,118.88,471.61,2024-02-07 15:45:00
WF_003593,BATCH_040,MACH_004,Post-Etch,95.3,2,None,88.864,122.04,239.27,49.54,120.74,446.78,2024-02-07 16:00:00
WF_003594,BATCH_005,MACH_002,Post-Etch,93.36,3,None,91.88,118.84,258.05,53.1,120.17,456.83,2024-02-07 16:15:00
WF_003595,BATCH_021,MACH_005,Post-Etch,94.34,3,None,91.557,119.77,249.18,52.83,120.56,452.33,2024-02-07 16:30:00
WF_003596,BATCH_020,MACH_003,Post-Etch,98.71,0,None,89.858,122.79,243.69,49.17,119.59,445.59,2024-02-07 16:45:00
WF_003597,BATCH_004,MACH_004,Post-Etch,92.43,4,Pattern Distortion,91.086,119.36,258.33,51.69,118.66,473.63,2024-02-07 17:00:00
WF_003598,BATCH_026,MACH_003,Post-Etch,89.83,5,Pattern Distortion,90.439,116.68,236.67,53.54,119.03,445.12,2024-02-07 17:15:00
WF_003599,BATCH_001,MACH_002,Post-Etch,92.25,4,Micro-crack,90.96,121.15,249.49,52.35,120.21,442.18,2024-02-07 17:30:00
WF_003600,BATCH_004,MACH_005,Post-Etch,94.97,2,None,90.863,115.85,242.48,53.59,121.38,447.23,2024-02-07 17:45:00
WF_003601,BATCH_009,MACH_005,Post-Etch,95.32,2,None,88.884,120.07,247.13,47.57,119.18,431.72,2024-02-07 18:00:00
WF_003602,BATCH_020,MACH_003,Post-Etch,89.52,5,Photoresist Residue,87.682,119.72,251.4,43.61,118.96,461.37,2024-02-07 18:15:00
WF_003603,BATCH_037,MACH_003,Post-Etch,93.03,4,Pattern Distortion,91.086,120.09,259.3,52.13,120.54,451.0,2024-02-07 18:30:00
WF_003604,BATCH_045,MACH_003,Post-Etch,94.99,2,None,90.261,116.61,247.29,51.3,120.81,450.0,2024-02-07 18:45:00
WF_003605,BATCH_030,MACH_003,Post-Etch,96.57,1,None,89.523,120.88,250.78,49.39,119.4,444.62,2024-02-07 19:00:00
WF_003606,BATCH_007,MACH_002,Post-Etch,95.01,2,None,89.289,122.24,243.81,50.11,120.04,448.12,2024-02-07 19:15:00
WF_003607,BATCH_007,MACH_005,Post-Etch,99.0,0,None,90.269,119.08,253.46,50.68,120.23,451.19,2024-02-07 19:30:00
WF_003608,BATCH_043,MACH_002,Post-Etch,90.17,5,Etch Pit,91.986,116.69,257.84,54.07,120.87,461.52,2024-02-07 19:45:00
WF_003609,BATCH_017,MACH_004,Post-Etch,96.39,1,None,90.059,115.01,241.45,50.27,118.22,453.94,2024-02-07 20:00:00
WF_003610,BATCH_026,MACH_002,Post-Etch,80.98,10,Etch Pit,94.092,120.61,252.46,59.84,121.15,457.27,2024-02-07 20:15:00
WF_003611,BATCH_012,MACH_005,Post-Etch,94.65,3,None,89.616,118.76,243.33,50.24,119.31,457.89,2024-02-07 20:30:00
WF_003612,BATCH_029,MACH_005,Post-Etch,91.28,4,Micro-crack,88.531,121.53,246.18,47.38,120.12,458.65,2024-02-07 20:45:00
WF_003613,BATCH_020,MACH_002,Post-Etch,90.5,5,Photoresist Residue,91.671,121.34,254.28,53.19,121.22,452.04,2024-02-07 21:00:00
WF_003614,BATCH_004,MACH_002,Post-Etch,87.92,6,Etch Pit,91.21,116.44,249.73,52.73,120.33,453.06,2024-02-07 21:15:00
WF_003615,BATCH_025,MACH_002,Post-Etch,88.15,6,Pattern Distortion,91.976,122.0,247.01,56.05,118.42,438.06,2024-02-07 21:30:00
WF_003616,BATCH_028,MACH_003,Post-Etch,96.41,1,None,90.099,119.58,246.74,50.39,120.73,464.09,2024-02-07 21:45:00
WF_003617,BATCH_011,MACH_002,Post-Etch,85.13,8,Micro-crack,93.998,120.2,263.72,58.77,119.82,442.07,2024-02-07 22:00:00
WF_003618,BATCH_032,MACH_002,Post-Etch,99.0,0,None,90.218,119.46,250.79,50.84,120.46,440.57,2024-02-07 22:15:00
WF_003619,BATCH_022,MACH_001,Post-Etch,92.14,4,Photoresist Residue,88.594,122.49,252.65,46.52,120.36,447.0,2024-02-07 22:30:00
WF_003620,BATCH_043,MACH_005,Post-Etch,97.07,1,None,90.909,121.91,247.4,51.19,120.25,468.54,2024-02-07 22:45:00
WF_003621,BATCH_044,MACH_005,Post-Etch,91.91,4,Contamination,89.931,119.6,251.36,50.86,119.83,462.72,2024-02-07 23:00:00
WF_003622,BATCH_013,MACH_005,Post-Etch,97.35,1,None,90.472,122.49,251.86,51.75,119.4,452.63,2024-02-07 23:15:00
WF_003623,BATCH_019,MACH_004,Post-Etch,95.48,2,None,91.019,119.01,249.44,51.52,119.93,460.68,2024-02-07 23:30:00
WF_003624,BATCH_015,MACH_002,Post-Etch,92.25,4,Contamination,91.395,115.47,239.3,54.0,118.47,441.68,2024-02-07 23:45:00
WF_003625,BATCH_013,MACH_002,Post-Etch,80.4,10,Contamination,92.951,122.37,248.75,57.65,119.08,439.57,2024-02-08 00:00:00
WF_003626,BATCH_007,MACH_002,Post-Etch,89.72,5,Etch Pit,91.215,115.73,238.5,55.5,119.01,440.17,2024-02-08 00:15:00
WF_003627,BATCH_010,MACH_003,Post-Etch,95.16,2,None,88.503,121.46,249.7,45.83,118.9,464.91,2024-02-08 00:30:00
WF_003628,BATCH_045,MACH_005,Post-Etch,95.01,2,None,90.505,120.69,251.96,51.02,121.49,457.69,2024-02-08 00:45:00
WF_003629,BATCH_005,MACH_004,Post-Etch,91.7,4,Contamination,90.3,119.83,251.59,50.04,121.46,461.64,2024-02-08 01:00:00
WF_003630,BATCH_033,MACH_003,Post-Etch,94.62,2,None,90.137,120.64,255.27,49.85,118.16,457.55,2024-02-08 01:15:00
WF_003631,BATCH_006,MACH_003,Post-Etch,91.99,4,Contamination,89.414,116.63,248.46,49.02,120.67,461.67,2024-02-08 01:30:00
WF_003632,BATCH_001,MACH_005,Post-Etch,91.56,4,Micro-crack,91.208,118.44,258.15,52.75,121.44,443.68,2024-02-08 01:45:00
WF_003633,BATCH_041,MACH_002,Post-Etch,93.22,3,None,91.107,124.77,257.16,52.37,119.76,462.77,2024-02-08 02:00:00
WF_003634,BATCH_030,MACH_001,Post-Etch,93.67,3,None,89.228,116.37,251.49,48.98,119.34,457.65,2024-02-08 02:15:00
WF_003635,BATCH_039,MACH_004,Post-Etch,97.35,1,None,89.401,116.45,250.71,46.98,118.75,454.74,2024-02-08 02:30:00
WF_003636,BATCH_034,MACH_002,Post-Etch,97.31,1,None,90.287,119.59,249.3,51.82,119.6,447.04,2024-02-08 02:45:00
WF_003637,BATCH_031,MACH_002,Post-Etch,94.57,3,None,91.274,115.03,250.24,53.68,119.4,435.85,2024-02-08 03:00:00
WF_003638,BATCH_035,MACH_004,Post-Etch,95.18,3,None,89.387,115.37,241.02,50.17,120.65,435.25,2024-02-08 03:15:00
WF_003639,BATCH_017,MACH_004,Post-Etch,89.92,5,Pattern Distortion,88.595,121.26,253.06,46.61,119.99,446.43,2024-02-08 03:30:00
WF_003640,BATCH_042,MACH_004,Post-Etch,92.65,4,Pattern Distortion,88.577,124.42,248.23,47.77,120.47,450.38,2024-02-08 03:45:00
WF_003641,BATCH_001,MACH_004,Post-Etch,94.18,3,None,89.83,124.15,239.89,50.77,119.83,455.61,2024-02-08 04:00:00
WF_003642,BATCH_015,MACH_002,Post-Etch,83.69,8,Micro-crack,92.858,118.82,239.61,58.77,118.99,456.16,2024-02-08 04:15:00
WF_003643,BATCH_049,MACH_001,Post-Etch,88.12,6,Micro-crack,92.326,122.86,259.06,55.25,119.89,443.96,2024-02-08 04:30:00
WF_003644,BATCH_030,MACH_003,Post-Etch,89.33,5,Contamination,88.043,124.36,239.21,47.3,120.7,439.79,2024-02-08 04:45:00
WF_003645,BATCH_031,MACH_003,Post-Etch,89.92,5,Pattern Distortion,88.847,117.69,255.82,47.25,120.61,454.4,2024-02-08 05:00:00
WF_003646,BATCH_009,MACH_004,Post-Etch,97.2,1,None,89.726,124.54,246.66,50.28,119.25,447.32,2024-02-08 05:15:00
WF_003647,BATCH_011,MACH_001,Post-Etch,95.86,2,None,90.244,122.43,251.05,48.86,119.07,449.19,2024-02-08 05:30:00
WF_003648,BATCH_026,MACH_001,Post-Etch,97.04,1,None,90.254,117.53,241.4,52.04,119.24,446.35,2024-02-08 05:45:00
WF_003649,BATCH_025,MACH_003,Post-Etch,90.08,5,Pattern Distortion,89.085,118.13,247.96,47.28,120.45,439.65,2024-02-08 06:00:00
WF_003650,BATCH_014,MACH_001,Post-Etch,95.59,2,None,89.843,115.97,245.06,48.79,121.24,436.47,2024-02-08 06:15:00
WF_003651,BATCH_006,MACH_005,Post-Etch,94.4,3,None,89.042,119.97,250.91,47.67,120.22,441.7,2024-02-08 06:30:00
WF_003652,BATCH_003,MACH_004,Post-Etch,98.12,1,None,90.848,117.99,256.47,50.95,118.24,437.15,2024-02-08 06:45:00
WF_003653,BATCH_044,MACH_001,Post-Etch,97.32,1,None,90.38,116.82,250.69,49.69,119.71,448.89,2024-02-08 07:00:00
WF_003654,BATCH_018,MACH_003,Post-Etch,91.68,4,Contamination,89.73,116.23,249.44,49.6,118.21,457.49,2024-02-08 07:15:00
WF_003655,BATCH_014,MACH_005,Post-Etch,95.49,2,None,90.478,119.89,245.68,52.45,119.95,463.88,2024-02-08 07:30:00
WF_003656,BATCH_015,MACH_004,Post-Etch,97.43,1,None,90.614,116.2,249.65,50.69,118.92,463.71,2024-02-08 07:45:00
WF_003657,BATCH_047,MACH_003,Post-Etch,93.68,3,None,90.045,117.89,251.57,49.16,121.41,456.31,2024-02-08 08:00:00
WF_003658,BATCH_022,MACH_002,Post-Etch,94.2,2,None,91.41,117.61,239.08,54.45,119.52,466.17,2024-02-08 08:15:00
WF_003659,BATCH_020,MACH_001,Post-Etch,95.87,2,None,89.987,121.89,249.91,50.22,121.31,432.8,2024-02-08 08:30:00
WF_003660,BATCH_049,MACH_001,Post-Etch,95.78,2,None,90.469,123.68,259.57,50.41,120.75,441.93,2024-02-08 08:45:00
WF_003661,BATCH_005,MACH_001,Post-Etch,89.95,5,Pattern Distortion,90.952,122.67,249.24,51.69,119.96,450.38,2024-02-08 09:00:00
WF_003662,BATCH_027,MACH_001,Post-Etch,95.28,2,None,90.11,124.25,248.84,49.69,118.24,445.39,2024-02-08 09:15:00
WF_003663,BATCH_032,MACH_002,Post-Etch,92.98,3,None,91.748,120.3,242.24,55.03,121.1,438.54,2024-02-08 09:30:00
WF_003664,BATCH_046,MACH_001,Post-Etch,99.0,0,None,89.781,119.05,244.1,50.89,121.46,442.93,2024-02-08 09:45:00
WF_003665,BATCH_041,MACH_002,Post-Etch,96.36,2,None,90.82,121.61,255.06,51.79,120.14,460.8,2024-02-08 10:00:00
WF_003666,BATCH_035,MACH_003,Post-Etch,98.72,0,None,90.497,124.37,253.33,50.37,119.82,443.82,2024-02-08 10:15:00
WF_003667,BATCH_006,MACH_004,Post-Etch,97.22,1,None,89.497,117.24,248.26,50.47,119.03,446.93,2024-02-08 10:30:00
WF_003668,BATCH_034,MACH_001,Post-Etch,87.54,6,Pattern Distortion,89.629,124.3,241.13,49.68,121.15,445.68,2024-02-08 10:45:00
WF_003669,BATCH_018,MACH_003,Post-Etch,88.2,6,Etch Pit,92.641,120.86,250.93,54.22,119.49,462.82,2024-02-08 11:00:00
WF_003670,BATCH_003,MACH_002,Post-Etch,90.21,5,Etch Pit,90.915,118.83,241.94,53.21,121.22,451.68,2024-02-08 11:15:00
WF_003671,BATCH_050,MACH_005,Post-Etch,96.89,1,None,91.225,123.68,243.68,52.88,119.45,451.99,2024-02-08 11:30:00
WF_003672,BATCH_022,MACH_004,Post-Etch,97.75,1,None,89.983,117.06,250.69,50.9,118.87,449.19,2024-02-08 11:45:00
WF_003673,BATCH_019,MACH_002,Post-Etch,90.02,5,Etch Pit,91.757,119.01,244.63,53.82,119.57,458.04,2024-02-08 12:00:00
WF_003674,BATCH_015,MACH_004,Post-Etch,90.13,5,Etch Pit,91.344,124.82,257.31,51.95,119.19,456.19,2024-02-08 12:15:00
WF_003675,BATCH_014,MACH_002,Post-Etch,89.86,5,Photoresist Residue,92.636,124.73,247.58,56.51,120.66,448.55,2024-02-08 12:30:00
WF_003676,BATCH_027,MACH_004,Post-Etch,93.6,3,None,89.469,115.39,252.96,46.84,120.33,435.12,2024-02-08 12:45:00
WF_003677,BATCH_048,MACH_003,Post-Etch,93.39,3,None,89.174,121.36,250.63,48.55,119.67,429.96,2024-02-08 13:00:00
WF_003678,BATCH_034,MACH_002,Post-Etch,92.08,4,Pattern Distortion,92.395,122.68,250.57,56.58,119.8,453.0,2024-02-08 13:15:00
WF_003679,BATCH_003,MACH_005,Post-Etch,93.43,3,None,89.258,119.16,253.7,47.94,123.17,457.86,2024-02-08 13:30:00
WF_003680,BATCH_043,MACH_005,Post-Etch,92.35,3,None,89.584,116.33,239.13,49.92,119.34,453.22,2024-02-08 13:45:00
WF_003681,BATCH_029,MACH_003,Post-Etch,97.36,1,None,90.936,118.69,256.39,51.76,119.98,452.88,2024-02-08 14:00:00
WF_003682,BATCH_033,MACH_003,Post-Etch,96.8,1,None,89.698,117.5,250.76,49.94,121.32,440.4,2024-02-08 14:15:00
WF_003683,BATCH_047,MACH_005,Post-Etch,93.52,3,None,91.522,120.99,246.13,53.54,121.23,451.19,2024-02-08 14:30:00
WF_003684,BATCH_046,MACH_001,Post-Etch,89.18,5,Pattern Distortion,87.64,119.03,257.9,43.94,119.36,459.71,2024-02-08 14:45:00
WF_003685,BATCH_033,MACH_001,Post-Etch,93.26,3,None,90.723,122.13,237.05,52.93,120.08,441.92,2024-02-08 15:00:00
WF_003686,BATCH_033,MACH_002,Post-Etch,91.87,4,Etch Pit,91.64,120.47,246.02,54.55,120.48,469.14,2024-02-08 15:15:00
WF_003687,BATCH_026,MACH_003,Post-Etch,90.66,5,Photoresist Residue,91.86,122.48,256.22,53.67,119.3,441.83,2024-02-08 15:30:00
WF_003688,BATCH_026,MACH_001,Post-Etch,95.57,2,None,89.684,116.15,245.89,50.87,119.48,460.17,2024-02-08 15:45:00
WF_003689,BATCH_031,MACH_005,Post-Etch,95.38,2,None,90.128,119.48,254.02,49.16,119.91,431.63,2024-02-08 16:00:00
WF_003690,BATCH_004,MACH_001,Post-Etch,93.54,3,None,90.079,118.87,257.86,48.67,118.3,459.6,2024-02-08 16:15:00
WF_003691,BATCH_007,MACH_003,Post-Etch,95.79,2,None,90.394,122.91,257.68,50.12,120.87,454.29,2024-02-08 16:30:00
WF_003692,BATCH_045,MACH_005,Post-Etch,95.47,2,None,90.486,116.96,261.23,49.94,121.12,431.83,2024-02-08 16:45:00
WF_003693,BATCH_001,MACH_005,Post-Etch,95.08,2,None,88.766,123.53,249.02,47.24,120.54,443.47,2024-02-08 17:00:00
WF_003694,BATCH_046,MACH_005,Post-Etch,96.72,1,None,90.122,121.64,245.72,51.83,120.01,448.05,2024-02-08 17:15:00
WF_003695,BATCH_029,MACH_004,Post-Etch,93.53,3,None,90.268,117.28,256.26,49.76,120.53,427.64,2024-02-08 17:30:00
WF_003696,BATCH_019,MACH_003,Post-Etch,95.51,2,None,90.731,116.4,257.95,50.62,119.09,434.25,2024-02-08 17:45:00
WF_003697,BATCH_013,MACH_004,Post-Etch,94.56,2,None,89.469,122.63,246.31,48.98,119.54,455.63,2024-02-08 18:00:00
WF_003698,BATCH_032,MACH_001,Post-Etch,95.28,2,None,88.489,118.54,256.01,46.8,121.5,450.98,2024-02-08 18:15:00
WF_003699,BATCH_004,MACH_002,Post-Etch,91.89,4,Photoresist Residue,90.766,124.84,249.17,51.97,120.71,438.53,2024-02-08 18:30:00
WF_003700,BATCH_024,MACH_003,Post-Etch,91.59,4,Contamination,88.501,119.51,255.73,45.08,118.4,437.99,2024-02-08 18:45:00
WF_003701,BATCH_033,MACH_005,Post-Etch,90.86,4,Etch Pit,90.938,117.51,249.09,51.1,118.85,451.25,2024-02-08 19:00:00
WF_003702,BATCH_020,MACH_001,Post-Etch,99.0,0,None,90.035,124.99,248.42,50.98,120.0,456.12,2024-02-08 19:15:00
WF_003703,BATCH_014,MACH_003,Post-Etch,97.12,1,None,89.7,122.89,251.0,49.65,119.74,461.71,2024-02-08 19:30:00
WF_003704,BATCH_041,MACH_003,Post-Etch,95.53,2,None,89.607,118.21,246.07,49.69,120.5,446.23,2024-02-08 19:45:00
WF_003705,BATCH_049,MACH_004,Post-Etch,88.86,6,Pattern Distortion,88.446,122.23,248.4,47.83,121.3,440.56,2024-02-08 20:00:00
WF_003706,BATCH_049,MACH_004,Post-Etch,91.05,5,Etch Pit,91.467,116.27,250.03,52.42,122.91,443.94,2024-02-08 20:15:00
WF_003707,BATCH_042,MACH_002,Post-Etch,94.23,3,None,90.988,122.24,254.6,51.57,118.72,460.13,2024-02-08 20:30:00
WF_003708,BATCH_010,MACH_004,Post-Etch,91.87,4,Photoresist Residue,92.243,121.88,245.76,56.69,121.3,442.84,2024-02-08 20:45:00
WF_003709,BATCH_048,MACH_005,Post-Etch,95.4,2,None,90.413,118.48,247.57,52.08,121.16,462.09,2024-02-08 21:00:00
WF_003710,BATCH_044,MACH_002,Post-Etch,89.86,5,Contamination,92.098,123.06,255.59,55.19,119.04,443.96,2024-02-08 21:15:00
WF_003711,BATCH_034,MACH_003,Post-Etch,92.06,4,Photoresist Residue,88.676,122.68,247.89,47.12,120.06,466.2,2024-02-08 21:30:00
WF_003712,BATCH_031,MACH_001,Post-Etch,93.76,3,None,88.731,119.17,249.04,47.87,119.96,434.63,2024-02-08 21:45:00
WF_003713,BATCH_025,MACH_003,Post-Etch,92.23,4,Photoresist Residue,88.786,122.73,254.98,46.77,119.85,441.54,2024-02-08 22:00:00
WF_003714,BATCH_050,MACH_002,Post-Etch,90.6,5,Photoresist Residue,90.802,118.63,261.41,50.78,120.31,447.33,2024-02-08 22:15:00
WF_003715,BATCH_012,MACH_004,Post-Etch,93.99,3,None,89.959,123.46,252.02,50.68,118.14,439.85,2024-02-08 22:30:00
WF_003716,BATCH_042,MACH_004,Post-Etch,95.7,2,None,89.244,119.01,252.59,46.79,120.03,458.62,2024-02-08 22:45:00
WF_003717,BATCH_003,MACH_005,Post-Etch,99.0,0,None,89.605,116.56,257.26,47.61,119.6,465.03,2024-02-08 23:00:00
WF_003718,BATCH_025,MACH_004,Post-Etch,88.13,6,Contamination,91.743,118.61,259.75,51.99,120.18,430.16,2024-02-08 23:15:00
WF_003719,BATCH_011,MACH_003,Post-Etch,94.92,2,None,88.978,121.29,248.27,49.06,120.55,446.56,2024-02-08 23:30:00
WF_003720,BATCH_005,MACH_001,Post-Etch,96.84,1,None,91.29,123.86,252.79,53.19,121.29,440.81,2024-02-08 23:45:00
WF_003721,BATCH_040,MACH_005,Post-Etch,95.34,2,None,90.309,124.98,252.15,49.86,119.41,453.14,2024-02-09 00:00:00
WF_003722,BATCH_015,MACH_002,Post-Etch,93.09,3,None,90.59,116.09,254.15,51.11,122.17,447.6,2024-02-09 00:15:00
WF_003723,BATCH_039,MACH_005,Post-Etch,95.36,2,None,89.328,115.1,247.9,47.84,120.56,456.9,2024-02-09 00:30:00
WF_003724,BATCH_010,MACH_002,Post-Etch,97.15,1,None,90.486,117.57,254.25,49.47,119.44,451.48,2024-02-09 00:45:00
WF_003725,BATCH_005,MACH_004,Post-Etch,97.06,1,None,89.78,122.05,248.49,50.99,121.43,464.04,2024-02-09 01:00:00
WF_003726,BATCH_025,MACH_005,Post-Etch,96.92,1,None,90.641,121.47,254.89,52.31,119.75,455.52,2024-02-09 01:15:00
WF_003727,BATCH_048,MACH_002,Post-Etch,91.66,4,Contamination,92.138,120.22,252.1,54.74,120.57,449.41,2024-02-09 01:30:00
WF_003728,BATCH_001,MACH_003,Post-Etch,99.0,0,None,90.034,117.89,251.52,50.71,120.79,455.69,2024-02-09 01:45:00
WF_003729,BATCH_044,MACH_001,Post-Etch,95.43,2,None,89.859,117.7,246.64,50.43,119.75,445.71,2024-02-09 02:00:00
WF_003730,BATCH_012,MACH_003,Post-Etch,92.08,4,Pattern Distortion,88.65,120.3,249.85,47.34,120.86,451.77,2024-02-09 02:15:00
WF_003731,BATCH_033,MACH_005,Post-Etch,93.24,3,None,90.965,119.02,254.31,51.31,119.28,439.93,2024-02-09 02:30:00
WF_003732,BATCH_039,MACH_003,Post-Etch,95.77,2,None,91.19,117.44,252.52,51.4,120.76,459.7,2024-02-09 02:45:00
WF_003733,BATCH_013,MACH_001,Post-Etch,93.92,3,None,90.014,116.48,246.6,49.36,121.12,434.12,2024-02-09 03:00:00
WF_003734,BATCH_049,MACH_004,Post-Etch,89.13,5,Photoresist Residue,90.699,120.52,245.45,51.68,120.4,449.5,2024-02-09 03:15:00
WF_003735,BATCH_037,MACH_002,Post-Etch,93.06,3,None,90.23,124.07,241.34,53.51,119.94,452.93,2024-02-09 03:30:00
WF_003736,BATCH_003,MACH_002,Post-Etch,95.36,2,None,91.043,115.47,256.12,51.56,119.9,451.85,2024-02-09 03:45:00
WF_003737,BATCH_027,MACH_003,Post-Etch,94.08,3,None,88.924,118.84,248.22,46.8,118.42,459.94,2024-02-09 04:00:00
WF_003738,BATCH_015,MACH_001,Post-Etch,95.38,2,None,90.391,115.23,247.98,50.46,119.22,461.7,2024-02-09 04:15:00
WF_003739,BATCH_011,MACH_005,Post-Etch,91.65,4,Contamination,89.239,116.66,249.27,49.1,118.41,451.71,2024-02-09 04:30:00
WF_003740,BATCH_038,MACH_004,Post-Etch,94.85,2,None,89.468,116.16,251.32,47.71,119.22,435.88,2024-02-09 04:45:00
WF_003741,BATCH_030,MACH_004,Post-Etch,97.86,1,None,90.072,121.49,252.48,50.08,119.97,455.83,2024-02-09 05:00:00
WF_003742,BATCH_003,MACH_003,Post-Etch,95.68,2,None,90.775,117.58,258.5,50.55,120.18,459.82,2024-02-09 05:15:00
WF_003743,BATCH_014,MACH_003,Post-Etch,95.51,2,None,90.714,121.99,243.73,53.37,119.37,455.97,2024-02-09 05:30:00
WF_003744,BATCH_043,MACH_001,Post-Etch,97.11,1,None,90.978,117.97,250.26,52.93,121.07,446.4,2024-02-09 05:45:00
WF_003745,BATCH_005,MACH_002,Post-Etch,94.12,3,None,90.306,116.45,255.43,49.74,121.88,431.0,2024-02-09 06:00:00
WF_003746,BATCH_004,MACH_005,Post-Etch,96.08,2,None,89.897,124.07,248.16,49.06,119.74,448.14,2024-02-09 06:15:00
WF_003747,BATCH_036,MACH_004,Post-Etch,90.9,4,Etch Pit,91.111,118.25,252.88,51.22,119.89,431.23,2024-02-09 06:30:00
WF_003748,BATCH_029,MACH_002,Post-Etch,86.53,7,Etch Pit,92.445,119.16,255.72,54.16,121.48,452.51,2024-02-09 06:45:00
WF_003749,BATCH_007,MACH_003,Post-Etch,94.94,2,None,89.828,123.41,259.43,48.2,120.62,453.21,2024-02-09 07:00:00
WF_003750,BATCH_032,MACH_005,Post-Etch,94.92,2,None,89.736,122.13,248.01,50.69,119.15,442.89,2024-02-09 07:15:00
WF_003751,BATCH_008,MACH_001,Post-Etch,93.99,3,None,90.689,122.48,252.46,49.38,119.8,463.74,2024-02-09 07:30:00
WF_003752,BATCH_031,MACH_001,Post-Etch,96.71,1,None,90.951,123.32,251.33,51.23,120.81,453.56,2024-02-09 07:45:00
WF_003753,BATCH_017,MACH_004,Post-Etch,90.16,5,Micro-crack,87.988,117.95,244.09,46.43,119.01,460.88,2024-02-09 08:00:00
WF_003754,BATCH_014,MACH_005,Post-Etch,95.9,2,None,90.346,122.0,255.68,49.93,119.93,445.01,2024-02-09 08:15:00
WF_003755,BATCH_008,MACH_004,Post-Etch,98.84,0,None,89.879,117.67,242.27,51.42,120.77,457.74,2024-02-09 08:30:00
WF_003756,BATCH_020,MACH_001,Post-Etch,92.73,3,None,89.011,119.04,248.67,47.62,119.93,454.6,2024-02-09 08:45:00
WF_003757,BATCH_015,MACH_004,Post-Etch,99.0,0,None,89.685,120.88,251.65,48.35,119.22,418.64,2024-02-09 09:00:00
WF_003758,BATCH_021,MACH_002,Post-Etch,93.85,3,None,92.506,121.92,249.29,57.33,117.6,436.54,2024-02-09 09:15:00
WF_003759,BATCH_030,MACH_001,Post-Etch,97.56,1,None,90.331,118.53,252.44,50.57,119.55,457.98,2024-02-09 09:30:00
WF_003760,BATCH_047,MACH_001,Post-Etch,96.64,1,None,90.518,120.57,255.48,50.99,122.49,442.62,2024-02-09 09:45:00
WF_003761,BATCH_004,MACH_005,Post-Etch,93.99,3,None,90.769,117.45,247.46,50.62,121.89,425.11,2024-02-09 10:00:00
WF_003762,BATCH_002,MACH_004,Post-Etch,93.37,3,None,89.663,117.12,252.17,49.31,119.24,447.25,2024-02-09 10:15:00
WF_003763,BATCH_006,MACH_003,Post-Etch,94.81,2,None,91.012,123.18,247.03,52.1,119.05,459.2,2024-02-09 10:30:00
WF_003764,BATCH_021,MACH_005,Post-Etch,97.45,1,None,90.664,122.87,249.88,52.07,121.66,453.63,2024-02-09 10:45:00
WF_003765,BATCH_022,MACH_003,Post-Etch,93.2,3,None,89.881,117.39,246.9,50.25,120.46,428.95,2024-02-09 11:00:00
WF_003766,BATCH_001,MACH_002,Post-Etch,93.38,3,None,91.727,116.72,254.31,53.76,119.48,460.7,2024-02-09 11:15:00
WF_003767,BATCH_014,MACH_004,Post-Etch,92.47,3,None,88.684,120.3,248.27,48.01,120.31,454.52,2024-02-09 11:30:00
WF_003768,BATCH_002,MACH_003,Post-Etch,96.45,2,None,90.053,119.39,259.28,49.28,120.02,436.74,2024-02-09 11:45:00
WF_003769,BATCH_044,MACH_001,Post-Etch,98.98,0,None,89.449,117.55,240.51,48.9,118.3,473.01,2024-02-09 12:00:00
WF_003770,BATCH_048,MACH_001,Post-Etch,95.29,2,None,90.452,117.53,249.49,50.73,118.34,449.37,2024-02-09 12:15:00
WF_003771,BATCH_035,MACH_001,Post-Etch,94.82,2,None,90.31,124.16,252.14,49.31,120.79,450.89,2024-02-09 12:30:00
WF_003772,BATCH_027,MACH_001,Post-Etch,97.9,1,None,90.994,120.63,261.9,50.27,121.02,459.64,2024-02-09 12:45:00
WF_003773,BATCH_006,MACH_004,Post-Etch,93.66,3,None,91.066,120.03,257.15,51.54,120.62,447.67,2024-02-09 13:00:00
WF_003774,BATCH_049,MACH_002,Post-Etch,89.77,5,Photoresist Residue,91.034,116.52,252.31,52.1,119.68,452.82,2024-02-09 13:15:00
WF_003775,BATCH_039,MACH_004,Post-Etch,89.43,5,Contamination,90.681,115.89,250.11,51.22,119.95,467.68,2024-02-09 13:30:00
WF_003776,BATCH_029,MACH_005,Post-Etch,96.29,1,None,90.554,116.34,249.53,52.51,120.88,463.23,2024-02-09 13:45:00
WF_003777,BATCH_027,MACH_004,Post-Etch,87.58,6,Contamination,92.441,115.16,258.75,53.71,120.86,459.05,2024-02-09 14:00:00
WF_003778,BATCH_010,MACH_004,Post-Etch,91.44,4,Photoresist Residue,89.994,117.42,257.06,49.93,119.83,442.64,2024-02-09 14:15:00
WF_003779,BATCH_028,MACH_005,Post-Etch,96.11,2,None,90.64,117.16,252.83,50.75,118.95,442.96,2024-02-09 14:30:00
WF_003780,BATCH_041,MACH_005,Post-Etch,95.24,2,None,90.126,121.36,252.07,49.8,119.72,444.25,2024-02-09 14:45:00
WF_003781,BATCH_031,MACH_003,Post-Etch,92.99,4,Pattern Distortion,90.776,118.79,247.6,51.72,121.65,469.33,2024-02-09 15:00:00
WF_003782,BATCH_041,MACH_001,Post-Etch,96.03,2,None,90.289,117.48,255.79,49.94,117.7,447.35,2024-02-09 15:15:00
WF_003783,BATCH_025,MACH_002,Post-Etch,92.74,3,None,91.172,123.38,250.85,53.12,120.55,455.2,2024-02-09 15:30:00
WF_003784,BATCH_032,MACH_003,Post-Etch,96.99,1,None,91.19,122.14,241.53,52.64,118.27,442.27,2024-02-09 15:45:00
WF_003785,BATCH_022,MACH_003,Post-Etch,95.29,2,None,89.963,116.72,251.68,50.08,120.92,438.57,2024-02-09 16:00:00
WF_003786,BATCH_026,MACH_003,Post-Etch,93.65,3,None,88.749,118.51,246.86,48.55,120.18,459.07,2024-02-09 16:15:00
WF_003787,BATCH_033,MACH_005,Post-Etch,97.29,1,None,89.446,116.87,248.61,49.25,120.47,446.74,2024-02-09 16:30:00
WF_003788,BATCH_001,MACH_001,Post-Etch,93.42,3,None,89.724,115.66,253.92,49.6,119.61,443.17,2024-02-09 16:45:00
WF_003789,BATCH_026,MACH_004,Post-Etch,98.7,0,None,89.979,122.06,261.7,48.43,118.38,466.94,2024-02-09 17:00:00
WF_003790,BATCH_025,MACH_005,Post-Etch,93.35,3,None,89.919,124.08,254.47,49.68,119.58,446.07,2024-02-09 17:15:00
WF_003791,BATCH_017,MACH_004,Post-Etch,92.1,4,Photoresist Residue,91.136,124.28,259.71,50.99,120.57,446.68,2024-02-09 17:30:00
WF_003792,BATCH_035,MACH_004,Post-Etch,94.13,3,None,90.601,119.26,250.64,50.24,119.54,455.44,2024-02-09 17:45:00
WF_003793,BATCH_039,MACH_002,Post-Etch,93.3,3,None,91.596,122.44,244.27,55.47,119.65,455.02,2024-02-09 18:00:00
WF_003794,BATCH_006,MACH_004,Post-Etch,97.75,1,None,89.62,124.61,251.58,49.19,120.3,471.0,2024-02-09 18:15:00
WF_003795,BATCH_036,MACH_001,Post-Etch,94.22,3,None,89.527,123.61,251.06,49.25,119.4,429.32,2024-02-09 18:30:00
WF_003796,BATCH_040,MACH_002,Post-Etch,93.18,3,None,91.307,122.49,251.01,53.07,119.27,462.25,2024-02-09 18:45:00
WF_003797,BATCH_021,MACH_004,Post-Etch,93.82,3,None,90.702,124.84,248.91,51.59,120.43,431.07,2024-02-09 19:00:00
WF_003798,BATCH_019,MACH_005,Post-Etch,92.33,4,Pattern Distortion,91.335,116.26,254.61,52.91,119.18,446.08,2024-02-09 19:15:00
WF_003799,BATCH_022,MACH_002,Post-Etch,86.86,6,Photoresist Residue,91.198,122.85,251.83,52.6,120.02,460.29,2024-02-09 19:30:00
WF_003800,BATCH_030,MACH_004,Post-Etch,99.0,0,None,89.597,123.35,247.82,49.57,120.57,465.68,2024-02-09 19:45:00
WF_003801,BATCH_021,MACH_004,Post-Etch,99.0,0,None,90.051,118.62,249.9,50.23,120.61,445.03,2024-02-09 20:00:00
WF_003802,BATCH_006,MACH_002,Post-Etch,90.55,5,Contamination,92.303,123.66,249.35,55.53,119.39,436.2,2024-02-09 20:15:00
WF_003803,BATCH_044,MACH_002,Post-Etch,92.41,4,Photoresist Residue,90.675,121.56,244.84,51.3,120.39,454.98,2024-02-09 20:30:00
WF_003804,BATCH_002,MACH_005,Post-Etch,95.33,2,None,89.427,119.45,249.87,48.23,120.09,458.36,2024-02-09 20:45:00
WF_003805,BATCH_038,MACH_005,Post-Etch,97.26,1,None,88.977,118.7,252.49,47.09,121.04,449.03,2024-02-09 21:00:00
WF_003806,BATCH_037,MACH_001,Post-Etch,95.04,2,None,88.848,115.67,246.93,46.5,120.18,442.15,2024-02-09 21:15:00
WF_003807,BATCH_026,MACH_005,Post-Etch,95.13,2,None,89.902,115.66,249.48,49.81,118.35,453.44,2024-02-09 21:30:00
WF_003808,BATCH_050,MACH_003,Post-Etch,99.0,0,None,90.149,120.54,247.76,49.66,119.67,460.57,2024-02-09 21:45:00
WF_003809,BATCH_001,MACH_003,Post-Etch,95.72,2,None,90.852,117.69,248.82,52.28,123.18,449.71,2024-02-09 22:00:00
WF_003810,BATCH_038,MACH_001,Post-Etch,98.71,0,None,89.899,118.57,252.32,50.6,119.86,448.47,2024-02-09 22:15:00
WF_003811,BATCH_035,MACH_001,Post-Etch,97.85,1,None,90.384,123.7,245.72,50.09,121.07,440.87,2024-02-09 22:30:00
WF_003812,BATCH_044,MACH_003,Post-Etch,88.75,6,Contamination,89.645,116.1,249.55,49.66,120.26,449.94,2024-02-09 22:45:00
WF_003813,BATCH_001,MACH_002,Post-Etch,93.41,3,None,91.883,119.61,249.07,54.73,120.25,463.03,2024-02-09 23:00:00
WF_003814,BATCH_022,MACH_002,Post-Etch,97.76,1,None,89.919,117.36,256.2,50.42,120.48,428.19,2024-02-09 23:15:00
WF_003815,BATCH_011,MACH_001,Post-Etch,96.3,1,None,89.939,118.57,239.46,50.15,119.19,463.8,2024-02-09 23:30:00
WF_003816,BATCH_005,MACH_004,Post-Etch,94.12,2,None,89.544,121.66,245.68,50.26,120.2,441.83,2024-02-09 23:45:00
WF_003817,BATCH_031,MACH_003,Post-Etch,96.09,2,None,89.915,121.94,252.84,49.07,120.28,476.38,2024-02-10 00:00:00
WF_003818,BATCH_048,MACH_005,Post-Etch,97.54,1,None,90.137,115.02,244.08,49.84,119.33,443.98,2024-02-10 00:15:00
WF_003819,BATCH_029,MACH_005,Post-Etch,94.71,2,None,90.397,117.27,253.34,52.15,120.62,468.67,2024-02-10 00:30:00
WF_003820,BATCH_030,MACH_004,Post-Etch,97.01,1,None,88.844,123.33,250.56,47.64,120.05,445.89,2024-02-10 00:45:00
WF_003821,BATCH_013,MACH_001,Post-Etch,93.68,3,None,89.87,117.14,246.33,50.28,120.09,440.98,2024-02-10 01:00:00
WF_003822,BATCH_017,MACH_003,Post-Etch,91.34,4,Contamination,89.247,119.29,250.77,48.67,119.59,447.8,2024-02-10 01:15:00
WF_003823,BATCH_033,MACH_004,Post-Etch,91.87,4,Contamination,89.674,116.67,245.43,49.06,120.34,458.4,2024-02-10 01:30:00
WF_003824,BATCH_001,MACH_004,Post-Etch,97.88,1,None,89.642,120.95,252.33,49.03,120.33,445.78,2024-02-10 01:45:00
WF_003825,BATCH_007,MACH_004,Post-Etch,95.47,2,None,91.317,115.37,248.01,53.83,119.55,458.88,2024-02-10 02:00:00
WF_003826,BATCH_050,MACH_002,Post-Etch,96.22,2,None,91.477,118.83,243.47,53.9,118.48,449.06,2024-02-10 02:15:00
WF_003827,BATCH_016,MACH_002,Post-Etch,96.48,1,None,90.24,123.39,249.93,51.98,118.87,447.56,2024-02-10 02:30:00
WF_003828,BATCH_011,MACH_003,Post-Etch,93.59,3,None,90.701,119.69,249.61,53.23,118.82,457.62,2024-02-10 02:45:00
WF_003829,BATCH_004,MACH_003,Post-Etch,96.14,2,None,89.934,118.93,257.01,49.29,119.75,438.29,2024-02-10 03:00:00
WF_003830,BATCH_025,MACH_001,Post-Etch,95.15,2,None,90.843,123.6,249.94,52.48,121.49,447.44,2024-02-10 03:15:00
WF_003831,BATCH_032,MACH_003,Post-Etch,93.59,3,None,89.785,123.91,248.09,51.25,119.5,445.28,2024-02-10 03:30:00
WF_003832,BATCH_021,MACH_002,Post-Etch,86.02,7,Photoresist Residue,93.204,122.16,254.44,56.55,120.53,468.23,2024-02-10 03:45:00
WF_003833,BATCH_018,MACH_005,Post-Etch,97.01,1,None,89.272,124.84,242.29,48.94,120.14,451.72,2024-02-10 04:00:00
WF_003834,BATCH_001,MACH_005,Post-Etch,98.88,0,None,89.834,117.76,249.79,48.88,119.65,441.43,2024-02-10 04:15:00
WF_003835,BATCH_011,MACH_001,Post-Etch,95.83,2,None,90.814,122.58,258.14,50.65,120.96,426.47,2024-02-10 04:30:00
WF_003836,BATCH_045,MACH_002,Post-Etch,93.68,3,None,90.663,115.46,253.91,50.93,120.08,463.4,2024-02-10 04:45:00
WF_003837,BATCH_008,MACH_004,Post-Etch,95.16,2,None,91.813,117.67,252.13,54.39,120.54,447.62,2024-02-10 05:00:00
WF_003838,BATCH_039,MACH_004,Post-Etch,97.22,1,None,89.505,118.57,246.74,48.72,118.96,468.08,2024-02-10 05:15:00
WF_003839,BATCH_025,MACH_003,Post-Etch,95.62,2,None,89.882,119.46,250.77,49.88,118.52,433.6,2024-02-10 05:30:00
WF_003840,BATCH_031,MACH_002,Post-Etch,90.53,5,Pattern Distortion,93.063,116.78,251.26,56.42,121.74,456.58,2024-02-10 05:45:00
WF_003841,BATCH_024,MACH_004,Post-Etch,90.48,4,Micro-crack,91.337,122.33,241.07,54.3,119.28,432.73,2024-02-10 06:00:00
WF_003842,BATCH_006,MACH_004,Post-Etch,88.24,6,Photoresist Residue,88.47,122.59,251.44,45.71,122.0,436.93,2024-02-10 06:15:00
WF_003843,BATCH_021,MACH_004,Post-Etch,95.19,2,None,89.928,115.07,245.51,50.23,119.61,469.7,2024-02-10 06:30:00
WF_003844,BATCH_017,MACH_005,Post-Etch,89.73,5,Etch Pit,89.422,115.94,244.88,50.01,121.8,453.79,2024-02-10 06:45:00
WF_003845,BATCH_027,MACH_003,Post-Etch,98.62,0,None,89.803,120.52,247.21,50.75,119.58,468.52,2024-02-10 07:00:00
WF_003846,BATCH_026,MACH_002,Post-Etch,94.41,2,None,89.361,123.27,242.35,49.11,119.54,458.84,2024-02-10 07:15:00
WF_003847,BATCH_010,MACH_004,Post-Etch,89.03,5,Etch Pit,91.203,120.36,253.75,52.57,120.52,453.08,2024-02-10 07:30:00
WF_003848,BATCH_018,MACH_005,Post-Etch,97.41,1,None,89.107,117.92,250.02,47.21,120.19,456.18,2024-02-10 07:45:00
WF_003849,BATCH_021,MACH_001,Post-Etch,99.0,0,None,90.202,119.0,244.23,51.82,119.52,451.52,2024-02-10 08:00:00
WF_003850,BATCH_030,MACH_002,Post-Etch,98.16,1,None,90.259,118.98,258.91,49.01,119.33,449.52,2024-02-10 08:15:00
WF_003851,BATCH_033,MACH_003,Post-Etch,94.58,2,None,91.346,123.78,257.04,53.0,120.55,456.71,2024-02-10 08:30:00
WF_003852,BATCH_006,MACH_003,Post-Etch,95.66,2,None,89.265,120.92,253.19,48.83,121.16,456.43,2024-02-10 08:45:00
WF_003853,BATCH_027,MACH_002,Post-Etch,92.99,3,None,91.441,118.85,250.55,53.59,119.69,455.97,2024-02-10 09:00:00
WF_003854,BATCH_041,MACH_002,Post-Etch,91.23,4,Contamination,91.609,123.45,251.23,54.56,121.42,454.39,2024-02-10 09:15:00
WF_003855,BATCH_002,MACH_001,Post-Etch,97.88,1,None,90.574,120.15,251.47,50.39,118.83,438.35,2024-02-10 09:30:00
WF_003856,BATCH_043,MACH_001,Post-Etch,97.68,1,None,90.428,123.77,253.25,50.02,120.16,452.74,2024-02-10 09:45:00
WF_003857,BATCH_040,MACH_004,Post-Etch,92.27,4,Photoresist Residue,91.065,118.47,253.02,52.89,120.85,438.53,2024-02-10 10:00:00
WF_003858,BATCH_042,MACH_003,Post-Etch,96.76,1,None,88.914,124.33,246.35,47.72,119.49,449.49,2024-02-10 10:15:00
WF_003859,BATCH_022,MACH_005,Post-Etch,86.6,7,Photoresist Residue,89.795,117.67,246.07,49.85,118.27,448.56,2024-02-10 10:30:00
WF_003860,BATCH_017,MACH_005,Post-Etch,95.49,2,None,90.323,119.49,249.52,50.01,119.21,448.41,2024-02-10 10:45:00
WF_003861,BATCH_020,MACH_001,Post-Etch,93.27,3,None,88.57,124.74,248.81,47.21,120.51,452.53,2024-02-10 11:00:00
WF_003862,BATCH_044,MACH_001,Post-Etch,97.58,1,None,90.224,120.64,252.0,50.87,119.96,459.68,2024-02-10 11:15:00
WF_003863,BATCH_023,MACH_003,Post-Etch,94.1,3,None,90.946,120.76,246.37,52.02,119.13,456.97,2024-02-10 11:30:00
WF_003864,BATCH_028,MACH_001,Post-Etch,96.47,1,None,90.296,123.7,255.14,50.34,121.38,446.91,2024-02-10 11:45:00
WF_003865,BATCH_002,MACH_001,Post-Etch,91.26,4,Contamination,90.309,115.62,250.49,50.99,120.84,435.02,2024-02-10 12:00:00
WF_003866,BATCH_014,MACH_001,Post-Etch,95.27,2,None,89.338,116.6,255.21,48.01,119.66,433.77,2024-02-10 12:15:00
WF_003867,BATCH_020,MACH_004,Post-Etch,93.76,3,None,88.664,121.5,245.24,47.2,119.64,464.85,2024-02-10 12:30:00
WF_003868,BATCH_012,MACH_001,Post-Etch,88.01,6,Contamination,90.877,124.8,245.12,52.88,120.39,467.19,2024-02-10 12:45:00
WF_003869,BATCH_025,MACH_004,Post-Etch,89.37,5,Photoresist Residue,88.97,117.79,251.23,48.08,120.21,444.74,2024-02-10 13:00:00
WF_003870,BATCH_049,MACH_003,Post-Etch,93.87,3,None,88.991,118.04,254.58,47.55,118.98,459.72,2024-02-10 13:15:00
WF_003871,BATCH_009,MACH_005,Post-Etch,97.38,1,None,90.073,121.62,247.99,49.66,118.85,454.46,2024-02-10 13:30:00
WF_003872,BATCH_040,MACH_001,Post-Etch,95.91,2,None,90.005,116.52,253.64,49.33,119.55,457.81,2024-02-10 13:45:00
WF_003873,BATCH_042,MACH_004,Post-Etch,91.66,4,Photoresist Residue,92.605,117.58,259.46,54.42,121.64,443.1,2024-02-10 14:00:00
WF_003874,BATCH_050,MACH_004,Post-Etch,96.22,1,None,89.955,119.67,259.73,48.35,121.29,455.93,2024-02-10 14:15:00
WF_003875,BATCH_002,MACH_002,Post-Etch,95.81,2,None,91.091,120.28,246.44,53.49,121.96,440.92,2024-02-10 14:30:00
WF_003876,BATCH_034,MACH_005,Post-Etch,94.11,3,None,91.157,116.92,247.87,52.54,120.52,459.22,2024-02-10 14:45:00
WF_003877,BATCH_023,MACH_001,Post-Etch,93.72,3,None,90.15,120.85,258.19,49.52,119.66,434.48,2024-02-10 15:00:00
WF_003878,BATCH_040,MACH_004,Post-Etch,99.0,0,None,90.502,122.06,250.23,50.98,118.94,446.58,2024-02-10 15:15:00
WF_003879,BATCH_018,MACH_004,Post-Etch,95.57,2,None,90.087,117.99,250.35,49.61,119.89,443.4,2024-02-10 15:30:00
WF_003880,BATCH_020,MACH_001,Post-Etch,87.6,6,Etch Pit,89.248,116.87,241.08,50.18,119.11,446.56,2024-02-10 15:45:00
WF_003881,BATCH_050,MACH_001,Post-Etch,97.66,1,None,89.96,120.68,249.46,50.19,119.66,442.18,2024-02-10 16:00:00
WF_003882,BATCH_032,MACH_005,Post-Etch,92.71,3,None,88.841,121.97,245.59,47.82,120.13,453.58,2024-02-10 16:15:00
WF_003883,BATCH_024,MACH_001,Post-Etch,96.57,1,None,89.674,121.1,256.01,47.53,121.0,459.96,2024-02-10 16:30:00
WF_003884,BATCH_046,MACH_004,Post-Etch,98.86,0,None,89.607,121.02,244.51,48.97,121.19,439.64,2024-02-10 16:45:00
WF_003885,BATCH_039,MACH_001,Post-Etch,90.09,5,Contamination,90.027,116.98,245.96,51.16,119.8,449.31,2024-02-10 17:00:00
WF_003886,BATCH_003,MACH_002,Post-Etch,89.71,5,Micro-crack,92.369,118.41,249.26,54.39,119.77,448.04,2024-02-10 17:15:00
WF_003887,BATCH_046,MACH_001,Post-Etch,94.0,3,None,90.638,119.2,248.17,51.06,119.56,440.27,2024-02-10 17:30:00
WF_003888,BATCH_041,MACH_002,Post-Etch,84.9,8,Pattern Distortion,93.066,122.59,254.2,57.75,119.49,471.2,2024-02-10 17:45:00
WF_003889,BATCH_026,MACH_002,Post-Etch,91.69,4,Pattern Distortion,92.732,122.23,247.94,58.2,118.69,450.16,2024-02-10 18:00:00
WF_003890,BATCH_015,MACH_002,Post-Etch,90.38,5,Etch Pit,92.696,118.48,244.63,56.2,116.98,447.52,2024-02-10 18:15:00
WF_003891,BATCH_015,MACH_001,Post-Etch,93.38,3,None,89.909,121.0,260.13,48.92,119.75,429.38,2024-02-10 18:30:00
WF_003892,BATCH_046,MACH_003,Post-Etch,95.33,2,None,89.493,121.78,241.82,49.64,122.7,462.49,2024-02-10 18:45:00
WF_003893,BATCH_021,MACH_001,Post-Etch,94.3,3,None,88.13,119.33,246.73,46.7,118.45,458.83,2024-02-10 19:00:00
WF_003894,BATCH_032,MACH_002,Post-Etch,94.78,2,None,90.186,119.87,247.73,50.82,119.65,457.88,2024-02-10 19:15:00
WF_003895,BATCH_043,MACH_002,Post-Etch,93.23,3,None,90.48,115.44,251.28,50.58,121.67,446.38,2024-02-10 19:30:00
WF_003896,BATCH_020,MACH_001,Post-Etch,91.3,4,Etch Pit,89.155,116.55,246.49,48.34,119.78,448.41,2024-02-10 19:45:00
WF_003897,BATCH_032,MACH_002,Post-Etch,90.71,5,Contamination,93.71,122.41,252.6,57.9,121.53,451.11,2024-02-10 20:00:00
WF_003898,BATCH_020,MACH_001,Post-Etch,91.13,4,Micro-crack,88.377,122.73,248.15,47.94,120.51,439.32,2024-02-10 20:15:00
WF_003899,BATCH_038,MACH_001,Post-Etch,94.53,3,None,90.676,120.29,252.39,50.47,119.77,463.62,2024-02-10 20:30:00
WF_003900,BATCH_013,MACH_003,Post-Etch,93.88,3,None,91.147,124.54,244.42,51.98,119.77,449.42,2024-02-10 20:45:00
WF_003901,BATCH_035,MACH_001,Post-Etch,97.16,1,None,89.967,121.98,244.38,50.63,120.3,437.55,2024-02-10 21:00:00
WF_003902,BATCH_036,MACH_005,Post-Etch,95.57,2,None,89.981,118.36,239.89,51.28,119.99,446.13,2024-02-10 21:15:00
WF_003903,BATCH_027,MACH_004,Post-Etch,95.51,2,None,90.783,122.9,244.54,51.97,120.62,464.73,2024-02-10 21:30:00
WF_003904,BATCH_038,MACH_002,Post-Etch,96.14,2,None,91.638,117.37,255.33,52.13,119.96,444.31,2024-02-10 21:45:00
WF_003905,BATCH_036,MACH_004,Post-Etch,90.54,5,Photoresist Residue,89.02,116.53,247.34,48.68,119.37,467.86,2024-02-10 22:00:00
WF_003906,BATCH_035,MACH_004,Post-Etch,91.5,4,Micro-crack,89.312,119.29,251.22,49.66,118.32,458.37,2024-02-10 22:15:00
WF_003907,BATCH_013,MACH_002,Post-Etch,88.21,6,Contamination,92.255,117.52,258.07,53.82,121.55,437.85,2024-02-10 22:30:00
WF_003908,BATCH_029,MACH_004,Post-Etch,99.0,0,None,90.656,116.69,257.18,50.11,121.67,440.8,2024-02-10 22:45:00
WF_003909,BATCH_010,MACH_005,Post-Etch,91.63,4,Contamination,91.842,118.01,250.45,54.82,120.95,451.11,2024-02-10 23:00:00
WF_003910,BATCH_036,MACH_003,Post-Etch,92.29,4,Photoresist Residue,88.276,122.88,247.81,46.54,121.9,460.11,2024-02-10 23:15:00
WF_003911,BATCH_028,MACH_001,Post-Etch,99.0,0,None,90.554,124.23,251.31,51.85,118.95,457.25,2024-02-10 23:30:00
WF_003912,BATCH_019,MACH_005,Post-Etch,93.88,3,None,90.053,120.96,255.55,49.34,119.58,456.44,2024-02-10 23:45:00
WF_003913,BATCH_041,MACH_002,Post-Etch,89.86,5,Micro-crack,92.061,120.24,244.29,55.89,118.24,441.56,2024-02-11 00:00:00
WF_003914,BATCH_024,MACH_001,Post-Etch,94.1,3,None,88.971,124.83,245.31,47.8,121.11,449.04,2024-02-11 00:15:00
WF_003915,BATCH_002,MACH_002,Post-Etch,93.22,3,None,90.289,121.46,254.41,50.64,119.96,463.5,2024-02-11 00:30:00
WF_003916,BATCH_042,MACH_005,Post-Etch,95.26,2,None,90.647,120.03,263.17,50.39,122.12,459.84,2024-02-11 00:45:00
WF_003917,BATCH_036,MACH_001,Post-Etch,97.45,1,None,90.872,116.35,250.67,51.9,120.55,460.36,2024-02-11 01:00:00
WF_003918,BATCH_002,MACH_002,Post-Etch,95.13,2,None,91.164,124.89,245.37,54.84,119.86,459.82,2024-02-11 01:15:00
WF_003919,BATCH_038,MACH_004,Post-Etch,87.73,6,Photoresist Residue,90.122,122.55,245.43,49.99,119.43,464.67,2024-02-11 01:30:00
WF_003920,BATCH_010,MACH_002,Post-Etch,86.55,7,Contamination,93.601,122.6,244.36,59.83,118.86,443.89,2024-02-11 01:45:00
WF_003921,BATCH_036,MACH_003,Post-Etch,98.82,0,None,89.405,124.34,247.89,48.59,119.91,454.76,2024-02-11 02:00:00
WF_003922,BATCH_020,MACH_001,Post-Etch,93.48,3,None,91.817,122.98,244.35,54.01,120.78,452.77,2024-02-11 02:15:00
WF_003923,BATCH_025,MACH_005,Post-Etch,97.71,1,None,90.958,120.14,248.61,52.61,118.13,466.65,2024-02-11 02:30:00
WF_003924,BATCH_014,MACH_001,Post-Etch,87.69,6,Contamination,89.525,123.58,248.71,49.26,120.35,478.3,2024-02-11 02:45:00
WF_003925,BATCH_005,MACH_005,Post-Etch,93.64,3,None,91.101,122.83,255.68,52.78,120.17,442.97,2024-02-11 03:00:00
WF_003926,BATCH_048,MACH_005,Post-Etch,95.09,2,None,89.724,117.86,245.71,49.32,121.49,454.16,2024-02-11 03:15:00
WF_003927,BATCH_033,MACH_001,Post-Etch,93.21,3,None,89.439,118.95,248.49,48.42,120.34,456.76,2024-02-11 03:30:00
WF_003928,BATCH_033,MACH_005,Post-Etch,95.07,2,None,90.174,118.71,240.84,50.51,120.45,442.02,2024-02-11 03:45:00
WF_003929,BATCH_032,MACH_004,Post-Etch,97.37,1,None,90.259,115.26,240.28,51.01,120.86,461.02,2024-02-11 04:00:00
WF_003930,BATCH_010,MACH_002,Post-Etch,88.82,6,Photoresist Residue,92.578,118.44,251.42,56.07,120.74,449.99,2024-02-11 04:15:00
WF_003931,BATCH_036,MACH_004,Post-Etch,97.1,1,None,88.809,122.81,246.75,48.59,120.21,445.97,2024-02-11 04:30:00
WF_003932,BATCH_043,MACH_003,Post-Etch,93.73,3,None,90.261,116.23,267.73,49.35,120.69,469.47,2024-02-11 04:45:00
WF_003933,BATCH_042,MACH_003,Post-Etch,93.21,3,None,91.418,121.26,257.52,52.46,119.96,437.95,2024-02-11 05:00:00
WF_003934,BATCH_004,MACH_002,Post-Etch,91.04,4,Etch Pit,90.746,121.56,250.74,52.35,119.85,453.12,2024-02-11 05:15:00
WF_003935,BATCH_003,MACH_003,Post-Etch,93.62,3,None,91.228,117.66,261.23,52.06,118.35,425.97,2024-02-11 05:30:00
WF_003936,BATCH_039,MACH_003,Post-Etch,91.54,4,Etch Pit,89.309,122.86,248.36,49.55,118.63,433.81,2024-02-11 05:45:00
WF_003937,BATCH_042,MACH_004,Post-Etch,98.69,0,None,89.779,119.29,241.64,50.42,119.68,441.16,2024-02-11 06:00:00
WF_003938,BATCH_039,MACH_005,Post-Etch,96.91,1,None,89.625,117.65,252.22,48.33,121.26,449.47,2024-02-11 06:15:00
WF_003939,BATCH_033,MACH_003,Post-Etch,94.98,2,None,89.178,116.59,258.71,46.39,122.35,431.59,2024-02-11 06:30:00
WF_003940,BATCH_031,MACH_005,Post-Etch,95.64,2,None,89.715,120.45,259.74,46.96,118.27,460.5,2024-02-11 06:45:00
WF_003941,BATCH_003,MACH_003,Post-Etch,91.96,4,Micro-crack,91.613,119.64,248.42,54.3,118.87,445.72,2024-02-11 07:00:00
WF_003942,BATCH_042,MACH_001,Post-Etch,96.65,1,None,90.489,118.06,245.82,52.5,120.16,451.37,2024-02-11 07:15:00
WF_003943,BATCH_048,MACH_001,Post-Etch,91.65,4,Pattern Distortion,90.693,122.34,247.25,51.14,118.64,454.5,2024-02-11 07:30:00
WF_003944,BATCH_018,MACH_004,Post-Etch,93.23,3,None,88.56,115.82,241.37,48.43,120.41,467.2,2024-02-11 07:45:00
WF_003945,BATCH_028,MACH_002,Post-Etch,86.62,7,Photoresist Residue,92.532,120.97,245.4,57.18,120.38,441.66,2024-02-11 08:00:00
WF_003946,BATCH_005,MACH_002,Post-Etch,88.51,6,Photoresist Residue,93.953,122.27,257.74,57.91,122.02,460.59,2024-02-11 08:15:00
WF_003947,BATCH_008,MACH_002,Post-Etch,94.08,3,None,91.636,116.93,250.69,52.95,122.16,439.49,2024-02-11 08:30:00
WF_003948,BATCH_017,MACH_001,Post-Etch,92.16,4,Micro-crack,88.472,116.51,255.81,45.83,121.32,449.01,2024-02-11 08:45:00
WF_003949,BATCH_025,MACH_005,Post-Etch,94.26,3,None,88.576,115.68,248.93,47.94,120.36,447.29,2024-02-11 09:00:00
WF_003950,BATCH_033,MACH_004,Post-Etch,88.15,6,Contamination,91.21,116.53,255.85,51.69,119.99,454.38,2024-02-11 09:15:00
WF_003951,BATCH_034,MACH_004,Post-Etch,93.4,3,None,89.057,118.06,248.73,47.41,121.12,472.37,2024-02-11 09:30:00
WF_003952,BATCH_049,MACH_001,Post-Etch,93.22,3,None,88.544,120.33,243.44,47.83,120.65,461.3,2024-02-11 09:45:00
WF_003953,BATCH_044,MACH_004,Post-Etch,95.36,2,None,91.459,117.18,252.47,52.35,120.03,443.9,2024-02-11 10:00:00
WF_003954,BATCH_018,MACH_004,Post-Etch,93.63,3,None,91.606,116.21,251.12,53.92,118.66,453.57,2024-02-11 10:15:00
WF_003955,BATCH_025,MACH_003,Post-Etch,95.37,2,None,89.765,117.97,249.64,48.56,119.47,450.08,2024-02-11 10:30:00
WF_003956,BATCH_041,MACH_001,Post-Etch,94.73,2,None,90.799,123.63,255.04,50.54,121.39,450.42,2024-02-11 10:45:00
WF_003957,BATCH_013,MACH_004,Post-Etch,95.94,2,None,90.449,117.85,252.14,50.05,120.71,458.65,2024-02-11 11:00:00
WF_003958,BATCH_007,MACH_005,Post-Etch,99.0,0,None,89.354,120.18,253.18,47.58,119.45,451.89,2024-02-11 11:15:00
WF_003959,BATCH_049,MACH_003,Post-Etch,87.77,6,Micro-crack,89.169,118.08,248.86,48.23,118.46,459.87,2024-02-11 11:30:00
WF_003960,BATCH_025,MACH_003,Post-Etch,98.67,0,None,90.418,116.06,244.02,52.63,119.57,460.09,2024-02-11 11:45:00
WF_003961,BATCH_006,MACH_002,Post-Etch,86.75,7,Micro-crack,93.21,121.96,251.15,56.15,118.56,441.68,2024-02-11 12:00:00
WF_003962,BATCH_033,MACH_005,Post-Etch,97.03,1,None,90.971,122.59,244.64,53.13,119.93,423.03,2024-02-11 12:15:00
WF_003963,BATCH_037,MACH_002,Post-Etch,94.09,3,None,91.523,122.82,249.85,53.69,120.22,455.06,2024-02-11 12:30:00
WF_003964,BATCH_009,MACH_003,Post-Etch,96.83,1,None,90.333,120.47,251.28,49.75,117.28,448.07,2024-02-11 12:45:00
WF_003965,BATCH_019,MACH_003,Post-Etch,89.8,5,Pattern Distortion,89.674,117.95,248.62,50.48,119.43,445.82,2024-02-11 13:00:00
WF_003966,BATCH_031,MACH_002,Post-Etch,91.63,4,Micro-crack,92.638,115.13,248.05,56.22,119.05,465.16,2024-02-11 13:15:00
WF_003967,BATCH_015,MACH_005,Post-Etch,95.26,2,None,90.02,117.39,251.82,49.29,121.5,448.72,2024-02-11 13:30:00
WF_003968,BATCH_050,MACH_002,Post-Etch,93.68,3,None,90.313,115.81,246.54,52.42,118.7,440.91,2024-02-11 13:45:00
WF_003969,BATCH_005,MACH_002,Post-Etch,88.68,6,Etch Pit,93.501,119.47,252.26,57.84,119.64,455.02,2024-02-11 14:00:00
WF_003970,BATCH_001,MACH_004,Post-Etch,98.94,0,None,89.565,123.87,246.53,48.22,120.03,456.8,2024-02-11 14:15:00
WF_003971,BATCH_048,MACH_002,Post-Etch,91.28,4,Photoresist Residue,91.302,119.24,242.77,55.67,118.88,444.27,2024-02-11 14:30:00
WF_003972,BATCH_023,MACH_001,Post-Etch,96.27,2,None,89.625,123.2,248.47,49.1,121.41,447.97,2024-02-11 14:45:00
WF_003973,BATCH_025,MACH_004,Post-Etch,95.18,2,None,90.684,123.22,249.48,52.71,119.82,449.08,2024-02-11 15:00:00
WF_003974,BATCH_034,MACH_002,Post-Etch,88.62,6,Contamination,93.072,121.12,253.33,56.63,119.77,462.29,2024-02-11 15:15:00
WF_003975,BATCH_011,MACH_002,Post-Etch,94.2,3,None,90.599,116.7,251.54,52.08,119.49,437.72,2024-02-11 15:30:00
WF_003976,BATCH_002,MACH_001,Post-Etch,93.96,3,None,91.234,117.74,252.13,52.94,119.55,450.95,2024-02-11 15:45:00
WF_003977,BATCH_046,MACH_002,Post-Etch,95.12,2,None,90.696,123.1,251.24,51.93,118.61,423.86,2024-02-11 16:00:00
WF_003978,BATCH_003,MACH_005,Post-Etch,92.15,4,Micro-crack,91.414,122.92,259.26,50.51,119.05,428.9,2024-02-11 16:15:00
WF_003979,BATCH_045,MACH_004,Post-Etch,95.69,2,None,89.445,119.65,245.41,48.78,118.85,458.63,2024-02-11 16:30:00
WF_003980,BATCH_042,MACH_005,Post-Etch,97.02,1,None,89.808,115.65,249.56,49.58,119.08,448.56,2024-02-11 16:45:00
WF_003981,BATCH_011,MACH_003,Post-Etch,95.85,2,None,90.481,122.45,246.0,51.62,118.55,474.63,2024-02-11 17:00:00
WF_003982,BATCH_013,MACH_005,Post-Etch,93.75,3,None,91.88,115.8,259.23,54.19,119.63,449.69,2024-02-11 17:15:00
WF_003983,BATCH_010,MACH_003,Post-Etch,95.82,2,None,90.878,118.52,251.69,50.98,119.91,462.56,2024-02-11 17:30:00
WF_003984,BATCH_022,MACH_003,Post-Etch,91.32,4,Micro-crack,89.916,124.03,244.78,51.14,120.9,462.27,2024-02-11 17:45:00
WF_003985,BATCH_039,MACH_002,Post-Etch,87.51,6,Etch Pit,91.824,120.6,246.75,54.92,121.27,438.84,2024-02-11 18:00:00
WF_003986,BATCH_021,MACH_003,Post-Etch,96.24,2,None,91.572,122.55,261.21,52.26,118.58,441.86,2024-02-11 18:15:00
WF_003987,BATCH_038,MACH_005,Post-Etch,92.79,3,None,90.013,123.3,254.44,49.31,120.7,445.83,2024-02-11 18:30:00
WF_003988,BATCH_034,MACH_001,Post-Etch,95.65,2,None,89.089,123.13,247.25,47.98,119.71,451.26,2024-02-11 18:45:00
WF_003989,BATCH_021,MACH_005,Post-Etch,89.82,5,Photoresist Residue,90.874,117.48,245.05,52.55,122.25,443.88,2024-02-11 19:00:00
WF_003990,BATCH_033,MACH_002,Post-Etch,92.02,4,Etch Pit,89.861,116.97,242.48,50.56,119.25,460.32,2024-02-11 19:15:00
WF_003991,BATCH_022,MACH_002,Post-Etch,89.22,5,Micro-crack,91.89,118.8,256.14,54.26,119.61,440.92,2024-02-11 19:30:00
WF_003992,BATCH_035,MACH_003,Post-Etch,87.02,7,Micro-crack,89.584,124.95,243.21,49.67,120.32,435.24,2024-02-11 19:45:00
WF_003993,BATCH_040,MACH_001,Post-Etch,93.85,3,None,90.148,115.12,247.84,49.78,118.28,441.19,2024-02-11 20:00:00
WF_003994,BATCH_032,MACH_003,Post-Etch,97.87,1,None,90.099,122.72,250.69,51.74,119.53,433.01,2024-02-11 20:15:00
WF_003995,BATCH_049,MACH_001,Post-Etch,94.06,3,None,90.916,115.74,256.62,52.3,117.99,459.9,2024-02-11 20:30:00
WF_003996,BATCH_005,MACH_002,Post-Etch,93.68,3,None,90.477,121.65,246.95,51.76,120.99,449.62,2024-02-11 20:45:00
WF_003997,BATCH_040,MACH_001,Post-Etch,99.0,0,None,90.125,117.26,258.51,48.34,120.74,456.42,2024-02-11 21:00:00
WF_003998,BATCH_004,MACH_004,Post-Etch,95.25,2,None,88.941,118.74,251.73,47.79,119.26,443.87,2024-02-11 21:15:00
WF_003999,BATCH_014,MACH_004,Post-Etch,94.07,3,None,90.572,117.11,255.72,49.84,120.75,455.25,2024-02-11 21:30:00
WF_004000,BATCH_022,MACH_002,Post-Etch,93.19,3,None,91.511,120.24,245.06,54.48,118.64,428.71,2024-02-11 21:45:00
WF_004001,BATCH_032,MACH_005,Post-Etch,97.29,1,None,91.176,115.24,258.26,51.57,119.55,443.33,2024-02-11 22:00:00
WF_004002,BATCH_016,MACH_004,Post-Etch,97.09,1,None,91.055,123.43,246.97,53.05,119.36,473.38,2024-02-11 22:15:00
WF_004003,BATCH_031,MACH_001,Post-Etch,95.2,2,None,89.401,122.94,252.81,46.8,121.39,450.56,2024-02-11 22:30:00
WF_004004,BATCH_024,MACH_003,Post-Etch,92.25,4,Etch Pit,89.242,123.57,239.16,47.51,121.27,461.22,2024-02-11 22:45:00
WF_004005,BATCH_050,MACH_004,Post-Etch,93.27,3,None,91.108,120.3,249.14,51.5,120.96,451.25,2024-02-11 23:00:00
WF_004006,BATCH_046,MACH_005,Post-Etch,97.05,1,None,90.392,116.34,243.26,51.57,119.93,454.15,2024-02-11 23:15:00
WF_004007,BATCH_006,MACH_004,Post-Etch,94.99,2,None,90.691,124.15,260.44,50.24,121.68,454.32,2024-02-11 23:30:00
WF_004008,BATCH_023,MACH_005,Post-Etch,91.92,4,Contamination,89.258,117.62,249.35,48.45,120.23,446.43,2024-02-11 23:45:00
WF_004009,BATCH_042,MACH_002,Post-Etch,97.78,0,None,90.186,118.59,247.95,51.67,118.07,446.95,2024-02-12 00:00:00
WF_004010,BATCH_013,MACH_005,Post-Etch,90.19,5,Pattern Distortion,88.98,123.31,241.05,49.29,120.85,440.1,2024-02-12 00:15:00
WF_004011,BATCH_031,MACH_002,Post-Etch,91.97,4,Contamination,92.518,118.41,240.63,56.9,120.83,439.99,2024-02-12 00:30:00
WF_004012,BATCH_022,MACH_005,Post-Etch,93.95,3,None,89.49,122.38,251.71,47.03,120.12,428.73,2024-02-12 00:45:00
WF_004013,BATCH_005,MACH_003,Post-Etch,91.06,4,Pattern Distortion,88.125,117.48,244.79,47.48,118.69,439.86,2024-02-12 01:00:00
WF_004014,BATCH_014,MACH_003,Post-Etch,94.22,3,None,91.389,120.78,256.07,52.41,119.04,444.36,2024-02-12 01:15:00
WF_004015,BATCH_023,MACH_005,Post-Etch,96.14,2,None,88.992,119.56,250.14,47.4,121.18,446.49,2024-02-12 01:30:00
WF_004016,BATCH_038,MACH_001,Post-Etch,93.26,3,None,88.814,123.1,258.67,46.14,121.48,429.71,2024-02-12 01:45:00
WF_004017,BATCH_026,MACH_005,Post-Etch,89.35,5,Micro-crack,91.979,123.38,242.2,53.95,119.24,457.48,2024-02-12 02:00:00
WF_004018,BATCH_018,MACH_002,Post-Etch,90.41,5,Contamination,92.324,123.96,252.89,55.65,118.16,452.65,2024-02-12 02:15:00
WF_004019,BATCH_016,MACH_004,Post-Etch,93.12,3,None,89.189,121.96,252.05,48.25,121.29,456.78,2024-02-12 02:30:00
WF_004020,BATCH_004,MACH_004,Post-Etch,87.95,6,Etch Pit,90.727,120.18,249.04,50.97,119.68,443.29,2024-02-12 02:45:00
WF_004021,BATCH_028,MACH_001,Post-Etch,93.56,3,None,90.668,119.43,251.11,51.79,120.96,445.66,2024-02-12 03:00:00
WF_004022,BATCH_026,MACH_003,Post-Etch,90.53,4,Pattern Distortion,88.84,121.95,247.27,48.74,119.94,461.17,2024-02-12 03:15:00
WF_004023,BATCH_036,MACH_004,Post-Etch,93.01,3,None,89.081,123.93,252.87,47.42,118.29,450.66,2024-02-12 03:30:00
WF_004024,BATCH_025,MACH_004,Post-Etch,95.23,2,None,89.611,116.83,253.9,48.13,119.45,451.25,2024-02-12 03:45:00
WF_004025,BATCH_049,MACH_004,Post-Etch,92.12,4,Photoresist Residue,89.833,120.7,249.92,49.32,118.79,446.6,2024-02-12 04:00:00
WF_004026,BATCH_010,MACH_001,Post-Etch,95.59,2,None,89.665,121.79,242.44,49.77,120.87,444.68,2024-02-12 04:15:00
WF_004027,BATCH_016,MACH_004,Post-Etch,93.73,3,None,89.593,116.32,256.75,49.03,119.65,450.46,2024-02-12 04:30:00
WF_004028,BATCH_005,MACH_004,Post-Etch,97.16,1,None,90.13,117.2,256.33,49.05,119.95,447.58,2024-02-12 04:45:00
WF_004029,BATCH_021,MACH_002,Post-Etch,87.7,6,Contamination,93.117,119.46,246.37,57.17,120.55,438.63,2024-02-12 05:00:00
WF_004030,BATCH_046,MACH_001,Post-Etch,96.76,1,None,90.759,118.31,253.47,50.94,121.32,443.52,2024-02-12 05:15:00
WF_004031,BATCH_008,MACH_005,Post-Etch,91.6,4,Pattern Distortion,90.8,122.67,253.11,50.56,120.33,443.8,2024-02-12 05:30:00
WF_004032,BATCH_041,MACH_003,Post-Etch,90.23,5,Photoresist Residue,92.131,118.15,254.11,54.55,120.2,441.81,2024-02-12 05:45:00
WF_004033,BATCH_044,MACH_005,Post-Etch,92.2,4,Pattern Distortion,90.616,115.04,249.01,50.35,119.31,449.79,2024-02-12 06:00:00
WF_004034,BATCH_004,MACH_004,Post-Etch,94.62,2,None,91.028,124.91,257.49,52.3,121.69,444.25,2024-02-12 06:15:00
WF_004035,BATCH_009,MACH_005,Post-Etch,90.09,5,Pattern Distortion,91.041,118.84,246.61,52.94,119.14,444.93,2024-02-12 06:30:00
WF_004036,BATCH_037,MACH_003,Post-Etch,87.55,6,Contamination,88.748,117.04,239.7,48.07,119.28,452.83,2024-02-12 06:45:00
WF_004037,BATCH_042,MACH_005,Post-Etch,98.05,1,None,90.595,116.48,244.88,51.26,119.39,454.72,2024-02-12 07:00:00
WF_004038,BATCH_009,MACH_002,Post-Etch,95.14,2,None,91.927,120.26,248.76,54.79,119.95,481.32,2024-02-12 07:15:00
WF_004039,BATCH_045,MACH_002,Post-Etch,91.64,4,Micro-crack,92.258,124.56,246.44,55.0,118.77,451.89,2024-02-12 07:30:00
WF_004040,BATCH_016,MACH_003,Post-Etch,95.83,2,None,91.194,115.08,257.11,51.18,118.72,468.66,2024-02-12 07:45:00
WF_004041,BATCH_048,MACH_002,Post-Etch,86.63,7,Photoresist Residue,93.89,122.45,257.82,57.8,120.46,451.67,2024-02-12 08:00:00
WF_004042,BATCH_003,MACH_003,Post-Etch,97.37,1,None,90.301,124.64,249.33,50.51,120.05,454.69,2024-02-12 08:15:00
WF_004043,BATCH_002,MACH_001,Post-Etch,96.93,1,None,90.014,120.35,249.98,50.68,120.0,440.01,2024-02-12 08:30:00
WF_004044,BATCH_034,MACH_001,Post-Etch,95.6,2,None,90.435,115.09,247.59,50.71,119.62,457.92,2024-02-12 08:45:00
WF_004045,BATCH_027,MACH_001,Post-Etch,92.92,3,None,91.177,124.26,249.87,52.5,119.94,457.06,2024-02-12 09:00:00
WF_004046,BATCH_026,MACH_004,Post-Etch,93.91,3,None,88.509,121.46,247.57,47.48,119.9,437.49,2024-02-12 09:15:00
WF_004047,BATCH_049,MACH_002,Post-Etch,91.8,4,Micro-crack,91.624,122.66,256.15,53.04,119.23,451.71,2024-02-12 09:30:00
WF_004048,BATCH_020,MACH_005,Post-Etch,95.6,2,None,89.774,116.12,255.22,49.38,117.86,452.96,2024-02-12 09:45:00
WF_004049,BATCH_003,MACH_004,Post-Etch,96.62,2,None,91.532,118.62,255.25,52.47,120.88,462.9,2024-02-12 10:00:00
WF_004050,BATCH_049,MACH_002,Post-Etch,91.71,4,Contamination,91.334,124.88,253.72,53.23,119.49,453.26,2024-02-12 10:15:00
WF_004051,BATCH_006,MACH_002,Post-Etch,88.38,6,Micro-crack,92.197,118.89,254.8,54.59,120.64,450.56,2024-02-12 10:30:00
WF_004052,BATCH_037,MACH_004,Post-Etch,91.42,4,Micro-crack,90.601,119.22,251.76,52.3,121.01,447.47,2024-02-12 10:45:00
WF_004053,BATCH_028,MACH_003,Post-Etch,95.23,2,None,90.265,117.29,246.12,50.34,120.68,459.5,2024-02-12 11:00:00
WF_004054,BATCH_039,MACH_001,Post-Etch,92.85,3,None,90.974,118.67,251.74,51.79,119.19,434.22,2024-02-12 11:15:00
WF_004055,BATCH_013,MACH_005,Post-Etch,98.62,0,None,89.762,120.12,248.04,51.08,119.85,462.79,2024-02-12 11:30:00
WF_004056,BATCH_050,MACH_002,Post-Etch,95.08,2,None,91.525,123.71,249.31,52.62,120.33,454.4,2024-02-12 11:45:00
WF_004057,BATCH_032,MACH_005,Post-Etch,93.95,3,None,90.51,116.1,247.47,52.42,120.84,436.47,2024-02-12 12:00:00
WF_004058,BATCH_037,MACH_003,Post-Etch,92.18,4,Pattern Distortion,88.49,117.66,248.62,46.24,120.96,432.27,2024-02-12 12:15:00
WF_004059,BATCH_048,MACH_002,Post-Etch,91.76,4,Etch Pit,92.296,115.77,251.14,55.14,119.64,453.74,2024-02-12 12:30:00
WF_004060,BATCH_027,MACH_003,Post-Etch,84.67,8,Photoresist Residue,91.649,122.73,257.66,51.14,119.64,433.81,2024-02-12 12:45:00
WF_004061,BATCH_021,MACH_004,Post-Etch,86.7,7,Etch Pit,92.238,122.48,250.57,54.82,120.57,460.19,2024-02-12 13:00:00
WF_004062,BATCH_032,MACH_005,Post-Etch,94.02,3,None,91.304,115.29,250.89,52.44,120.64,461.05,2024-02-12 13:15:00
WF_004063,BATCH_040,MACH_002,Post-Etch,90.18,5,Micro-crack,89.185,116.15,249.15,49.13,120.29,449.05,2024-02-12 13:30:00
WF_004064,BATCH_027,MACH_002,Post-Etch,96.17,2,None,90.596,120.64,257.6,51.29,119.48,431.51,2024-02-12 13:45:00
WF_004065,BATCH_015,MACH_003,Post-Etch,93.08,3,None,90.452,120.9,250.7,51.18,117.8,450.13,2024-02-12 14:00:00
WF_004066,BATCH_001,MACH_005,Post-Etch,93.26,3,None,90.629,123.68,258.15,49.97,120.07,451.6,2024-02-12 14:15:00
WF_004067,BATCH_017,MACH_001,Post-Etch,94.03,3,None,90.799,119.3,255.01,52.26,120.67,454.47,2024-02-12 14:30:00
WF_004068,BATCH_050,MACH_005,Post-Etch,97.86,1,None,90.08,120.19,260.06,48.8,120.9,434.55,2024-02-12 14:45:00
WF_004069,BATCH_011,MACH_003,Post-Etch,93.83,3,None,91.63,119.19,246.98,53.82,121.5,449.16,2024-02-12 15:00:00
WF_004070,BATCH_013,MACH_002,Post-Etch,85.12,7,Pattern Distortion,91.85,118.57,254.66,54.76,119.32,450.67,2024-02-12 15:15:00
WF_004071,BATCH_007,MACH_001,Post-Etch,94.9,2,None,89.237,124.15,250.22,48.22,119.53,452.1,2024-02-12 15:30:00
WF_004072,BATCH_033,MACH_001,Post-Etch,92.81,3,None,89.039,123.93,251.39,47.25,120.91,449.8,2024-02-12 15:45:00
WF_004073,BATCH_028,MACH_004,Post-Etch,91.35,4,Pattern Distortion,92.605,115.08,252.02,54.91,119.76,445.13,2024-02-12 16:00:00
WF_004074,BATCH_019,MACH_004,Post-Etch,97.55,1,None,90.478,122.99,260.14,50.25,119.22,446.1,2024-02-12 16:15:00
WF_004075,BATCH_029,MACH_003,Post-Etch,95.03,2,None,90.225,122.24,246.77,52.56,120.57,451.35,2024-02-12 16:30:00
WF_004076,BATCH_018,MACH_004,Post-Etch,93.46,3,None,89.747,122.01,244.97,50.7,120.11,458.11,2024-02-12 16:45:00
WF_004077,BATCH_038,MACH_004,Post-Etch,98.76,0,None,90.548,122.22,250.19,52.85,120.73,449.59,2024-02-12 17:00:00
WF_004078,BATCH_043,MACH_004,Post-Etch,88.11,6,Photoresist Residue,88.594,115.83,250.29,47.43,121.33,457.46,2024-02-12 17:15:00
WF_004079,BATCH_039,MACH_004,Post-Etch,97.05,1,None,90.609,116.43,247.29,50.25,120.67,436.68,2024-02-12 17:30:00
WF_004080,BATCH_010,MACH_003,Post-Etch,93.71,3,None,90.155,123.73,240.1,50.6,119.23,430.03,2024-02-12 17:45:00
WF_004081,BATCH_027,MACH_004,Post-Etch,93.85,3,None,89.853,119.89,244.21,50.49,117.3,440.07,2024-02-12 18:00:00
WF_004082,BATCH_035,MACH_004,Post-Etch,97.27,1,None,89.607,120.63,246.61,47.59,120.14,445.01,2024-02-12 18:15:00
WF_004083,BATCH_016,MACH_004,Post-Etch,95.22,2,None,90.777,119.0,239.08,52.9,120.2,444.76,2024-02-12 18:30:00
WF_004084,BATCH_003,MACH_003,Post-Etch,97.06,1,None,90.345,119.96,250.68,50.68,121.39,454.44,2024-02-12 18:45:00
WF_004085,BATCH_043,MACH_002,Post-Etch,90.4,5,Contamination,92.009,120.94,248.51,54.18,119.49,451.27,2024-02-12 19:00:00
WF_004086,BATCH_048,MACH_001,Post-Etch,91.94,4,Contamination,90.713,115.36,252.7,51.47,118.77,454.33,2024-02-12 19:15:00
WF_004087,BATCH_015,MACH_003,Post-Etch,94.07,3,None,88.066,123.72,238.42,46.96,120.13,465.18,2024-02-12 19:30:00
WF_004088,BATCH_013,MACH_003,Post-Etch,98.05,1,None,89.244,122.38,241.58,48.91,120.03,457.18,2024-02-12 19:45:00
WF_004089,BATCH_026,MACH_005,Post-Etch,95.08,2,None,89.729,124.86,251.46,49.34,120.52,469.03,2024-02-12 20:00:00
WF_004090,BATCH_009,MACH_003,Post-Etch,93.13,3,None,89.873,124.01,243.52,50.14,118.46,460.51,2024-02-12 20:15:00
WF_004091,BATCH_020,MACH_001,Post-Etch,98.82,0,None,89.54,117.83,259.4,48.31,119.86,442.67,2024-02-12 20:30:00
WF_004092,BATCH_041,MACH_003,Post-Etch,93.16,3,None,89.831,121.53,250.15,48.95,121.4,454.78,2024-02-12 20:45:00
WF_004093,BATCH_010,MACH_003,Post-Etch,91.93,4,Contamination,90.177,116.92,242.69,52.17,119.73,454.89,2024-02-12 21:00:00
WF_004094,BATCH_013,MACH_004,Post-Etch,96.46,2,None,88.395,117.08,253.96,45.91,120.02,451.31,2024-02-12 21:15:00
WF_004095,BATCH_039,MACH_001,Post-Etch,95.13,2,None,88.904,117.41,243.95,47.67,119.89,442.14,2024-02-12 21:30:00
WF_004096,BATCH_019,MACH_005,Post-Etch,91.74,4,Etch Pit,88.564,115.44,249.4,46.66,121.4,440.38,2024-02-12 21:45:00
WF_004097,BATCH_032,MACH_002,Post-Etch,87.16,6,Micro-crack,92.969,120.54,249.58,59.38,121.04,457.7,2024-02-12 22:00:00
WF_004098,BATCH_018,MACH_002,Post-Etch,95.1,2,None,91.825,122.24,256.86,52.8,120.64,445.34,2024-02-12 22:15:00
WF_004099,BATCH_024,MACH_004,Post-Etch,95.15,2,None,91.17,115.62,253.8,50.95,118.12,442.47,2024-02-12 22:30:00
WF_004100,BATCH_043,MACH_004,Post-Etch,97.8,1,None,90.976,117.53,251.06,53.43,119.01,444.77,2024-02-12 22:45:00
WF_004101,BATCH_013,MACH_003,Post-Etch,91.85,4,Photoresist Residue,89.368,119.12,244.92,49.86,120.51,462.39,2024-02-12 23:00:00
WF_004102,BATCH_015,MACH_005,Post-Etch,95.42,2,None,88.879,122.21,258.15,46.99,118.99,437.75,2024-02-12 23:15:00
WF_004103,BATCH_030,MACH_001,Post-Etch,93.64,3,None,90.25,123.79,251.78,48.28,122.09,438.62,2024-02-12 23:30:00
WF_004104,BATCH_044,MACH_001,Post-Etch,97.41,1,None,91.201,116.59,257.28,52.64,119.91,446.47,2024-02-12 23:45:00
WF_004105,BATCH_003,MACH_003,Post-Etch,92.11,4,Contamination,88.164,116.64,247.44,46.68,119.3,457.96,2024-02-13 00:00:00
WF_004106,BATCH_034,MACH_002,Post-Etch,93.06,3,None,92.06,124.96,255.24,53.29,120.09,448.01,2024-02-13 00:15:00
WF_004107,BATCH_010,MACH_001,Post-Etch,93.53,3,None,90.897,119.68,243.78,52.07,119.17,454.41,2024-02-13 00:30:00
WF_004108,BATCH_028,MACH_002,Post-Etch,99.0,0,None,90.275,120.74,250.69,51.69,120.28,444.65,2024-02-13 00:45:00
WF_004109,BATCH_037,MACH_003,Post-Etch,90.21,5,Photoresist Residue,91.734,116.4,249.87,54.53,119.55,427.9,2024-02-13 01:00:00
WF_004110,BATCH_046,MACH_005,Post-Etch,96.14,2,None,90.744,122.83,250.61,51.87,118.83,464.9,2024-02-13 01:15:00
WF_004111,BATCH_047,MACH_001,Post-Etch,89.82,5,Pattern Distortion,90.73,116.81,250.56,52.29,120.46,425.29,2024-02-13 01:30:00
WF_004112,BATCH_005,MACH_004,Post-Etch,93.56,3,None,89.908,124.39,246.16,50.49,120.66,442.28,2024-02-13 01:45:00
WF_004113,BATCH_005,MACH_001,Post-Etch,96.1,2,None,89.762,123.53,249.45,49.61,118.52,437.02,2024-02-13 02:00:00
WF_004114,BATCH_026,MACH_002,Post-Etch,89.42,5,Contamination,92.349,124.8,251.42,56.15,119.06,442.77,2024-02-13 02:15:00
WF_004115,BATCH_023,MACH_002,Post-Etch,95.04,2,None,89.506,118.31,247.59,49.44,119.72,459.59,2024-02-13 02:30:00
WF_004116,BATCH_008,MACH_003,Post-Etch,93.69,3,None,89.838,118.31,245.92,50.53,121.42,448.06,2024-02-13 02:45:00
WF_004117,BATCH_039,MACH_003,Post-Etch,94.81,3,None,90.423,123.05,243.11,51.33,120.24,444.05,2024-02-13 03:00:00
WF_004118,BATCH_018,MACH_001,Post-Etch,91.65,4,Micro-crack,90.87,121.12,247.81,53.06,120.83,447.52,2024-02-13 03:15:00
WF_004119,BATCH_029,MACH_001,Post-Etch,96.93,1,None,89.267,123.44,247.17,49.58,119.64,453.3,2024-02-13 03:30:00
WF_004120,BATCH_026,MACH_001,Post-Etch,93.4,3,None,89.215,116.03,252.02,48.82,119.37,441.35,2024-02-13 03:45:00
WF_004121,BATCH_017,MACH_004,Post-Etch,88.37,6,Micro-crack,90.062,116.94,253.67,49.08,120.73,452.88,2024-02-13 04:00:00
WF_004122,BATCH_008,MACH_005,Post-Etch,99.0,0,None,90.038,117.42,258.28,49.65,120.83,442.16,2024-02-13 04:15:00
WF_004123,BATCH_038,MACH_004,Post-Etch,93.31,3,None,89.81,115.56,249.24,50.14,120.51,445.09,2024-02-13 04:30:00
WF_004124,BATCH_023,MACH_002,Post-Etch,95.64,2,None,90.73,116.14,250.14,52.01,119.5,451.85,2024-02-13 04:45:00
WF_004125,BATCH_048,MACH_004,Post-Etch,96.96,1,None,89.515,117.18,249.54,48.51,118.95,455.3,2024-02-13 05:00:00
WF_004126,BATCH_027,MACH_001,Post-Etch,88.33,6,Contamination,89.597,123.33,250.28,48.88,119.86,447.88,2024-02-13 05:15:00
WF_004127,BATCH_031,MACH_004,Post-Etch,93.71,3,None,89.483,115.35,242.16,49.77,120.8,436.14,2024-02-13 05:30:00
WF_004128,BATCH_020,MACH_004,Post-Etch,97.26,1,None,90.452,122.16,254.73,50.97,120.62,465.35,2024-02-13 05:45:00
WF_004129,BATCH_043,MACH_002,Post-Etch,91.39,4,Etch Pit,92.152,115.12,255.37,55.68,118.5,451.35,2024-02-13 06:00:00
WF_004130,BATCH_009,MACH_002,Post-Etch,96.14,2,None,91.012,124.49,251.43,53.03,121.36,440.18,2024-02-13 06:15:00
WF_004131,BATCH_029,MACH_005,Post-Etch,95.38,2,None,90.434,120.1,250.69,50.84,121.17,456.14,2024-02-13 06:30:00
WF_004132,BATCH_043,MACH_003,Post-Etch,97.66,1,None,90.495,124.99,250.93,51.26,118.86,448.42,2024-02-13 06:45:00
WF_004133,BATCH_013,MACH_004,Post-Etch,92.94,3,None,90.778,115.18,247.57,52.25,118.95,424.12,2024-02-13 07:00:00
WF_004134,BATCH_020,MACH_001,Post-Etch,95.69,2,None,91.235,121.83,253.3,52.21,117.67,456.67,2024-02-13 07:15:00
WF_004135,BATCH_041,MACH_005,Post-Etch,95.95,2,None,89.651,115.87,254.43,49.74,120.91,458.58,2024-02-13 07:30:00
WF_004136,BATCH_010,MACH_003,Post-Etch,96.67,1,None,89.911,124.92,232.09,51.0,120.94,462.2,2024-02-13 07:45:00
WF_004137,BATCH_044,MACH_001,Post-Etch,91.73,4,Pattern Distortion,90.896,123.89,247.0,50.71,121.12,431.2,2024-02-13 08:00:00
WF_004138,BATCH_032,MACH_003,Post-Etch,93.9,3,None,90.501,121.64,247.75,52.85,119.49,463.0,2024-02-13 08:15:00
WF_004139,BATCH_016,MACH_003,Post-Etch,89.44,5,Etch Pit,89.249,121.05,248.14,49.12,118.79,451.08,2024-02-13 08:30:00
WF_004140,BATCH_011,MACH_004,Post-Etch,95.24,2,None,89.169,115.04,250.55,47.69,120.49,438.52,2024-02-13 08:45:00
WF_004141,BATCH_049,MACH_001,Post-Etch,91.48,4,Contamination,90.33,117.04,253.03,50.6,121.3,455.74,2024-02-13 09:00:00
WF_004142,BATCH_044,MACH_004,Post-Etch,97.59,1,None,89.465,115.85,250.75,49.41,118.69,450.01,2024-02-13 09:15:00
WF_004143,BATCH_038,MACH_005,Post-Etch,93.77,3,None,90.206,124.86,248.35,51.41,119.19,446.28,2024-02-13 09:30:00
WF_004144,BATCH_046,MACH_001,Post-Etch,98.22,0,None,90.436,122.4,259.74,50.73,119.41,454.97,2024-02-13 09:45:00
WF_004145,BATCH_040,MACH_001,Post-Etch,97.39,1,None,90.107,123.04,248.67,49.67,121.26,461.77,2024-02-13 10:00:00
WF_004146,BATCH_004,MACH_004,Post-Etch,93.55,3,None,89.45,123.85,243.61,49.0,119.61,461.55,2024-02-13 10:15:00
WF_004147,BATCH_008,MACH_002,Post-Etch,99.0,0,None,90.501,116.61,255.01,51.77,118.77,441.22,2024-02-13 10:30:00
WF_004148,BATCH_042,MACH_002,Post-Etch,92.92,3,None,91.014,122.64,255.78,52.61,119.44,456.03,2024-02-13 10:45:00
WF_004149,BATCH_020,MACH_004,Post-Etch,95.95,2,None,89.923,115.09,247.82,51.39,119.78,456.91,2024-02-13 11:00:00
WF_004150,BATCH_050,MACH_003,Post-Etch,92.76,3,None,89.08,115.51,249.33,48.57,121.4,449.5,2024-02-13 11:15:00
WF_004151,BATCH_037,MACH_002,Post-Etch,91.49,4,Pattern Distortion,92.708,122.4,249.95,56.54,119.7,446.11,2024-02-13 11:30:00
WF_004152,BATCH_048,MACH_005,Post-Etch,95.67,2,None,89.537,124.46,242.35,49.68,118.36,467.47,2024-02-13 11:45:00
WF_004153,BATCH_028,MACH_002,Post-Etch,91.88,4,Pattern Distortion,91.32,123.94,250.81,54.73,119.0,446.64,2024-02-13 12:00:00
WF_004154,BATCH_045,MACH_002,Post-Etch,97.73,1,None,90.563,119.84,258.11,51.38,119.95,449.94,2024-02-13 12:15:00
WF_004155,BATCH_008,MACH_005,Post-Etch,99.0,0,None,89.769,119.71,241.25,51.44,119.98,445.33,2024-02-13 12:30:00
WF_004156,BATCH_029,MACH_004,Post-Etch,96.89,1,None,89.589,124.57,252.34,47.06,119.4,458.76,2024-02-13 12:45:00
WF_004157,BATCH_028,MACH_001,Post-Etch,96.97,1,None,90.068,119.32,251.61,50.81,121.33,442.03,2024-02-13 13:00:00
WF_004158,BATCH_015,MACH_003,Post-Etch,95.43,2,None,91.276,124.04,247.45,52.63,120.25,456.88,2024-02-13 13:15:00
WF_004159,BATCH_022,MACH_003,Post-Etch,95.59,2,None,88.694,118.41,254.65,46.25,119.72,456.49,2024-02-13 13:30:00
WF_004160,BATCH_034,MACH_001,Post-Etch,97.13,1,None,89.887,119.4,241.15,50.31,119.77,463.39,2024-02-13 13:45:00
WF_004161,BATCH_050,MACH_005,Post-Etch,88.37,6,Etch Pit,89.1,117.53,248.5,48.47,119.09,460.4,2024-02-13 14:00:00
WF_004162,BATCH_030,MACH_005,Post-Etch,88.83,6,Micro-crack,88.776,119.69,250.37,47.1,118.79,460.0,2024-02-13 14:15:00
WF_004163,BATCH_005,MACH_004,Post-Etch,95.72,2,None,88.59,120.19,247.98,48.45,119.53,439.61,2024-02-13 14:30:00
WF_004164,BATCH_039,MACH_003,Post-Etch,96.13,2,None,89.356,124.57,247.12,49.09,118.0,454.55,2024-02-13 14:45:00
WF_004165,BATCH_002,MACH_002,Post-Etch,91.59,4,Pattern Distortion,91.458,119.29,247.46,53.62,118.86,469.15,2024-02-13 15:00:00
WF_004166,BATCH_025,MACH_002,Post-Etch,96.07,2,None,91.764,115.82,252.69,53.99,120.32,453.62,2024-02-13 15:15:00
WF_004167,BATCH_043,MACH_003,Post-Etch,94.31,3,None,89.08,119.45,256.62,47.47,117.98,445.59,2024-02-13 15:30:00
WF_004168,BATCH_003,MACH_002,Post-Etch,90.66,5,Micro-crack,92.019,124.27,252.29,54.34,119.83,461.68,2024-02-13 15:45:00
WF_004169,BATCH_034,MACH_005,Post-Etch,98.11,1,None,90.635,115.86,247.33,51.12,118.9,447.6,2024-02-13 16:00:00
WF_004170,BATCH_021,MACH_001,Post-Etch,91.33,4,Etch Pit,89.402,117.41,256.03,48.08,120.8,448.87,2024-02-13 16:15:00
WF_004171,BATCH_044,MACH_002,Post-Etch,92.78,3,None,90.771,120.95,253.98,51.18,121.86,458.81,2024-02-13 16:30:00
WF_004172,BATCH_041,MACH_004,Post-Etch,91.08,4,Contamination,92.492,122.74,251.37,56.04,119.89,459.5,2024-02-13 16:45:00
WF_004173,BATCH_021,MACH_002,Post-Etch,87.72,6,Micro-crack,92.925,120.27,249.76,56.62,121.33,450.05,2024-02-13 17:00:00
WF_004174,BATCH_019,MACH_004,Post-Etch,90.63,5,Micro-crack,89.104,120.96,253.45,47.39,121.47,436.77,2024-02-13 17:15:00
WF_004175,BATCH_020,MACH_003,Post-Etch,95.47,2,None,88.733,121.56,250.24,47.27,120.36,465.12,2024-02-13 17:30:00
WF_004176,BATCH_001,MACH_004,Post-Etch,94.53,3,None,91.46,115.5,251.04,53.5,119.71,440.62,2024-02-13 17:45:00
WF_004177,BATCH_010,MACH_003,Post-Etch,98.99,0,None,90.263,115.69,253.72,49.84,120.42,434.89,2024-02-13 18:00:00
WF_004178,BATCH_023,MACH_003,Post-Etch,93.89,3,None,90.497,124.87,253.36,50.32,120.03,430.99,2024-02-13 18:15:00
WF_004179,BATCH_037,MACH_004,Post-Etch,94.26,3,None,88.883,122.96,245.17,47.53,119.15,455.37,2024-02-13 18:30:00
WF_004180,BATCH_045,MACH_004,Post-Etch,92.29,4,Photoresist Residue,90.858,115.1,244.96,51.96,119.17,453.24,2024-02-13 18:45:00
WF_004181,BATCH_021,MACH_003,Post-Etch,97.23,1,None,89.597,120.71,249.39,48.7,119.04,456.22,2024-02-13 19:00:00
WF_004182,BATCH_036,MACH_004,Post-Etch,98.06,1,None,90.619,118.91,255.99,51.71,119.93,462.5,2024-02-13 19:15:00
WF_004183,BATCH_020,MACH_005,Post-Etch,92.78,3,None,89.255,122.51,241.84,48.32,120.74,452.64,2024-02-13 19:30:00
WF_004184,BATCH_010,MACH_003,Post-Etch,97.06,1,None,89.631,121.78,246.79,50.24,120.41,455.29,2024-02-13 19:45:00
WF_004185,BATCH_020,MACH_001,Post-Etch,94.83,2,None,89.838,115.08,243.0,50.63,120.6,441.36,2024-02-13 20:00:00
WF_004186,BATCH_045,MACH_004,Post-Etch,95.43,2,None,91.455,115.02,254.29,51.91,119.39,456.78,2024-02-13 20:15:00
WF_004187,BATCH_020,MACH_003,Post-Etch,97.89,1,None,89.872,124.36,254.46,49.02,120.73,451.92,2024-02-13 20:30:00
WF_004188,BATCH_044,MACH_003,Post-Etch,89.75,5,Micro-crack,91.436,122.41,251.68,53.43,119.03,423.22,2024-02-13 20:45:00
WF_004189,BATCH_027,MACH_003,Post-Etch,97.6,1,None,91.099,121.91,252.11,51.15,120.06,445.24,2024-02-13 21:00:00
WF_004190,BATCH_010,MACH_002,Post-Etch,93.1,3,None,92.512,124.92,256.62,54.3,119.94,445.82,2024-02-13 21:15:00
WF_004191,BATCH_041,MACH_001,Post-Etch,89.64,5,Photoresist Residue,90.915,116.05,247.96,53.03,119.06,459.61,2024-02-13 21:30:00
WF_004192,BATCH_012,MACH_005,Post-Etch,97.17,1,None,89.671,122.13,250.49,49.0,119.26,439.54,2024-02-13 21:45:00
WF_004193,BATCH_024,MACH_003,Post-Etch,90.84,5,Pattern Distortion,90.35,122.15,249.56,50.43,119.57,459.14,2024-02-13 22:00:00
WF_004194,BATCH_030,MACH_005,Post-Etch,95.55,2,None,91.108,115.65,250.31,52.82,121.82,438.08,2024-02-13 22:15:00
WF_004195,BATCH_009,MACH_005,Post-Etch,92.14,4,Etch Pit,90.827,121.58,252.17,50.26,119.51,439.74,2024-02-13 22:30:00
WF_004196,BATCH_017,MACH_001,Post-Etch,97.63,1,None,89.628,120.61,249.83,48.86,120.49,463.26,2024-02-13 22:45:00
WF_004197,BATCH_003,MACH_001,Post-Etch,97.26,1,None,88.993,119.07,247.5,48.89,120.83,450.72,2024-02-13 23:00:00
WF_004198,BATCH_028,MACH_002,Post-Etch,95.82,2,None,90.7,124.3,247.65,51.3,119.7,456.91,2024-02-13 23:15:00
WF_004199,BATCH_017,MACH_001,Post-Etch,95.91,2,None,90.32,123.43,246.69,50.25,120.46,444.48,2024-02-13 23:30:00
WF_004200,BATCH_018,MACH_001,Post-Etch,95.34,2,None,90.633,121.27,248.06,51.37,121.52,457.37,2024-02-13 23:45:00
WF_004201,BATCH_001,MACH_005,Post-Etch,99.0,0,None,90.261,120.75,252.3,50.15,120.37,444.71,2024-02-14 00:00:00
WF_004202,BATCH_027,MACH_004,Post-Etch,95.64,2,None,89.208,124.26,249.21,47.36,121.02,449.69,2024-02-14 00:15:00
WF_004203,BATCH_015,MACH_002,Post-Etch,94.12,2,None,91.53,117.52,247.39,53.39,119.77,459.42,2024-02-14 00:30:00
WF_004204,BATCH_009,MACH_004,Post-Etch,97.45,1,None,89.897,115.6,249.74,49.51,119.75,438.28,2024-02-14 00:45:00
WF_004205,BATCH_036,MACH_002,Post-Etch,93.56,3,None,92.518,121.17,250.94,55.9,120.53,455.53,2024-02-14 01:00:00
WF_004206,BATCH_009,MACH_001,Post-Etch,93.46,3,None,91.135,118.27,250.29,51.88,120.47,439.98,2024-02-14 01:15:00
WF_004207,BATCH_025,MACH_003,Post-Etch,94.42,3,None,90.769,123.34,249.88,50.13,120.0,449.1,2024-02-14 01:30:00
WF_004208,BATCH_029,MACH_002,Post-Etch,87.05,7,Pattern Distortion,93.089,118.34,250.8,56.63,119.26,450.29,2024-02-14 01:45:00
WF_004209,BATCH_013,MACH_001,Post-Etch,94.1,3,None,91.063,121.58,249.24,52.03,119.79,452.28,2024-02-14 02:00:00
WF_004210,BATCH_007,MACH_005,Post-Etch,97.09,1,None,89.617,119.52,253.77,48.64,118.47,438.38,2024-02-14 02:15:00
WF_004211,BATCH_018,MACH_001,Post-Etch,91.97,4,Etch Pit,88.97,124.26,241.88,48.65,120.34,467.7,2024-02-14 02:30:00
WF_004212,BATCH_045,MACH_002,Post-Etch,94.78,2,None,91.16,121.65,254.42,52.86,118.69,472.44,2024-02-14 02:45:00
WF_004213,BATCH_016,MACH_004,Post-Etch,89.86,5,Etch Pit,90.95,117.11,255.51,51.18,119.61,446.1,2024-02-14 03:00:00
WF_004214,BATCH_017,MACH_005,Post-Etch,94.15,3,None,90.541,120.92,256.85,50.91,120.38,447.28,2024-02-14 03:15:00
WF_004215,BATCH_016,MACH_002,Post-Etch,87.49,6,Micro-crack,91.588,116.62,255.75,53.99,120.6,445.86,2024-02-14 03:30:00
WF_004216,BATCH_016,MACH_005,Post-Etch,95.28,2,None,90.586,118.62,251.25,51.36,120.03,447.79,2024-02-14 03:45:00
WF_004217,BATCH_036,MACH_004,Post-Etch,93.73,3,None,90.674,122.3,252.41,51.01,120.92,436.2,2024-02-14 04:00:00
WF_004218,BATCH_006,MACH_003,Post-Etch,92.22,4,Photoresist Residue,89.727,120.06,240.68,49.24,117.89,447.26,2024-02-14 04:15:00
WF_004219,BATCH_020,MACH_002,Post-Etch,95.47,2,None,90.471,115.73,244.62,51.85,120.18,450.07,2024-02-14 04:30:00
WF_004220,BATCH_020,MACH_005,Post-Etch,97.46,1,None,89.968,124.67,254.97,49.65,117.95,445.49,2024-02-14 04:45:00
WF_004221,BATCH_045,MACH_004,Post-Etch,97.1,1,None,90.084,123.9,249.39,49.34,120.33,445.63,2024-02-14 05:00:00
WF_004222,BATCH_040,MACH_003,Post-Etch,97.16,1,None,89.438,123.76,252.8,47.95,121.58,439.39,2024-02-14 05:15:00
WF_004223,BATCH_007,MACH_004,Post-Etch,97.4,1,None,89.729,115.65,245.15,49.48,119.9,457.28,2024-02-14 05:30:00
WF_004224,BATCH_050,MACH_002,Post-Etch,95.44,2,None,90.899,121.4,249.17,53.22,119.64,445.41,2024-02-14 05:45:00
WF_004225,BATCH_016,MACH_005,Post-Etch,96.82,1,None,90.888,120.06,245.88,51.95,119.55,455.55,2024-02-14 06:00:00
WF_004226,BATCH_003,MACH_002,Post-Etch,91.4,4,Photoresist Residue,91.218,119.09,247.53,53.03,120.34,451.12,2024-02-14 06:15:00
WF_004227,BATCH_003,MACH_005,Post-Etch,84.97,7,Photoresist Residue,90.003,119.26,251.61,50.41,121.27,447.43,2024-02-14 06:30:00
WF_004228,BATCH_002,MACH_005,Post-Etch,98.58,0,None,89.679,119.71,246.74,49.77,118.57,447.45,2024-02-14 06:45:00
WF_004229,BATCH_023,MACH_004,Post-Etch,92.7,4,Micro-crack,89.964,123.48,252.49,49.44,120.58,441.65,2024-02-14 07:00:00
WF_004230,BATCH_012,MACH_005,Post-Etch,95.1,2,None,91.87,116.46,248.26,53.02,121.05,447.9,2024-02-14 07:15:00
WF_004231,BATCH_038,MACH_004,Post-Etch,93.21,3,None,89.232,123.86,255.48,47.4,120.18,453.48,2024-02-14 07:30:00
WF_004232,BATCH_015,MACH_002,Post-Etch,91.42,4,Contamination,91.781,116.52,245.28,54.17,120.51,454.43,2024-02-14 07:45:00
WF_004233,BATCH_036,MACH_005,Post-Etch,93.24,3,None,90.313,124.58,250.2,51.21,120.5,438.66,2024-02-14 08:00:00
WF_004234,BATCH_049,MACH_001,Post-Etch,91.53,4,Micro-crack,91.233,116.45,244.95,53.44,119.32,447.72,2024-02-14 08:15:00
WF_004235,BATCH_019,MACH_004,Post-Etch,87.32,6,Etch Pit,89.184,116.34,253.34,48.64,120.82,448.69,2024-02-14 08:30:00
WF_004236,BATCH_036,MACH_002,Post-Etch,91.85,4,Photoresist Residue,92.569,123.36,246.06,57.9,120.66,452.07,2024-02-14 08:45:00
WF_004237,BATCH_008,MACH_005,Post-Etch,91.81,4,Contamination,91.35,120.08,250.25,52.68,120.16,459.15,2024-02-14 09:00:00
WF_004238,BATCH_031,MACH_002,Post-Etch,95.61,2,None,90.228,120.35,256.62,50.55,120.38,437.25,2024-02-14 09:15:00
WF_004239,BATCH_001,MACH_005,Post-Etch,90.24,5,Contamination,91.628,123.67,257.18,53.45,121.26,427.0,2024-02-14 09:30:00
WF_004240,BATCH_021,MACH_002,Post-Etch,88.66,6,Pattern Distortion,93.809,120.23,255.52,57.9,120.27,451.82,2024-02-14 09:45:00
WF_004241,BATCH_030,MACH_004,Post-Etch,93.2,3,None,89.031,118.09,248.77,47.9,118.51,461.98,2024-02-14 10:00:00
WF_004242,BATCH_030,MACH_005,Post-Etch,90.57,4,Etch Pit,91.14,116.94,260.97,51.27,120.24,443.96,2024-02-14 10:15:00
WF_004243,BATCH_031,MACH_004,Post-Etch,94.02,3,None,89.887,119.67,255.33,48.68,120.17,439.89,2024-02-14 10:30:00
WF_004244,BATCH_013,MACH_001,Post-Etch,92.68,3,None,91.899,118.45,260.4,53.03,120.04,445.67,2024-02-14 10:45:00
WF_004245,BATCH_023,MACH_005,Post-Etch,90.51,5,Etch Pit,87.871,115.26,252.47,44.37,121.95,442.56,2024-02-14 11:00:00
WF_004246,BATCH_012,MACH_005,Post-Etch,87.65,6,Micro-crack,89.819,122.88,249.78,50.95,119.78,457.74,2024-02-14 11:15:00
WF_004247,BATCH_007,MACH_001,Post-Etch,95.61,2,None,89.603,123.18,246.5,49.65,119.56,450.25,2024-02-14 11:30:00
WF_004248,BATCH_025,MACH_001,Post-Etch,92.17,4,Pattern Distortion,90.525,119.41,248.43,51.42,120.39,441.88,2024-02-14 11:45:00
WF_004249,BATCH_003,MACH_002,Post-Etch,93.97,3,None,91.322,121.77,247.7,53.9,121.15,441.06,2024-02-14 12:00:00
WF_004250,BATCH_007,MACH_005,Post-Etch,95.18,2,None,90.403,123.43,252.37,51.37,121.9,439.09,2024-02-14 12:15:00
WF_004251,BATCH_048,MACH_004,Post-Etch,92.22,4,Contamination,91.676,115.3,252.59,53.72,119.18,436.66,2024-02-14 12:30:00
WF_004252,BATCH_039,MACH_001,Post-Etch,83.89,8,Contamination,88.424,117.76,247.21,46.0,120.06,434.41,2024-02-14 12:45:00
WF_004253,BATCH_002,MACH_001,Post-Etch,95.16,2,None,89.74,120.04,245.47,49.98,120.63,439.3,2024-02-14 13:00:00
WF_004254,BATCH_001,MACH_003,Post-Etch,94.0,3,None,90.516,122.32,244.61,50.71,119.62,439.33,2024-02-14 13:15:00
WF_004255,BATCH_035,MACH_003,Post-Etch,92.3,4,Micro-crack,91.527,118.85,256.4,52.26,119.49,456.62,2024-02-14 13:30:00
WF_004256,BATCH_033,MACH_004,Post-Etch,99.0,0,None,90.443,122.95,246.92,51.74,119.42,439.83,2024-02-14 13:45:00
WF_004257,BATCH_043,MACH_002,Post-Etch,94.62,3,None,90.896,118.81,244.02,52.15,118.42,464.91,2024-02-14 14:00:00
WF_004258,BATCH_010,MACH_001,Post-Etch,95.24,2,None,90.066,123.69,253.4,49.84,118.3,455.81,2024-02-14 14:15:00
WF_004259,BATCH_019,MACH_005,Post-Etch,94.22,3,None,90.596,124.9,248.16,51.51,119.27,447.2,2024-02-14 14:30:00
WF_004260,BATCH_049,MACH_003,Post-Etch,95.53,2,None,91.178,121.27,258.31,51.03,120.59,450.56,2024-02-14 14:45:00
WF_004261,BATCH_038,MACH_001,Post-Etch,93.07,3,None,90.234,124.53,254.87,49.86,121.08,452.74,2024-02-14 15:00:00
WF_004262,BATCH_019,MACH_002,Post-Etch,97.37,1,None,90.513,116.74,247.77,51.02,119.3,437.03,2024-02-14 15:15:00
WF_004263,BATCH_024,MACH_002,Post-Etch,86.43,7,Photoresist Residue,92.544,116.65,250.31,56.44,118.94,452.34,2024-02-14 15:30:00
WF_004264,BATCH_045,MACH_005,Post-Etch,95.22,2,None,91.06,123.11,249.55,53.1,119.02,445.63,2024-02-14 15:45:00
WF_004265,BATCH_015,MACH_004,Post-Etch,96.86,1,None,90.012,124.49,249.26,50.62,119.53,442.24,2024-02-14 16:00:00
WF_004266,BATCH_015,MACH_003,Post-Etch,97.09,1,None,90.225,124.64,251.36,49.1,119.54,474.05,2024-02-14 16:15:00
WF_004267,BATCH_048,MACH_004,Post-Etch,95.66,2,None,89.316,123.97,243.48,49.84,119.51,462.04,2024-02-14 16:30:00
WF_004268,BATCH_008,MACH_001,Post-Etch,96.12,2,None,90.28,116.12,248.98,50.84,118.26,432.34,2024-02-14 16:45:00
WF_004269,BATCH_040,MACH_002,Post-Etch,90.63,5,Micro-crack,92.423,119.12,249.88,55.61,120.02,445.87,2024-02-14 17:00:00
WF_004270,BATCH_005,MACH_005,Post-Etch,95.21,2,None,89.968,119.45,248.35,49.72,119.07,455.16,2024-02-14 17:15:00
WF_004271,BATCH_010,MACH_003,Post-Etch,93.63,3,None,90.038,118.37,244.89,51.07,117.14,431.67,2024-02-14 17:30:00
WF_004272,BATCH_013,MACH_004,Post-Etch,93.97,3,None,89.135,117.61,243.15,48.66,118.76,456.81,2024-02-14 17:45:00
WF_004273,BATCH_001,MACH_003,Post-Etch,96.7,1,None,89.409,121.3,252.67,46.63,121.66,458.39,2024-02-14 18:00:00
WF_004274,BATCH_010,MACH_002,Post-Etch,94.76,2,None,91.411,117.21,256.97,53.99,119.95,459.65,2024-02-14 18:15:00
WF_004275,BATCH_046,MACH_003,Post-Etch,90.52,5,Contamination,89.786,119.64,249.91,48.95,120.06,443.26,2024-02-14 18:30:00
WF_004276,BATCH_030,MACH_003,Post-Etch,91.27,4,Contamination,88.78,117.63,249.2,48.4,120.44,438.95,2024-02-14 18:45:00
WF_004277,BATCH_009,MACH_004,Post-Etch,93.52,3,None,91.583,121.14,255.73,52.57,120.06,444.91,2024-02-14 19:00:00
WF_004278,BATCH_044,MACH_002,Post-Etch,95.81,2,None,90.996,124.51,247.65,52.41,118.29,453.58,2024-02-14 19:15:00
WF_004279,BATCH_025,MACH_004,Post-Etch,96.92,1,None,90.81,124.21,262.62,50.35,120.52,451.19,2024-02-14 19:30:00
WF_004280,BATCH_011,MACH_003,Post-Etch,91.31,4,Contamination,88.074,117.51,242.2,47.16,120.6,447.27,2024-02-14 19:45:00
WF_004281,BATCH_040,MACH_005,Post-Etch,93.39,3,None,90.614,120.67,253.73,51.26,120.31,446.57,2024-02-14 20:00:00
WF_004282,BATCH_041,MACH_004,Post-Etch,94.9,2,None,90.624,119.86,251.05,51.09,120.82,454.32,2024-02-14 20:15:00
WF_004283,BATCH_003,MACH_002,Post-Etch,93.48,3,None,91.555,117.1,248.6,54.64,120.11,458.66,2024-02-14 20:30:00
WF_004284,BATCH_040,MACH_004,Post-Etch,91.74,4,Etch Pit,88.078,118.32,244.29,46.41,121.08,445.67,2024-02-14 20:45:00
WF_004285,BATCH_005,MACH_002,Post-Etch,93.64,3,None,91.102,118.43,241.75,55.29,118.56,439.19,2024-02-14 21:00:00
WF_004286,BATCH_018,MACH_001,Post-Etch,93.62,3,None,90.658,117.71,250.84,50.94,119.92,456.26,2024-02-14 21:15:00
WF_004287,BATCH_003,MACH_004,Post-Etch,92.99,3,None,90.256,119.36,251.79,51.1,120.48,442.66,2024-02-14 21:30:00
WF_004288,BATCH_025,MACH_001,Post-Etch,96.36,2,None,89.544,122.47,248.72,49.15,120.34,442.48,2024-02-14 21:45:00
WF_004289,BATCH_048,MACH_002,Post-Etch,93.55,3,None,91.525,119.47,256.48,53.02,119.07,455.05,2024-02-14 22:00:00
WF_004290,BATCH_039,MACH_004,Post-Etch,94.89,2,None,89.29,116.43,256.69,47.85,119.27,451.9,2024-02-14 22:15:00
WF_004291,BATCH_041,MACH_005,Post-Etch,92.08,3,None,89.928,124.64,250.17,50.08,121.87,451.78,2024-02-14 22:30:00
WF_004292,BATCH_032,MACH_005,Post-Etch,95.85,2,None,90.219,122.68,248.06,49.74,121.18,437.24,2024-02-14 22:45:00
WF_004293,BATCH_017,MACH_005,Post-Etch,97.01,1,None,90.059,122.27,248.35,50.46,119.25,459.15,2024-02-14 23:00:00
WF_004294,BATCH_007,MACH_004,Post-Etch,93.73,3,None,88.924,117.34,249.64,47.44,119.74,453.68,2024-02-14 23:15:00
WF_004295,BATCH_022,MACH_002,Post-Etch,86.28,7,Pattern Distortion,93.188,122.9,257.38,56.97,119.02,451.37,2024-02-14 23:30:00
WF_004296,BATCH_031,MACH_004,Post-Etch,96.82,1,None,90.267,121.65,250.01,50.89,120.67,457.36,2024-02-14 23:45:00
WF_004297,BATCH_029,MACH_004,Post-Etch,95.13,2,None,89.844,121.28,257.07,48.72,120.44,446.44,2024-02-15 00:00:00
WF_004298,BATCH_041,MACH_003,Post-Etch,93.94,3,None,91.062,121.59,248.41,52.84,120.43,461.07,2024-02-15 00:15:00
WF_004299,BATCH_026,MACH_003,Post-Etch,90.15,5,Photoresist Residue,91.011,121.44,240.35,53.75,117.81,449.29,2024-02-15 00:30:00
WF_004300,BATCH_014,MACH_005,Post-Etch,95.17,2,None,91.239,124.02,247.15,53.05,120.77,447.13,2024-02-15 00:45:00
WF_004301,BATCH_022,MACH_005,Post-Etch,89.95,5,Etch Pit,90.865,116.45,238.34,53.0,119.88,462.66,2024-02-15 01:00:00
WF_004302,BATCH_008,MACH_005,Post-Etch,98.38,1,None,91.244,116.59,252.73,52.85,117.26,473.4,2024-02-15 01:15:00
WF_004303,BATCH_013,MACH_004,Post-Etch,93.96,3,None,90.17,115.11,258.66,49.29,120.68,436.36,2024-02-15 01:30:00
WF_004304,BATCH_002,MACH_005,Post-Etch,95.61,2,None,89.348,116.8,242.35,49.7,119.2,442.56,2024-02-15 01:45:00
WF_004305,BATCH_005,MACH_003,Post-Etch,91.88,4,Contamination,90.669,124.06,253.39,50.81,119.59,449.08,2024-02-15 02:00:00
WF_004306,BATCH_034,MACH_001,Post-Etch,91.84,4,Photoresist Residue,90.386,119.58,247.14,52.22,119.57,455.69,2024-02-15 02:15:00
WF_004307,BATCH_047,MACH_005,Post-Etch,95.85,2,None,91.644,120.34,252.24,53.53,120.56,469.1,2024-02-15 02:30:00
WF_004308,BATCH_022,MACH_003,Post-Etch,92.83,3,None,91.857,116.14,260.39,52.57,121.04,442.76,2024-02-15 02:45:00
WF_004309,BATCH_042,MACH_001,Post-Etch,97.48,1,None,90.193,120.27,248.91,50.62,120.68,435.51,2024-02-15 03:00:00
WF_004310,BATCH_015,MACH_005,Post-Etch,97.73,1,None,90.4,115.23,255.42,48.51,119.06,449.95,2024-02-15 03:15:00
WF_004311,BATCH_037,MACH_001,Post-Etch,95.1,2,None,90.583,124.12,252.72,51.21,120.78,459.36,2024-02-15 03:30:00
WF_004312,BATCH_007,MACH_005,Post-Etch,97.58,1,None,90.229,118.49,248.28,50.3,121.2,454.54,2024-02-15 03:45:00
WF_004313,BATCH_045,MACH_005,Post-Etch,90.3,5,Micro-crack,89.159,116.14,253.82,46.47,120.75,444.3,2024-02-15 04:00:00
WF_004314,BATCH_046,MACH_003,Post-Etch,97.3,1,None,89.495,122.99,251.33,48.3,120.52,458.2,2024-02-15 04:15:00
WF_004315,BATCH_015,MACH_004,Post-Etch,98.38,0,None,89.444,115.54,243.24,49.9,120.68,440.62,2024-02-15 04:30:00
WF_004316,BATCH_008,MACH_002,Post-Etch,88.64,6,Contamination,93.683,115.75,251.43,57.86,119.82,451.98,2024-02-15 04:45:00
WF_004317,BATCH_002,MACH_005,Post-Etch,93.76,3,None,92.158,116.4,251.46,54.5,120.51,441.78,2024-02-15 05:00:00
WF_004318,BATCH_029,MACH_004,Post-Etch,91.76,4,Contamination,87.623,116.5,252.22,44.2,119.17,462.04,2024-02-15 05:15:00
WF_004319,BATCH_019,MACH_002,Post-Etch,88.0,6,Pattern Distortion,92.319,117.69,257.28,53.87,119.79,444.59,2024-02-15 05:30:00
WF_004320,BATCH_023,MACH_004,Post-Etch,94.21,3,None,89.332,123.71,248.03,49.07,119.71,458.91,2024-02-15 05:45:00
WF_004321,BATCH_042,MACH_002,Post-Etch,93.12,3,None,91.66,118.56,252.49,53.85,121.02,444.51,2024-02-15 06:00:00
WF_004322,BATCH_045,MACH_002,Post-Etch,90.46,5,Etch Pit,92.835,122.11,254.54,55.36,120.58,440.53,2024-02-15 06:15:00
WF_004323,BATCH_012,MACH_003,Post-Etch,92.64,4,Etch Pit,90.698,116.46,261.36,52.25,119.37,457.0,2024-02-15 06:30:00
WF_004324,BATCH_010,MACH_001,Post-Etch,89.4,5,Pattern Distortion,91.449,117.49,248.05,52.98,120.3,470.97,2024-02-15 06:45:00
WF_004325,BATCH_007,MACH_003,Post-Etch,90.43,5,Photoresist Residue,88.666,124.09,251.59,46.46,119.98,441.06,2024-02-15 07:00:00
WF_004326,BATCH_037,MACH_002,Post-Etch,93.39,3,None,92.035,115.99,260.97,52.68,121.25,435.96,2024-02-15 07:15:00
WF_004327,BATCH_021,MACH_001,Post-Etch,92.78,3,None,90.7,118.88,253.85,50.2,119.38,438.43,2024-02-15 07:30:00
WF_004328,BATCH_036,MACH_002,Post-Etch,94.02,3,None,88.698,122.91,242.32,48.2,120.51,454.53,2024-02-15 07:45:00
WF_004329,BATCH_016,MACH_001,Post-Etch,98.01,1,None,89.679,118.95,249.16,49.36,118.1,456.67,2024-02-15 08:00:00
WF_004330,BATCH_035,MACH_003,Post-Etch,99.0,0,None,89.448,119.0,243.14,49.88,120.17,444.83,2024-02-15 08:15:00
WF_004331,BATCH_031,MACH_005,Post-Etch,89.48,5,Micro-crack,89.886,119.52,249.54,48.78,119.76,451.75,2024-02-15 08:30:00
WF_004332,BATCH_011,MACH_002,Post-Etch,90.01,5,Photoresist Residue,91.882,119.97,254.47,54.08,121.53,458.84,2024-02-15 08:45:00
WF_004333,BATCH_033,MACH_001,Post-Etch,91.71,4,Etch Pit,87.416,115.25,250.79,44.31,120.49,463.59,2024-02-15 09:00:00
WF_004334,BATCH_001,MACH_003,Post-Etch,97.31,1,None,89.901,122.98,250.92,49.29,120.6,450.64,2024-02-15 09:15:00
WF_004335,BATCH_030,MACH_004,Post-Etch,91.67,4,Photoresist Residue,91.532,115.94,248.01,53.21,119.08,445.8,2024-02-15 09:30:00
WF_004336,BATCH_011,MACH_002,Post-Etch,87.94,6,Contamination,91.393,118.31,247.0,54.02,120.32,459.69,2024-02-15 09:45:00
WF_004337,BATCH_045,MACH_005,Post-Etch,93.27,3,None,89.629,116.76,242.11,49.98,119.59,443.67,2024-02-15 10:00:00
WF_004338,BATCH_030,MACH_003,Post-Etch,92.23,4,Etch Pit,89.771,121.83,249.3,48.43,119.99,442.38,2024-02-15 10:15:00
WF_004339,BATCH_024,MACH_004,Post-Etch,94.3,3,None,90.572,119.55,259.79,49.99,119.22,445.93,2024-02-15 10:30:00
WF_004340,BATCH_041,MACH_001,Post-Etch,89.82,5,Etch Pit,88.038,116.44,249.45,45.85,121.13,432.81,2024-02-15 10:45:00
WF_004341,BATCH_043,MACH_001,Post-Etch,89.51,5,Contamination,91.557,118.04,251.75,52.84,119.14,440.13,2024-02-15 11:00:00
WF_004342,BATCH_037,MACH_003,Post-Etch,89.92,5,Etch Pit,89.515,121.45,241.98,49.12,117.84,463.92,2024-02-15 11:15:00
WF_004343,BATCH_042,MACH_003,Post-Etch,90.34,5,Etch Pit,91.063,115.22,256.68,51.66,120.03,451.7,2024-02-15 11:30:00
WF_004344,BATCH_037,MACH_002,Post-Etch,94.56,3,None,91.249,120.41,252.89,52.1,119.77,447.92,2024-02-15 11:45:00
WF_004345,BATCH_044,MACH_002,Post-Etch,89.44,5,Pattern Distortion,92.098,115.96,248.9,56.26,117.36,443.82,2024-02-15 12:00:00
WF_004346,BATCH_005,MACH_004,Post-Etch,93.67,3,None,89.37,118.33,250.08,48.89,120.7,444.32,2024-02-15 12:15:00
WF_004347,BATCH_035,MACH_003,Post-Etch,95.21,2,None,89.811,122.53,247.46,50.94,120.0,442.34,2024-02-15 12:30:00
WF_004348,BATCH_050,MACH_003,Post-Etch,90.04,5,Etch Pit,91.049,118.5,244.31,52.95,118.7,452.92,2024-02-15 12:45:00
WF_004349,BATCH_007,MACH_003,Post-Etch,93.66,3,None,89.389,119.1,247.86,48.74,120.48,432.78,2024-02-15 13:00:00
WF_004350,BATCH_040,MACH_002,Post-Etch,89.92,5,Pattern Distortion,93.512,119.43,249.48,58.76,122.53,446.61,2024-02-15 13:15:00
WF_004351,BATCH_009,MACH_001,Post-Etch,89.69,5,Photoresist Residue,90.434,123.89,254.53,50.6,121.19,461.29,2024-02-15 13:30:00
WF_004352,BATCH_020,MACH_001,Post-Etch,94.66,3,None,91.008,119.47,251.28,53.49,120.17,446.2,2024-02-15 13:45:00
WF_004353,BATCH_022,MACH_003,Post-Etch,95.95,2,None,90.208,120.36,247.51,50.49,119.95,433.85,2024-02-15 14:00:00
WF_004354,BATCH_034,MACH_005,Post-Etch,94.98,2,None,89.286,123.82,247.86,49.72,119.96,442.79,2024-02-15 14:15:00
WF_004355,BATCH_017,MACH_002,Post-Etch,95.36,2,None,90.726,123.75,240.23,52.17,121.82,463.82,2024-02-15 14:30:00
WF_004356,BATCH_050,MACH_001,Post-Etch,97.58,1,None,90.473,115.88,247.68,50.94,117.34,460.05,2024-02-15 14:45:00
WF_004357,BATCH_021,MACH_004,Post-Etch,92.77,3,None,91.423,117.06,256.1,52.48,120.04,457.19,2024-02-15 15:00:00
WF_004358,BATCH_011,MACH_004,Post-Etch,93.39,3,None,91.717,124.67,250.78,52.12,121.36,442.76,2024-02-15 15:15:00
WF_004359,BATCH_037,MACH_004,Post-Etch,99.0,0,None,89.709,119.18,256.31,49.45,120.46,443.08,2024-02-15 15:30:00
WF_004360,BATCH_022,MACH_003,Post-Etch,97.1,1,None,89.536,124.84,248.31,49.42,120.6,441.12,2024-02-15 15:45:00
WF_004361,BATCH_039,MACH_002,Post-Etch,95.34,2,None,90.701,123.17,251.32,51.7,121.89,452.27,2024-02-15 16:00:00
WF_004362,BATCH_030,MACH_002,Post-Etch,90.52,5,Pattern Distortion,92.248,117.72,247.23,56.57,118.62,439.13,2024-02-15 16:15:00
WF_004363,BATCH_012,MACH_003,Post-Etch,89.86,5,Micro-crack,89.84,118.39,251.36,48.6,119.71,438.12,2024-02-15 16:30:00
WF_004364,BATCH_004,MACH_004,Post-Etch,97.25,1,None,90.167,118.95,250.09,49.79,120.3,462.52,2024-02-15 16:45:00
WF_004365,BATCH_023,MACH_002,Post-Etch,88.48,6,Pattern Distortion,91.109,124.34,252.88,52.47,120.81,435.57,2024-02-15 17:00:00
WF_004366,BATCH_024,MACH_001,Post-Etch,96.72,1,None,89.655,118.23,253.8,47.82,122.72,435.45,2024-02-15 17:15:00
WF_004367,BATCH_017,MACH_001,Post-Etch,92.13,4,Micro-crack,88.657,121.85,249.09,47.07,119.13,459.01,2024-02-15 17:30:00
WF_004368,BATCH_025,MACH_003,Post-Etch,92.6,4,Etch Pit,90.384,123.87,251.95,51.66,119.28,429.5,2024-02-15 17:45:00
WF_004369,BATCH_033,MACH_003,Post-Etch,93.21,3,None,89.698,124.78,247.23,50.08,119.73,454.6,2024-02-15 18:00:00
WF_004370,BATCH_020,MACH_001,Post-Etch,94.79,2,None,89.094,120.63,249.51,47.11,119.05,434.09,2024-02-15 18:15:00
WF_004371,BATCH_030,MACH_004,Post-Etch,97.55,1,None,90.107,119.62,249.02,51.38,121.06,451.21,2024-02-15 18:30:00
WF_004372,BATCH_047,MACH_004,Post-Etch,95.34,2,None,90.595,121.19,255.97,51.38,119.91,451.51,2024-02-15 18:45:00
WF_004373,BATCH_028,MACH_002,Post-Etch,92.8,3,None,90.911,118.04,258.77,51.56,120.17,463.06,2024-02-15 19:00:00
WF_004374,BATCH_017,MACH_004,Post-Etch,97.54,1,None,91.057,124.98,246.3,52.73,118.72,441.97,2024-02-15 19:15:00
WF_004375,BATCH_042,MACH_005,Post-Etch,95.94,2,None,90.447,115.57,261.77,50.04,120.38,444.32,2024-02-15 19:30:00
WF_004376,BATCH_010,MACH_005,Post-Etch,94.3,3,None,91.574,124.97,250.36,53.68,120.4,465.4,2024-02-15 19:45:00
WF_004377,BATCH_040,MACH_004,Post-Etch,90.43,5,Contamination,90.098,116.36,251.83,48.83,118.96,448.65,2024-02-15 20:00:00
WF_004378,BATCH_031,MACH_001,Post-Etch,95.85,2,None,90.318,117.16,254.91,51.44,118.97,438.47,2024-02-15 20:15:00
WF_004379,BATCH_029,MACH_001,Post-Etch,94.77,2,None,91.551,123.45,257.46,52.77,120.18,446.99,2024-02-15 20:30:00
WF_004380,BATCH_033,MACH_001,Post-Etch,97.55,1,None,90.019,120.01,243.45,51.66,122.66,462.25,2024-02-15 20:45:00
WF_004381,BATCH_032,MACH_001,Post-Etch,91.47,4,Photoresist Residue,91.133,118.97,251.71,52.2,119.37,458.32,2024-02-15 21:00:00
WF_004382,BATCH_040,MACH_002,Post-Etch,93.21,3,None,90.708,118.59,244.33,52.79,120.0,455.47,2024-02-15 21:15:00
WF_004383,BATCH_043,MACH_005,Post-Etch,92.84,3,None,88.221,123.21,249.23,46.59,119.82,435.48,2024-02-15 21:30:00
WF_004384,BATCH_010,MACH_002,Post-Etch,93.7,3,None,91.393,120.86,254.31,53.24,121.81,440.05,2024-02-15 21:45:00
WF_004385,BATCH_028,MACH_002,Post-Etch,90.31,5,Contamination,92.462,120.34,257.87,55.26,119.38,442.75,2024-02-15 22:00:00
WF_004386,BATCH_002,MACH_001,Post-Etch,93.81,3,None,90.715,118.83,246.93,50.84,121.86,458.23,2024-02-15 22:15:00
WF_004387,BATCH_016,MACH_001,Post-Etch,93.82,3,None,89.823,123.93,251.57,49.54,117.88,468.5,2024-02-15 22:30:00
WF_004388,BATCH_025,MACH_003,Post-Etch,93.11,3,None,89.855,121.06,256.93,48.99,121.06,462.57,2024-02-15 22:45:00
WF_004389,BATCH_021,MACH_004,Post-Etch,92.2,4,Micro-crack,88.884,116.71,247.37,47.81,119.25,454.31,2024-02-15 23:00:00
WF_004390,BATCH_036,MACH_005,Post-Etch,95.75,2,None,90.31,117.12,249.19,51.61,119.51,454.83,2024-02-15 23:15:00
WF_004391,BATCH_014,MACH_003,Post-Etch,93.27,3,None,89.135,123.55,254.06,48.07,121.03,441.8,2024-02-15 23:30:00
WF_004392,BATCH_023,MACH_005,Post-Etch,95.21,2,None,89.767,124.95,244.3,49.12,118.42,439.48,2024-02-15 23:45:00
WF_004393,BATCH_013,MACH_003,Post-Etch,91.56,4,Pattern Distortion,91.487,120.81,253.53,53.35,120.68,467.43,2024-02-16 00:00:00
WF_004394,BATCH_017,MACH_001,Post-Etch,93.76,3,None,89.002,123.7,251.67,47.35,118.42,438.17,2024-02-16 00:15:00
WF_004395,BATCH_030,MACH_004,Post-Etch,94.55,2,None,91.465,123.57,247.37,52.73,119.78,446.02,2024-02-16 00:30:00
WF_004396,BATCH_031,MACH_001,Post-Etch,95.18,2,None,89.364,123.17,248.27,49.12,119.99,437.73,2024-02-16 00:45:00
WF_004397,BATCH_049,MACH_002,Post-Etch,86.02,7,Contamination,94.065,124.86,246.2,59.1,120.64,463.04,2024-02-16 01:00:00
WF_004398,BATCH_021,MACH_003,Post-Etch,89.95,5,Pattern Distortion,91.356,124.1,256.97,52.06,118.86,457.19,2024-02-16 01:15:00
WF_004399,BATCH_050,MACH_005,Post-Etch,91.08,4,Contamination,90.241,115.28,250.65,51.37,118.49,448.17,2024-02-16 01:30:00
WF_004400,BATCH_021,MACH_005,Post-Etch,95.6,2,None,89.914,116.11,247.21,49.47,120.57,436.11,2024-02-16 01:45:00
WF_004401,BATCH_029,MACH_002,Post-Etch,81.07,10,Photoresist Residue,94.171,115.9,252.26,60.21,118.78,460.2,2024-02-16 02:00:00
WF_004402,BATCH_005,MACH_005,Post-Etch,93.65,3,None,89.426,124.22,249.71,49.06,120.82,457.99,2024-02-16 02:15:00
WF_004403,BATCH_008,MACH_002,Post-Etch,91.97,4,Pattern Distortion,92.076,118.17,250.3,54.17,121.15,470.19,2024-02-16 02:30:00
WF_004404,BATCH_043,MACH_001,Post-Etch,94.67,2,None,90.558,123.12,248.62,51.7,119.41,446.64,2024-02-16 02:45:00
WF_004405,BATCH_008,MACH_005,Post-Etch,95.46,2,None,89.881,122.27,253.42,48.92,119.98,460.79,2024-02-16 03:00:00
WF_004406,BATCH_009,MACH_002,Post-Etch,99.0,0,None,89.76,117.98,254.24,50.14,120.34,467.14,2024-02-16 03:15:00
WF_004407,BATCH_036,MACH_002,Post-Etch,87.85,6,Micro-crack,92.618,116.88,248.83,55.23,120.31,429.57,2024-02-16 03:30:00
WF_004408,BATCH_003,MACH_003,Post-Etch,90.32,5,Photoresist Residue,90.168,123.09,245.7,50.87,119.96,452.17,2024-02-16 03:45:00
WF_004409,BATCH_012,MACH_005,Post-Etch,91.56,4,Micro-crack,89.226,119.42,249.93,47.24,119.95,442.29,2024-02-16 04:00:00
WF_004410,BATCH_013,MACH_004,Post-Etch,95.02,2,None,91.125,119.65,248.91,52.74,117.36,455.04,2024-02-16 04:15:00
WF_004411,BATCH_011,MACH_005,Post-Etch,89.1,5,Photoresist Residue,90.004,115.68,248.27,50.55,120.38,446.21,2024-02-16 04:30:00
WF_004412,BATCH_045,MACH_001,Post-Etch,91.57,4,Contamination,90.801,122.08,247.65,51.48,120.98,458.38,2024-02-16 04:45:00
WF_004413,BATCH_020,MACH_004,Post-Etch,95.32,2,None,90.589,116.56,243.18,51.47,121.2,443.85,2024-02-16 05:00:00
WF_004414,BATCH_007,MACH_005,Post-Etch,95.1,2,None,88.841,122.48,246.8,48.22,121.96,438.84,2024-02-16 05:15:00
WF_004415,BATCH_025,MACH_003,Post-Etch,94.71,2,None,88.746,123.95,253.97,46.52,120.38,450.01,2024-02-16 05:30:00
WF_004416,BATCH_027,MACH_001,Post-Etch,88.74,6,Pattern Distortion,88.791,119.11,246.71,47.44,119.83,457.51,2024-02-16 05:45:00
WF_004417,BATCH_018,MACH_003,Post-Etch,88.05,6,Contamination,88.886,122.57,244.53,48.22,118.89,458.89,2024-02-16 06:00:00
WF_004418,BATCH_030,MACH_005,Post-Etch,93.38,3,None,90.446,123.77,243.35,51.92,119.2,464.6,2024-02-16 06:15:00
WF_004419,BATCH_049,MACH_002,Post-Etch,84.36,8,Contamination,93.219,121.39,253.32,58.52,119.02,463.6,2024-02-16 06:30:00
WF_004420,BATCH_033,MACH_002,Post-Etch,95.76,2,None,90.094,119.05,243.56,50.67,120.29,469.41,2024-02-16 06:45:00
WF_004421,BATCH_048,MACH_001,Post-Etch,97.25,1,None,90.788,116.66,254.61,50.07,119.74,465.25,2024-02-16 07:00:00
WF_004422,BATCH_034,MACH_005,Post-Etch,95.61,2,None,89.624,124.8,254.44,48.3,119.8,455.82,2024-02-16 07:15:00
WF_004423,BATCH_015,MACH_002,Post-Etch,88.61,6,Micro-crack,92.558,117.9,246.42,55.8,117.5,439.57,2024-02-16 07:30:00
WF_004424,BATCH_003,MACH_001,Post-Etch,98.89,0,None,90.562,122.89,252.83,50.5,119.17,450.04,2024-02-16 07:45:00
WF_004425,BATCH_044,MACH_004,Post-Etch,99.0,0,None,89.495,118.49,242.42,48.68,117.75,477.04,2024-02-16 08:00:00
WF_004426,BATCH_007,MACH_002,Post-Etch,92.05,4,Etch Pit,91.792,116.06,250.11,54.51,119.64,454.76,2024-02-16 08:15:00
WF_004427,BATCH_034,MACH_005,Post-Etch,91.4,4,Contamination,88.303,123.39,248.83,47.11,119.06,449.01,2024-02-16 08:30:00
WF_004428,BATCH_029,MACH_005,Post-Etch,94.77,2,None,89.992,120.58,251.36,49.39,120.47,444.55,2024-02-16 08:45:00
WF_004429,BATCH_018,MACH_003,Post-Etch,91.24,4,Micro-crack,90.428,124.61,251.01,50.8,119.6,456.54,2024-02-16 09:00:00
WF_004430,BATCH_008,MACH_002,Post-Etch,86.56,7,Micro-crack,92.946,118.41,247.17,57.65,120.71,461.24,2024-02-16 09:15:00
WF_004431,BATCH_040,MACH_004,Post-Etch,97.37,1,None,90.425,120.23,249.51,50.72,119.22,433.45,2024-02-16 09:30:00
WF_004432,BATCH_016,MACH_002,Post-Etch,93.58,3,None,90.952,116.41,242.8,54.9,120.3,454.05,2024-02-16 09:45:00
WF_004433,BATCH_036,MACH_001,Post-Etch,93.04,3,None,89.557,120.07,246.64,49.86,119.15,444.66,2024-02-16 10:00:00
WF_004434,BATCH_031,MACH_004,Post-Etch,96.68,1,None,88.91,116.45,248.49,47.14,121.24,445.43,2024-02-16 10:15:00
WF_004435,BATCH_007,MACH_002,Post-Etch,95.04,2,None,89.082,124.79,250.61,48.48,119.57,443.04,2024-02-16 10:30:00
WF_004436,BATCH_028,MACH_005,Post-Etch,95.61,2,None,90.548,117.86,244.79,51.58,120.33,453.32,2024-02-16 10:45:00
WF_004437,BATCH_005,MACH_001,Post-Etch,92.86,3,None,88.441,115.87,245.02,47.51,119.66,438.73,2024-02-16 11:00:00
WF_004438,BATCH_049,MACH_005,Post-Etch,92.39,3,None,89.573,122.92,248.42,49.25,119.99,432.53,2024-02-16 11:15:00
WF_004439,BATCH_004,MACH_005,Post-Etch,89.86,5,Etch Pit,89.646,118.98,247.28,50.35,120.15,454.94,2024-02-16 11:30:00
WF_004440,BATCH_019,MACH_002,Post-Etch,96.97,1,None,89.523,122.97,250.17,47.96,120.51,456.78,2024-02-16 11:45:00
WF_004441,BATCH_018,MACH_002,Post-Etch,96.57,1,None,88.873,116.25,249.72,46.99,120.37,443.71,2024-02-16 12:00:00
WF_004442,BATCH_045,MACH_002,Post-Etch,96.47,1,None,89.98,116.14,254.64,50.06,121.58,457.62,2024-02-16 12:15:00
WF_004443,BATCH_010,MACH_002,Post-Etch,90.79,5,Pattern Distortion,93.043,118.89,250.87,57.47,119.6,451.35,2024-02-16 12:30:00
WF_004444,BATCH_011,MACH_005,Post-Etch,93.28,3,None,91.056,117.74,243.72,53.3,118.66,456.07,2024-02-16 12:45:00
WF_004445,BATCH_016,MACH_004,Post-Etch,89.12,5,Photoresist Residue,90.381,120.86,254.72,51.97,120.62,463.52,2024-02-16 13:00:00
WF_004446,BATCH_033,MACH_003,Post-Etch,95.39,2,None,89.991,124.76,249.51,49.49,119.55,456.29,2024-02-16 13:15:00
WF_004447,BATCH_017,MACH_003,Post-Etch,92.04,4,Micro-crack,88.284,115.66,248.65,46.1,120.27,447.15,2024-02-16 13:30:00
WF_004448,BATCH_024,MACH_004,Post-Etch,95.41,2,None,89.42,122.16,247.93,49.74,119.15,441.27,2024-02-16 13:45:00
WF_004449,BATCH_031,MACH_004,Post-Etch,95.1,2,None,90.602,120.89,251.03,51.28,119.41,456.56,2024-02-16 14:00:00
WF_004450,BATCH_049,MACH_001,Post-Etch,93.91,3,None,89.258,120.45,246.39,49.25,120.87,467.63,2024-02-16 14:15:00
WF_004451,BATCH_020,MACH_005,Post-Etch,97.7,1,None,89.908,115.6,249.96,50.35,119.34,443.38,2024-02-16 14:30:00
WF_004452,BATCH_042,MACH_005,Post-Etch,95.2,2,None,91.046,118.14,242.65,53.6,119.87,429.05,2024-02-16 14:45:00
WF_004453,BATCH_044,MACH_001,Post-Etch,92.28,4,Etch Pit,88.643,120.68,246.1,47.35,119.29,440.07,2024-02-16 15:00:00
WF_004454,BATCH_034,MACH_002,Post-Etch,90.56,5,Micro-crack,92.943,120.1,244.46,57.41,121.81,431.62,2024-02-16 15:15:00
WF_004455,BATCH_030,MACH_002,Post-Etch,93.97,3,None,92.594,117.1,253.75,56.45,121.3,434.99,2024-02-16 15:30:00
WF_004456,BATCH_005,MACH_004,Post-Etch,99.0,0,None,89.715,120.89,256.53,49.26,120.26,452.37,2024-02-16 15:45:00
WF_004457,BATCH_023,MACH_003,Post-Etch,93.23,3,None,89.195,119.04,245.28,49.84,121.37,463.24,2024-02-16 16:00:00
WF_004458,BATCH_017,MACH_003,Post-Etch,95.38,2,None,89.43,118.36,237.9,49.78,120.44,454.41,2024-02-16 16:15:00
WF_004459,BATCH_032,MACH_004,Post-Etch,93.22,3,None,90.281,123.36,244.12,52.29,121.55,452.12,2024-02-16 16:30:00
WF_004460,BATCH_004,MACH_001,Post-Etch,94.81,2,None,88.328,116.04,238.77,47.44,121.35,452.31,2024-02-16 16:45:00
WF_004461,BATCH_030,MACH_005,Post-Etch,90.19,5,Pattern Distortion,91.102,116.8,252.58,53.19,119.93,461.35,2024-02-16 17:00:00
WF_004462,BATCH_035,MACH_003,Post-Etch,94.07,3,None,90.041,121.99,249.56,50.22,119.83,436.07,2024-02-16 17:15:00
WF_004463,BATCH_005,MACH_005,Post-Etch,95.81,2,None,89.64,117.3,246.57,49.38,117.32,460.06,2024-02-16 17:30:00
WF_004464,BATCH_004,MACH_005,Post-Etch,95.56,2,None,89.425,121.9,246.27,48.46,122.12,449.76,2024-02-16 17:45:00
WF_004465,BATCH_027,MACH_005,Post-Etch,92.8,3,None,89.34,116.56,250.61,47.29,117.75,450.57,2024-02-16 18:00:00
WF_004466,BATCH_043,MACH_003,Post-Etch,94.92,3,None,90.089,117.39,254.9,50.11,120.59,437.38,2024-02-16 18:15:00
WF_004467,BATCH_009,MACH_002,Post-Etch,89.49,5,Pattern Distortion,90.845,122.21,247.59,52.95,120.02,445.83,2024-02-16 18:30:00
WF_004468,BATCH_043,MACH_004,Post-Etch,92.56,4,Photoresist Residue,90.433,122.83,255.51,50.9,118.87,454.04,2024-02-16 18:45:00
WF_004469,BATCH_007,MACH_001,Post-Etch,98.3,1,None,90.007,122.87,251.59,50.72,120.94,426.26,2024-02-16 19:00:00
WF_004470,BATCH_042,MACH_004,Post-Etch,92.07,4,Pattern Distortion,90.041,124.84,250.36,50.81,120.39,452.64,2024-02-16 19:15:00
WF_004471,BATCH_046,MACH_002,Post-Etch,92.06,4,Etch Pit,91.678,123.75,248.04,53.62,120.31,446.83,2024-02-16 19:30:00
WF_004472,BATCH_016,MACH_002,Post-Etch,84.41,8,Etch Pit,93.132,120.87,250.33,57.81,120.84,458.59,2024-02-16 19:45:00
WF_004473,BATCH_023,MACH_002,Post-Etch,87.52,6,Photoresist Residue,93.622,116.46,258.49,56.55,119.78,450.59,2024-02-16 20:00:00
WF_004474,BATCH_046,MACH_005,Post-Etch,93.42,3,None,90.383,123.99,252.35,51.11,120.66,448.4,2024-02-16 20:15:00
WF_004475,BATCH_009,MACH_005,Post-Etch,91.53,4,Micro-crack,90.692,118.87,248.01,51.11,121.01,454.58,2024-02-16 20:30:00
WF_004476,BATCH_036,MACH_002,Post-Etch,94.87,2,None,90.823,121.73,244.12,52.33,120.1,465.58,2024-02-16 20:45:00
WF_004477,BATCH_014,MACH_003,Post-Etch,94.76,2,None,89.642,115.04,251.58,49.55,118.74,448.93,2024-02-16 21:00:00
WF_004478,BATCH_025,MACH_001,Post-Etch,89.57,5,Pattern Distortion,90.736,121.52,263.17,50.54,119.84,448.61,2024-02-16 21:15:00
WF_004479,BATCH_002,MACH_003,Post-Etch,95.7,2,None,90.968,119.71,254.27,50.97,118.83,451.43,2024-02-16 21:30:00
WF_004480,BATCH_011,MACH_003,Post-Etch,91.1,4,Pattern Distortion,91.585,117.75,248.8,54.27,120.65,444.97,2024-02-16 21:45:00
WF_004481,BATCH_011,MACH_002,Post-Etch,91.26,4,Etch Pit,91.862,124.03,250.49,54.68,120.43,451.69,2024-02-16 22:00:00
WF_004482,BATCH_013,MACH_004,Post-Etch,87.84,6,Micro-crack,91.358,119.03,255.73,51.92,119.23,448.5,2024-02-16 22:15:00
WF_004483,BATCH_029,MACH_001,Post-Etch,91.39,4,Contamination,91.356,122.56,249.57,53.27,121.55,446.04,2024-02-16 22:30:00
WF_004484,BATCH_018,MACH_002,Post-Etch,80.67,10,Micro-crack,94.155,121.11,250.14,60.0,119.1,452.72,2024-02-16 22:45:00
WF_004485,BATCH_045,MACH_002,Post-Etch,88.09,6,Photoresist Residue,92.008,120.77,256.46,52.34,118.64,452.48,2024-02-16 23:00:00
WF_004486,BATCH_005,MACH_004,Post-Etch,93.85,3,None,89.443,121.6,248.42,48.96,120.31,442.41,2024-02-16 23:15:00
WF_004487,BATCH_024,MACH_002,Post-Etch,97.59,1,None,89.42,121.05,244.7,49.03,120.59,455.98,2024-02-16 23:30:00
WF_004488,BATCH_008,MACH_002,Post-Etch,97.7,1,None,89.503,123.98,257.0,48.41,121.08,453.97,2024-02-16 23:45:00
WF_004489,BATCH_029,MACH_004,Post-Etch,95.34,2,None,90.795,115.54,256.52,51.86,120.32,440.09,2024-02-17 00:00:00
WF_004490,BATCH_019,MACH_002,Post-Etch,91.96,4,Etch Pit,91.535,120.38,246.67,54.65,121.98,439.52,2024-02-17 00:15:00
WF_004491,BATCH_034,MACH_005,Post-Etch,94.84,2,None,90.393,120.9,253.76,51.46,120.08,439.48,2024-02-17 00:30:00
WF_004492,BATCH_011,MACH_005,Post-Etch,87.93,6,Etch Pit,90.893,122.35,253.38,51.86,120.75,445.1,2024-02-17 00:45:00
WF_004493,BATCH_038,MACH_004,Post-Etch,86.99,7,Etch Pit,91.604,120.12,256.67,52.85,120.77,448.82,2024-02-17 01:00:00
WF_004494,BATCH_048,MACH_003,Post-Etch,92.24,4,Photoresist Residue,89.005,117.81,246.53,48.67,119.51,444.21,2024-02-17 01:15:00
WF_004495,BATCH_042,MACH_002,Post-Etch,90.9,4,Contamination,89.131,116.77,249.56,49.85,119.72,438.0,2024-02-17 01:30:00
WF_004496,BATCH_006,MACH_003,Post-Etch,99.0,0,None,89.393,115.01,242.66,49.48,119.43,441.67,2024-02-17 01:45:00
WF_004497,BATCH_006,MACH_003,Post-Etch,95.67,2,None,88.805,124.58,252.81,46.16,118.96,461.08,2024-02-17 02:00:00
WF_004498,BATCH_038,MACH_003,Post-Etch,98.98,0,None,90.332,115.13,247.77,51.18,120.2,459.13,2024-02-17 02:15:00
WF_004499,BATCH_013,MACH_002,Post-Etch,97.63,1,None,89.94,118.04,238.15,51.58,119.68,439.32,2024-02-17 02:30:00
WF_004500,BATCH_010,MACH_001,Post-Etch,95.35,2,None,89.255,116.59,248.79,48.15,119.15,451.51,2024-02-17 02:45:00
WF_004501,BATCH_022,MACH_002,Post-Etch,97.07,1,None,89.953,118.08,243.51,50.34,118.85,460.86,2024-02-17 03:00:00
WF_004502,BATCH_026,MACH_001,Post-Etch,87.67,6,Micro-crack,88.806,123.12,245.64,46.2,118.34,441.01,2024-02-17 03:15:00
WF_004503,BATCH_017,MACH_004,Post-Etch,93.49,3,None,89.147,122.56,247.85,48.34,118.64,447.84,2024-02-17 03:30:00
WF_004504,BATCH_002,MACH_001,Post-Etch,95.82,2,None,90.669,121.64,252.91,51.91,121.02,449.93,2024-02-17 03:45:00
WF_004505,BATCH_016,MACH_001,Post-Etch,95.63,2,None,90.185,115.67,252.51,49.64,119.21,451.12,2024-02-17 04:00:00
WF_004506,BATCH_027,MACH_002,Post-Etch,93.69,3,None,89.503,118.75,247.58,50.66,118.57,458.53,2024-02-17 04:15:00
WF_004507,BATCH_012,MACH_001,Post-Etch,99.0,0,None,90.403,117.6,254.5,49.93,120.54,447.75,2024-02-17 04:30:00
WF_004508,BATCH_004,MACH_003,Post-Etch,87.94,6,Etch Pit,91.547,116.67,247.6,53.46,120.16,451.03,2024-02-17 04:45:00
WF_004509,BATCH_033,MACH_002,Post-Etch,95.36,2,None,91.77,121.16,245.9,55.3,119.58,452.81,2024-02-17 05:00:00
WF_004510,BATCH_002,MACH_002,Post-Etch,91.53,4,Contamination,91.322,124.41,249.2,54.13,120.87,441.2,2024-02-17 05:15:00
WF_004511,BATCH_030,MACH_005,Post-Etch,88.38,6,Micro-crack,91.198,115.0,256.68,52.22,121.05,454.37,2024-02-17 05:30:00
WF_004512,BATCH_029,MACH_003,Post-Etch,95.32,2,None,90.163,121.44,250.17,50.92,119.8,446.02,2024-02-17 05:45:00
WF_004513,BATCH_043,MACH_001,Post-Etch,94.75,2,None,89.701,119.36,241.86,50.7,119.21,450.55,2024-02-17 06:00:00
WF_004514,BATCH_024,MACH_005,Post-Etch,90.06,5,Micro-crack,89.303,116.68,249.48,47.82,120.54,447.14,2024-02-17 06:15:00
WF_004515,BATCH_037,MACH_004,Post-Etch,88.3,6,Contamination,87.936,116.21,245.93,45.48,120.93,449.89,2024-02-17 06:30:00
WF_004516,BATCH_020,MACH_004,Post-Etch,95.69,2,None,90.439,123.7,244.32,50.59,121.15,459.48,2024-02-17 06:45:00
WF_004517,BATCH_018,MACH_001,Post-Etch,91.86,4,Pattern Distortion,91.39,119.57,247.53,52.54,121.19,455.63,2024-02-17 07:00:00
WF_004518,BATCH_012,MACH_003,Post-Etch,96.0,2,None,91.657,116.3,258.75,52.89,119.42,436.08,2024-02-17 07:15:00
WF_004519,BATCH_050,MACH_004,Post-Etch,94.96,2,None,89.143,121.74,244.47,49.06,119.58,443.53,2024-02-17 07:30:00
WF_004520,BATCH_009,MACH_005,Post-Etch,99.0,0,None,90.216,119.27,256.5,50.76,119.32,464.71,2024-02-17 07:45:00
WF_004521,BATCH_049,MACH_003,Post-Etch,97.12,1,None,90.361,115.56,259.01,51.02,118.78,444.79,2024-02-17 08:00:00
WF_004522,BATCH_036,MACH_004,Post-Etch,92.42,4,Micro-crack,90.599,119.64,245.14,53.27,122.49,455.33,2024-02-17 08:15:00
WF_004523,BATCH_030,MACH_005,Post-Etch,93.81,3,None,90.991,120.41,246.22,51.33,119.62,445.27,2024-02-17 08:30:00
WF_004524,BATCH_010,MACH_001,Post-Etch,86.83,7,Photoresist Residue,90.309,124.85,254.19,49.71,120.13,460.21,2024-02-17 08:45:00
WF_004525,BATCH_041,MACH_003,Post-Etch,93.12,3,None,91.198,115.42,248.38,53.13,120.57,434.21,2024-02-17 09:00:00
WF_004526,BATCH_002,MACH_004,Post-Etch,96.91,1,None,90.244,115.25,259.56,48.81,119.67,461.19,2024-02-17 09:15:00
WF_004527,BATCH_047,MACH_002,Post-Etch,91.77,4,Etch Pit,92.491,117.13,252.65,54.73,121.54,447.86,2024-02-17 09:30:00
WF_004528,BATCH_043,MACH_003,Post-Etch,95.29,2,None,88.969,121.41,252.73,45.73,120.39,465.82,2024-02-17 09:45:00
WF_004529,BATCH_013,MACH_004,Post-Etch,90.71,4,Pattern Distortion,90.989,120.73,245.05,53.01,119.17,444.36,2024-02-17 10:00:00
WF_004530,BATCH_039,MACH_003,Post-Etch,95.2,2,None,89.636,116.79,249.9,49.22,120.29,433.1,2024-02-17 10:15:00
WF_004531,BATCH_022,MACH_003,Post-Etch,94.51,2,None,89.828,117.8,246.3,50.24,119.09,454.21,2024-02-17 10:30:00
WF_004532,BATCH_040,MACH_004,Post-Etch,86.44,7,Etch Pit,88.5,118.52,248.43,47.12,119.15,445.32,2024-02-17 10:45:00
WF_004533,BATCH_038,MACH_001,Post-Etch,94.38,3,None,89.902,116.9,252.7,50.07,120.76,429.99,2024-02-17 11:00:00
WF_004534,BATCH_030,MACH_005,Post-Etch,91.07,4,Etch Pit,88.706,123.77,249.82,46.35,120.6,446.54,2024-02-17 11:15:00
WF_004535,BATCH_019,MACH_005,Post-Etch,94.45,2,None,89.877,124.27,247.71,50.17,119.85,448.56,2024-02-17 11:30:00
WF_004536,BATCH_002,MACH_003,Post-Etch,94.34,2,None,89.15,115.8,249.0,49.21,118.53,448.73,2024-02-17 11:45:00
WF_004537,BATCH_026,MACH_003,Post-Etch,93.32,3,None,87.99,122.2,240.15,46.52,120.22,446.29,2024-02-17 12:00:00
WF_004538,BATCH_021,MACH_002,Post-Etch,81.19,10,Micro-crack,94.446,115.97,252.85,60.12,118.69,458.05,2024-02-17 12:15:00
WF_004539,BATCH_041,MACH_004,Post-Etch,93.39,3,None,87.912,118.23,244.53,46.01,120.67,447.44,2024-02-17 12:30:00
WF_004540,BATCH_016,MACH_001,Post-Etch,96.52,1,None,90.081,124.43,256.94,50.05,121.12,446.23,2024-02-17 12:45:00
WF_004541,BATCH_009,MACH_001,Post-Etch,97.21,1,None,89.41,122.4,253.25,48.35,120.67,459.58,2024-02-17 13:00:00
WF_004542,BATCH_038,MACH_001,Post-Etch,97.16,1,None,90.655,123.3,252.31,51.33,121.55,458.93,2024-02-17 13:15:00
WF_004543,BATCH_007,MACH_002,Post-Etch,91.74,4,Contamination,91.663,120.06,250.2,54.42,117.52,444.71,2024-02-17 13:30:00
WF_004544,BATCH_009,MACH_005,Post-Etch,97.4,1,None,90.582,115.48,257.43,50.99,119.39,464.5,2024-02-17 13:45:00
WF_004545,BATCH_042,MACH_005,Post-Etch,98.18,1,None,90.497,122.91,255.88,49.12,119.36,443.55,2024-02-17 14:00:00
WF_004546,BATCH_037,MACH_005,Post-Etch,92.82,3,None,89.86,124.43,242.3,50.89,122.94,452.06,2024-02-17 14:15:00
WF_004547,BATCH_045,MACH_001,Post-Etch,92.87,3,None,89.611,118.17,253.11,48.32,119.24,454.89,2024-02-17 14:30:00
WF_004548,BATCH_003,MACH_005,Post-Etch,94.42,2,None,89.013,118.35,246.36,48.84,119.96,441.45,2024-02-17 14:45:00
WF_004549,BATCH_010,MACH_004,Post-Etch,94.76,2,None,89.231,115.0,250.95,49.05,121.79,438.19,2024-02-17 15:00:00
WF_004550,BATCH_003,MACH_001,Post-Etch,94.56,2,None,90.531,116.41,249.42,51.46,120.35,449.28,2024-02-17 15:15:00
WF_004551,BATCH_012,MACH_004,Post-Etch,97.28,1,None,90.134,118.8,244.82,51.75,120.67,446.37,2024-02-17 15:30:00
WF_004552,BATCH_025,MACH_003,Post-Etch,93.86,3,None,91.097,116.54,246.98,52.49,119.96,436.32,2024-02-17 15:45:00
WF_004553,BATCH_034,MACH_002,Post-Etch,94.51,3,None,90.115,118.25,245.49,51.95,120.59,447.24,2024-02-17 16:00:00
WF_004554,BATCH_002,MACH_003,Post-Etch,93.43,3,None,90.903,115.14,247.96,53.14,119.79,451.93,2024-02-17 16:15:00
WF_004555,BATCH_015,MACH_003,Post-Etch,92.71,3,None,90.448,115.52,258.08,49.55,117.15,445.73,2024-02-17 16:30:00
WF_004556,BATCH_029,MACH_003,Post-Etch,86.57,7,Pattern Distortion,89.884,124.88,253.57,49.29,120.22,453.52,2024-02-17 16:45:00
WF_004557,BATCH_021,MACH_001,Post-Etch,90.39,5,Micro-crack,92.405,120.65,252.78,54.83,120.29,457.84,2024-02-17 17:00:00
WF_004558,BATCH_022,MACH_001,Post-Etch,97.46,1,None,90.313,116.65,253.49,49.1,120.23,445.31,2024-02-17 17:15:00
WF_004559,BATCH_020,MACH_005,Post-Etch,92.49,4,Micro-crack,89.713,124.79,254.62,49.53,121.14,445.93,2024-02-17 17:30:00
WF_004560,BATCH_016,MACH_005,Post-Etch,92.99,3,None,91.63,120.02,246.1,55.79,120.4,443.58,2024-02-17 17:45:00
WF_004561,BATCH_047,MACH_002,Post-Etch,85.01,8,Etch Pit,92.867,116.01,251.94,56.59,121.69,453.41,2024-02-17 18:00:00
WF_004562,BATCH_011,MACH_002,Post-Etch,89.75,5,Photoresist Residue,92.524,120.47,247.98,57.43,121.32,463.06,2024-02-17 18:15:00
WF_004563,BATCH_012,MACH_004,Post-Etch,95.75,2,None,89.96,121.63,241.22,51.64,119.42,457.76,2024-02-17 18:30:00
WF_004564,BATCH_020,MACH_001,Post-Etch,93.19,3,None,91.185,120.02,250.52,53.57,119.28,444.24,2024-02-17 18:45:00
WF_004565,BATCH_008,MACH_004,Post-Etch,91.72,4,Micro-crack,88.565,117.3,251.21,46.48,120.89,454.58,2024-02-17 19:00:00
WF_004566,BATCH_008,MACH_003,Post-Etch,94.01,3,None,89.162,117.17,253.08,47.03,117.99,450.73,2024-02-17 19:15:00
WF_004567,BATCH_004,MACH_002,Post-Etch,97.05,1,None,89.68,116.54,240.68,50.84,121.69,439.7,2024-02-17 19:30:00
WF_004568,BATCH_035,MACH_002,Post-Etch,96.06,2,None,90.969,121.92,244.93,53.68,120.01,449.4,2024-02-17 19:45:00
WF_004569,BATCH_023,MACH_004,Post-Etch,89.73,5,Pattern Distortion,91.016,117.63,254.07,51.85,119.54,448.87,2024-02-17 20:00:00
WF_004570,BATCH_010,MACH_003,Post-Etch,95.69,2,None,89.406,117.02,249.87,48.73,119.24,452.87,2024-02-17 20:15:00
WF_004571,BATCH_018,MACH_005,Post-Etch,90.67,4,Photoresist Residue,91.64,117.53,254.43,53.16,118.58,451.5,2024-02-17 20:30:00
WF_004572,BATCH_033,MACH_001,Post-Etch,90.25,5,Micro-crack,89.174,116.28,251.58,48.64,119.61,439.53,2024-02-17 20:45:00
WF_004573,BATCH_006,MACH_002,Post-Etch,96.88,1,None,91.127,121.5,258.94,53.08,120.18,440.72,2024-02-17 21:00:00
WF_004574,BATCH_026,MACH_001,Post-Etch,95.58,2,None,89.684,117.15,262.43,49.05,119.37,454.44,2024-02-17 21:15:00
WF_004575,BATCH_027,MACH_005,Post-Etch,98.83,0,None,90.017,118.01,254.86,49.22,120.44,468.82,2024-02-17 21:30:00
WF_004576,BATCH_037,MACH_004,Post-Etch,97.27,1,None,90.223,124.14,253.8,50.62,119.59,433.42,2024-02-17 21:45:00
WF_004577,BATCH_002,MACH_003,Post-Etch,93.27,3,None,91.34,121.19,254.05,53.15,120.11,435.75,2024-02-17 22:00:00
WF_004578,BATCH_030,MACH_004,Post-Etch,89.75,5,Contamination,88.649,118.78,249.09,46.71,118.7,439.39,2024-02-17 22:15:00
WF_004579,BATCH_027,MACH_002,Post-Etch,92.18,4,Etch Pit,92.454,118.03,259.7,54.11,121.15,433.74,2024-02-17 22:30:00
WF_004580,BATCH_008,MACH_002,Post-Etch,86.51,7,Micro-crack,91.459,124.13,263.25,52.44,117.76,431.09,2024-02-17 22:45:00
WF_004581,BATCH_034,MACH_004,Post-Etch,98.81,0,None,90.238,119.03,252.34,50.56,118.84,450.01,2024-02-17 23:00:00
WF_004582,BATCH_042,MACH_005,Post-Etch,92.18,4,Micro-crack,90.074,116.78,247.84,50.53,120.07,452.13,2024-02-17 23:15:00
WF_004583,BATCH_037,MACH_004,Post-Etch,89.92,5,Photoresist Residue,91.272,123.85,254.1,52.46,121.03,441.44,2024-02-17 23:30:00
WF_004584,BATCH_022,MACH_005,Post-Etch,95.3,2,None,88.148,122.83,247.61,46.31,119.82,454.57,2024-02-17 23:45:00
WF_004585,BATCH_037,MACH_001,Post-Etch,95.18,2,None,90.605,117.6,249.61,51.77,119.87,452.83,2024-02-18 00:00:00
WF_004586,BATCH_003,MACH_001,Post-Etch,94.85,2,None,90.444,116.67,265.38,48.47,120.66,459.08,2024-02-18 00:15:00
WF_004587,BATCH_038,MACH_002,Post-Etch,89.99,5,Etch Pit,91.485,123.36,251.04,54.75,120.25,431.43,2024-02-18 00:30:00
WF_004588,BATCH_021,MACH_004,Post-Etch,94.12,3,None,91.245,116.1,257.95,52.37,120.46,448.43,2024-02-18 00:45:00
WF_004589,BATCH_012,MACH_004,Post-Etch,93.79,3,None,90.168,117.22,253.64,50.72,120.95,437.87,2024-02-18 01:00:00
WF_004590,BATCH_024,MACH_005,Post-Etch,94.25,3,None,89.568,117.91,241.44,50.59,119.09,450.12,2024-02-18 01:15:00
WF_004591,BATCH_033,MACH_003,Post-Etch,94.88,2,None,89.705,121.61,255.41,48.93,120.37,445.96,2024-02-18 01:30:00
WF_004592,BATCH_012,MACH_005,Post-Etch,93.49,3,None,90.442,115.62,251.63,51.38,120.38,452.09,2024-02-18 01:45:00
WF_004593,BATCH_023,MACH_005,Post-Etch,89.66,5,Pattern Distortion,88.811,117.14,255.43,46.61,120.58,443.76,2024-02-18 02:00:00
WF_004594,BATCH_050,MACH_003,Post-Etch,95.54,2,None,90.527,120.38,248.34,52.67,121.03,443.04,2024-02-18 02:15:00
WF_004595,BATCH_005,MACH_005,Post-Etch,93.19,3,None,90.32,120.49,251.93,50.07,120.74,442.05,2024-02-18 02:30:00
WF_004596,BATCH_048,MACH_005,Post-Etch,95.67,2,None,91.355,121.23,251.04,53.57,120.33,458.37,2024-02-18 02:45:00
WF_004597,BATCH_031,MACH_003,Post-Etch,92.11,4,Photoresist Residue,92.261,116.94,251.37,54.84,120.43,450.3,2024-02-18 03:00:00
WF_004598,BATCH_012,MACH_005,Post-Etch,97.13,1,None,91.119,117.81,247.24,51.41,119.22,458.65,2024-02-18 03:15:00
WF_004599,BATCH_004,MACH_002,Post-Etch,97.64,1,None,91.069,117.78,248.48,52.65,121.12,439.84,2024-02-18 03:30:00
WF_004600,BATCH_007,MACH_003,Post-Etch,90.16,5,Photoresist Residue,92.264,117.84,256.83,54.37,119.57,449.1,2024-02-18 03:45:00
WF_004601,BATCH_038,MACH_004,Post-Etch,85.3,7,Micro-crack,89.759,122.78,253.53,48.49,120.12,461.07,2024-02-18 04:00:00
WF_004602,BATCH_025,MACH_001,Post-Etch,99.0,0,None,90.25,121.69,246.64,51.69,119.33,456.81,2024-02-18 04:15:00
WF_004603,BATCH_001,MACH_003,Post-Etch,92.02,4,Pattern Distortion,91.187,116.18,251.5,53.23,120.19,454.22,2024-02-18 04:30:00
WF_004604,BATCH_016,MACH_003,Post-Etch,93.61,3,None,90.219,115.86,248.18,51.18,119.62,452.27,2024-02-18 04:45:00
WF_004605,BATCH_022,MACH_004,Post-Etch,93.98,3,None,89.494,124.57,250.24,50.11,121.26,440.54,2024-02-18 05:00:00
WF_004606,BATCH_005,MACH_004,Post-Etch,92.26,4,Micro-crack,88.872,123.8,241.81,48.74,120.5,464.32,2024-02-18 05:15:00
WF_004607,BATCH_016,MACH_001,Post-Etch,93.26,3,None,89.591,122.22,255.43,49.75,121.05,439.16,2024-02-18 05:30:00
WF_004608,BATCH_007,MACH_002,Post-Etch,93.85,3,None,92.231,119.05,250.25,54.93,120.77,448.43,2024-02-18 05:45:00
WF_004609,BATCH_033,MACH_002,Post-Etch,86.69,7,Pattern Distortion,91.607,123.95,262.74,52.1,119.53,437.69,2024-02-18 06:00:00
WF_004610,BATCH_022,MACH_002,Post-Etch,82.7,9,Pattern Distortion,92.437,116.72,249.09,55.96,119.9,450.77,2024-02-18 06:15:00
WF_004611,BATCH_037,MACH_005,Post-Etch,93.64,3,None,91.496,120.23,253.12,52.93,119.48,457.04,2024-02-18 06:30:00
WF_004612,BATCH_027,MACH_003,Post-Etch,96.39,1,None,89.484,121.02,248.84,48.95,119.81,452.57,2024-02-18 06:45:00
WF_004613,BATCH_020,MACH_001,Post-Etch,91.36,4,Micro-crack,91.374,121.76,260.87,51.67,120.25,454.55,2024-02-18 07:00:00
WF_004614,BATCH_045,MACH_004,Post-Etch,91.59,4,Etch Pit,90.568,117.25,264.14,49.17,119.59,456.16,2024-02-18 07:15:00
WF_004615,BATCH_019,MACH_005,Post-Etch,97.99,1,None,90.628,123.03,246.54,51.35,120.59,436.63,2024-02-18 07:30:00
WF_004616,BATCH_011,MACH_003,Post-Etch,93.9,3,None,89.678,121.07,254.54,49.11,120.99,462.33,2024-02-18 07:45:00
WF_004617,BATCH_031,MACH_005,Post-Etch,95.78,2,None,90.528,123.07,251.25,50.33,120.2,458.93,2024-02-18 08:00:00
WF_004618,BATCH_043,MACH_001,Post-Etch,95.1,2,None,90.971,121.94,252.47,51.29,120.55,442.92,2024-02-18 08:15:00
WF_004619,BATCH_027,MACH_002,Post-Etch,89.6,5,Photoresist Residue,91.061,124.23,257.8,51.55,121.19,436.84,2024-02-18 08:30:00
WF_004620,BATCH_045,MACH_002,Post-Etch,89.64,5,Pattern Distortion,93.094,118.02,247.95,57.59,119.5,442.43,2024-02-18 08:45:00
WF_004621,BATCH_009,MACH_005,Post-Etch,98.03,1,None,90.35,119.06,245.08,50.69,120.92,464.91,2024-02-18 09:00:00
WF_004622,BATCH_025,MACH_005,Post-Etch,93.53,3,None,89.721,119.42,254.09,48.87,118.49,458.42,2024-02-18 09:15:00
WF_004623,BATCH_032,MACH_003,Post-Etch,95.46,2,None,90.211,122.72,253.11,51.56,119.46,452.06,2024-02-18 09:30:00
WF_004624,BATCH_048,MACH_001,Post-Etch,95.87,2,None,89.975,116.14,253.76,48.69,120.83,444.95,2024-02-18 09:45:00
WF_004625,BATCH_029,MACH_004,Post-Etch,99.0,0,None,90.221,120.54,253.01,49.61,120.93,453.38,2024-02-18 10:00:00
WF_004626,BATCH_048,MACH_002,Post-Etch,90.03,5,Contamination,91.884,123.61,258.22,53.89,121.74,437.97,2024-02-18 10:15:00
WF_004627,BATCH_010,MACH_003,Post-Etch,86.32,7,Contamination,88.732,118.21,254.76,46.66,120.17,444.43,2024-02-18 10:30:00
WF_004628,BATCH_021,MACH_002,Post-Etch,93.97,3,None,91.606,119.78,252.49,53.99,120.82,438.16,2024-02-18 10:45:00
WF_004629,BATCH_009,MACH_002,Post-Etch,85.59,8,Photoresist Residue,91.442,122.05,250.6,52.68,119.67,446.33,2024-02-18 11:00:00
WF_004630,BATCH_022,MACH_001,Post-Etch,93.34,3,None,89.677,116.46,253.41,49.78,119.1,445.45,2024-02-18 11:15:00
WF_004631,BATCH_033,MACH_001,Post-Etch,98.12,1,None,89.85,117.34,248.74,48.34,120.51,436.42,2024-02-18 11:30:00
WF_004632,BATCH_013,MACH_005,Post-Etch,96.27,2,None,90.095,118.31,256.13,49.8,118.99,446.94,2024-02-18 11:45:00
WF_004633,BATCH_033,MACH_004,Post-Etch,94.9,2,None,89.327,120.75,251.05,49.27,118.58,444.69,2024-02-18 12:00:00
WF_004634,BATCH_010,MACH_004,Post-Etch,93.41,3,None,91.491,121.3,251.42,52.18,119.93,442.83,2024-02-18 12:15:00
WF_004635,BATCH_048,MACH_001,Post-Etch,90.16,5,Photoresist Residue,87.948,123.67,248.1,45.03,118.58,460.19,2024-02-18 12:30:00
WF_004636,BATCH_006,MACH_005,Post-Etch,92.43,4,Etch Pit,91.033,115.61,252.51,53.02,120.56,456.99,2024-02-18 12:45:00
WF_004637,BATCH_030,MACH_003,Post-Etch,92.85,3,None,91.027,116.48,248.45,52.75,120.31,434.47,2024-02-18 13:00:00
WF_004638,BATCH_021,MACH_002,Post-Etch,90.33,5,Pattern Distortion,92.057,124.05,247.18,56.76,121.31,429.77,2024-02-18 13:15:00
WF_004639,BATCH_027,MACH_003,Post-Etch,95.39,2,None,88.769,118.47,242.32,48.02,122.12,441.36,2024-02-18 13:30:00
WF_004640,BATCH_046,MACH_005,Post-Etch,91.75,4,Pattern Distortion,89.227,118.25,246.22,48.32,118.83,453.62,2024-02-18 13:45:00
WF_004641,BATCH_015,MACH_001,Post-Etch,93.93,3,None,89.136,121.46,257.38,46.57,119.72,440.34,2024-02-18 14:00:00
WF_004642,BATCH_035,MACH_002,Post-Etch,96.93,1,None,91.319,117.2,254.14,53.0,119.94,467.13,2024-02-18 14:15:00
WF_004643,BATCH_011,MACH_001,Post-Etch,93.92,3,None,89.895,121.07,247.11,50.08,119.53,464.15,2024-02-18 14:30:00
WF_004644,BATCH_009,MACH_004,Post-Etch,90.17,5,Contamination,88.868,124.81,246.84,48.08,120.5,434.55,2024-02-18 14:45:00
WF_004645,BATCH_025,MACH_005,Post-Etch,96.86,1,None,89.758,119.78,248.28,50.38,119.6,442.64,2024-02-18 15:00:00
WF_004646,BATCH_047,MACH_003,Post-Etch,96.28,1,None,90.36,123.34,251.38,51.22,120.11,443.06,2024-02-18 15:15:00
WF_004647,BATCH_001,MACH_002,Post-Etch,88.38,6,Contamination,93.009,123.88,261.59,56.81,120.91,444.64,2024-02-18 15:30:00
WF_004648,BATCH_007,MACH_002,Post-Etch,93.72,3,None,91.491,122.47,249.42,53.7,121.75,448.24,2024-02-18 15:45:00
WF_004649,BATCH_033,MACH_003,Post-Etch,93.52,3,None,89.66,118.12,254.0,49.19,120.01,456.25,2024-02-18 16:00:00
WF_004650,BATCH_036,MACH_002,Post-Etch,94.05,3,None,91.734,116.99,246.32,55.18,118.87,466.94,2024-02-18 16:15:00
WF_004651,BATCH_049,MACH_005,Post-Etch,98.11,1,None,90.874,122.54,256.26,50.77,119.47,457.43,2024-02-18 16:30:00
WF_004652,BATCH_028,MACH_003,Post-Etch,93.36,3,None,89.439,122.69,250.33,48.94,120.71,462.04,2024-02-18 16:45:00
WF_004653,BATCH_038,MACH_005,Post-Etch,94.28,3,None,91.579,120.64,257.27,51.74,119.77,445.33,2024-02-18 17:00:00
WF_004654,BATCH_024,MACH_001,Post-Etch,87.06,7,Photoresist Residue,87.987,124.29,248.93,45.14,119.6,463.88,2024-02-18 17:15:00
WF_004655,BATCH_012,MACH_004,Post-Etch,93.75,3,None,89.881,117.71,250.65,50.04,121.25,456.29,2024-02-18 17:30:00
WF_004656,BATCH_011,MACH_003,Post-Etch,98.25,1,None,89.884,115.65,245.62,50.8,119.16,460.51,2024-02-18 17:45:00
WF_004657,BATCH_018,MACH_004,Post-Etch,93.66,3,None,90.519,123.93,255.64,50.13,119.81,453.88,2024-02-18 18:00:00
WF_004658,BATCH_004,MACH_005,Post-Etch,92.99,3,None,91.825,119.29,254.01,53.15,120.49,441.9,2024-02-18 18:15:00
WF_004659,BATCH_028,MACH_004,Post-Etch,89.88,5,Etch Pit,89.033,122.04,245.97,49.47,118.75,441.17,2024-02-18 18:30:00
WF_004660,BATCH_048,MACH_003,Post-Etch,95.64,2,None,89.554,123.26,245.25,50.12,120.93,450.53,2024-02-18 18:45:00
WF_004661,BATCH_037,MACH_001,Post-Etch,95.67,2,None,89.06,117.9,251.22,47.24,120.09,446.5,2024-02-18 19:00:00
WF_004662,BATCH_041,MACH_001,Post-Etch,96.0,2,None,89.493,121.6,250.77,49.48,121.32,435.67,2024-02-18 19:15:00
WF_004663,BATCH_009,MACH_004,Post-Etch,95.47,2,None,90.169,119.87,254.58,49.95,120.03,460.43,2024-02-18 19:30:00
WF_004664,BATCH_050,MACH_005,Post-Etch,94.49,2,None,88.981,119.61,249.36,48.04,120.01,454.56,2024-02-18 19:45:00
WF_004665,BATCH_042,MACH_004,Post-Etch,95.43,2,None,90.355,119.54,248.78,50.56,119.15,449.34,2024-02-18 20:00:00
WF_004666,BATCH_024,MACH_004,Post-Etch,91.73,4,Pattern Distortion,89.265,124.21,249.97,48.16,119.32,449.18,2024-02-18 20:15:00
WF_004667,BATCH_015,MACH_002,Post-Etch,90.06,5,Contamination,91.956,119.79,243.1,56.75,120.97,451.17,2024-02-18 20:30:00
WF_004668,BATCH_013,MACH_001,Post-Etch,97.49,1,None,90.523,122.65,250.1,50.46,119.01,463.44,2024-02-18 20:45:00
WF_004669,BATCH_016,MACH_004,Post-Etch,99.0,0,None,90.227,122.76,246.11,50.83,119.63,462.4,2024-02-18 21:00:00
WF_004670,BATCH_004,MACH_001,Post-Etch,99.0,0,None,89.816,123.9,246.74,50.81,119.68,452.16,2024-02-18 21:15:00
WF_004671,BATCH_007,MACH_001,Post-Etch,97.04,1,None,88.752,116.79,259.17,47.23,120.69,468.63,2024-02-18 21:30:00
WF_004672,BATCH_045,MACH_003,Post-Etch,90.55,5,Micro-crack,88.932,122.39,252.12,47.07,119.48,461.8,2024-02-18 21:45:00
WF_004673,BATCH_036,MACH_004,Post-Etch,94.1,3,None,88.43,123.49,241.89,47.16,121.77,445.97,2024-02-18 22:00:00
WF_004674,BATCH_005,MACH_004,Post-Etch,88.83,6,Micro-crack,88.098,116.63,252.02,46.16,121.13,463.81,2024-02-18 22:15:00
WF_004675,BATCH_009,MACH_004,Post-Etch,94.15,3,None,89.909,120.76,251.1,50.14,119.26,440.84,2024-02-18 22:30:00
WF_004676,BATCH_024,MACH_004,Post-Etch,92.58,4,Micro-crack,88.677,123.45,243.07,47.79,119.99,427.81,2024-02-18 22:45:00
WF_004677,BATCH_018,MACH_003,Post-Etch,95.79,2,None,90.205,124.41,253.59,50.27,120.19,463.51,2024-02-18 23:00:00
WF_004678,BATCH_018,MACH_001,Post-Etch,93.65,3,None,90.701,117.19,254.82,51.51,119.58,447.67,2024-02-18 23:15:00
WF_004679,BATCH_027,MACH_002,Post-Etch,94.91,2,None,90.674,120.26,250.13,50.8,120.35,429.93,2024-02-18 23:30:00
WF_004680,BATCH_046,MACH_003,Post-Etch,97.58,1,None,88.989,119.49,253.04,47.58,117.5,436.54,2024-02-18 23:45:00
WF_004681,BATCH_024,MACH_003,Post-Etch,93.5,3,None,89.586,124.85,246.56,48.09,118.7,445.21,2024-02-19 00:00:00
WF_004682,BATCH_002,MACH_004,Post-Etch,88.72,6,Contamination,91.447,123.78,255.49,52.25,121.5,444.48,2024-02-19 00:15:00
WF_004683,BATCH_043,MACH_001,Post-Etch,93.43,3,None,90.675,122.65,246.52,50.81,119.29,458.6,2024-02-19 00:30:00
WF_004684,BATCH_041,MACH_005,Post-Etch,96.91,1,None,90.538,120.53,258.17,50.32,121.01,465.01,2024-02-19 00:45:00
WF_004685,BATCH_035,MACH_002,Post-Etch,95.14,2,None,89.135,117.86,252.37,47.9,119.67,452.67,2024-02-19 01:00:00
WF_004686,BATCH_009,MACH_005,Post-Etch,97.09,1,None,91.069,121.85,245.3,52.49,121.1,441.23,2024-02-19 01:15:00
WF_004687,BATCH_013,MACH_001,Post-Etch,93.32,3,None,88.422,115.44,247.45,47.58,119.4,452.96,2024-02-19 01:30:00
WF_004688,BATCH_041,MACH_004,Post-Etch,88.68,6,Pattern Distortion,92.132,118.56,250.12,54.77,121.51,444.7,2024-02-19 01:45:00
WF_004689,BATCH_046,MACH_005,Post-Etch,92.35,3,None,89.933,123.94,238.58,50.11,118.89,443.51,2024-02-19 02:00:00
WF_004690,BATCH_016,MACH_005,Post-Etch,94.23,2,None,88.902,117.31,254.89,46.92,118.86,464.63,2024-02-19 02:15:00
WF_004691,BATCH_019,MACH_001,Post-Etch,97.13,1,None,89.848,120.81,245.2,49.72,120.34,454.38,2024-02-19 02:30:00
WF_004692,BATCH_018,MACH_004,Post-Etch,93.4,3,None,90.438,116.77,252.47,50.28,119.72,450.88,2024-02-19 02:45:00
WF_004693,BATCH_039,MACH_003,Post-Etch,96.35,1,None,90.265,121.47,251.54,49.28,120.21,472.54,2024-02-19 03:00:00
WF_004694,BATCH_010,MACH_004,Post-Etch,95.02,2,None,89.497,117.63,248.13,49.6,118.52,443.93,2024-02-19 03:15:00
WF_004695,BATCH_018,MACH_001,Post-Etch,93.3,3,None,90.388,120.66,255.74,49.51,119.85,449.12,2024-02-19 03:30:00
WF_004696,BATCH_003,MACH_003,Post-Etch,97.25,1,None,88.817,120.53,248.31,48.03,119.72,443.82,2024-02-19 03:45:00
WF_004697,BATCH_020,MACH_003,Post-Etch,88.21,6,Pattern Distortion,89.089,123.86,233.19,49.48,117.67,445.23,2024-02-19 04:00:00
WF_004698,BATCH_048,MACH_003,Post-Etch,90.08,5,Contamination,89.114,117.55,242.4,49.07,120.96,455.96,2024-02-19 04:15:00
WF_004699,BATCH_025,MACH_004,Post-Etch,93.22,3,None,90.119,115.9,245.43,49.85,119.34,453.06,2024-02-19 04:30:00
WF_004700,BATCH_050,MACH_003,Post-Etch,91.73,4,Pattern Distortion,90.138,122.24,253.95,49.95,121.13,475.2,2024-02-19 04:45:00
WF_004701,BATCH_025,MACH_004,Post-Etch,85.89,7,Etch Pit,93.203,118.92,252.96,57.11,121.29,437.86,2024-02-19 05:00:00
WF_004702,BATCH_017,MACH_003,Post-Etch,94.71,3,None,90.802,124.58,252.97,49.63,118.76,448.53,2024-02-19 05:15:00
WF_004703,BATCH_037,MACH_002,Post-Etch,93.6,3,None,92.178,123.56,260.19,53.46,120.58,460.54,2024-02-19 05:30:00
WF_004704,BATCH_050,MACH_001,Post-Etch,94.46,2,None,90.062,115.94,244.52,50.09,122.17,440.25,2024-02-19 05:45:00
WF_004705,BATCH_032,MACH_002,Post-Etch,91.47,4,Pattern Distortion,92.579,119.44,251.06,55.34,121.18,459.13,2024-02-19 06:00:00
WF_004706,BATCH_030,MACH_005,Post-Etch,95.71,2,None,90.278,121.25,246.4,51.93,119.69,439.59,2024-02-19 06:15:00
WF_004707,BATCH_049,MACH_004,Post-Etch,93.24,3,None,89.18,120.09,247.69,48.86,121.6,443.43,2024-02-19 06:30:00
WF_004708,BATCH_030,MACH_005,Post-Etch,92.65,3,None,89.528,121.7,243.33,48.46,120.68,437.65,2024-02-19 06:45:00
WF_004709,BATCH_010,MACH_001,Post-Etch,99.0,0,None,89.498,115.12,250.02,48.47,121.52,451.47,2024-02-19 07:00:00
WF_004710,BATCH_050,MACH_001,Post-Etch,89.96,5,Micro-crack,89.232,121.76,246.96,48.79,120.42,455.95,2024-02-19 07:15:00
WF_004711,BATCH_018,MACH_002,Post-Etch,88.67,6,Etch Pit,92.856,119.76,245.71,56.59,121.52,451.7,2024-02-19 07:30:00
WF_004712,BATCH_047,MACH_002,Post-Etch,99.0,0,None,90.493,118.59,247.53,51.38,120.46,450.08,2024-02-19 07:45:00
WF_004713,BATCH_020,MACH_003,Post-Etch,97.52,1,None,89.32,119.69,257.63,49.32,119.03,464.54,2024-02-19 08:00:00
WF_004714,BATCH_049,MACH_002,Post-Etch,91.99,4,Etch Pit,92.408,120.62,250.31,56.75,119.48,464.11,2024-02-19 08:15:00
WF_004715,BATCH_001,MACH_001,Post-Etch,95.29,2,None,90.231,121.01,251.96,51.01,120.4,444.63,2024-02-19 08:30:00
WF_004716,BATCH_032,MACH_004,Post-Etch,94.16,3,None,88.932,117.91,243.29,48.81,120.94,461.3,2024-02-19 08:45:00
WF_004717,BATCH_044,MACH_002,Post-Etch,93.82,3,None,91.891,123.09,246.64,53.93,120.19,443.01,2024-02-19 09:00:00
WF_004718,BATCH_044,MACH_005,Post-Etch,97.33,1,None,89.623,124.39,253.44,48.72,119.82,440.64,2024-02-19 09:15:00
WF_004719,BATCH_015,MACH_005,Post-Etch,92.1,4,Photoresist Residue,89.882,121.47,252.24,49.46,119.23,449.04,2024-02-19 09:30:00
WF_004720,BATCH_027,MACH_004,Post-Etch,93.45,3,None,89.093,115.97,239.62,49.68,119.9,440.38,2024-02-19 09:45:00
WF_004721,BATCH_004,MACH_001,Post-Etch,92.24,4,Pattern Distortion,88.593,118.66,253.88,46.08,119.49,464.1,2024-02-19 10:00:00
WF_004722,BATCH_048,MACH_004,Post-Etch,96.12,1,None,90.621,117.01,250.77,51.36,120.41,441.6,2024-02-19 10:15:00
WF_004723,BATCH_045,MACH_003,Post-Etch,92.77,3,None,91.441,121.75,247.38,53.81,120.36,457.02,2024-02-19 10:30:00
WF_004724,BATCH_047,MACH_001,Post-Etch,93.62,3,None,89.488,122.94,255.13,47.75,120.24,452.61,2024-02-19 10:45:00
WF_004725,BATCH_029,MACH_001,Post-Etch,93.56,3,None,89.808,124.53,254.65,48.39,122.33,439.16,2024-02-19 11:00:00
WF_004726,BATCH_037,MACH_005,Post-Etch,96.22,1,None,91.111,121.38,251.05,53.01,119.79,435.76,2024-02-19 11:15:00
WF_004727,BATCH_005,MACH_005,Post-Etch,95.17,2,None,90.316,120.34,241.86,51.67,120.96,430.18,2024-02-19 11:30:00
WF_004728,BATCH_032,MACH_003,Post-Etch,96.46,1,None,90.289,124.32,254.36,50.87,119.66,463.33,2024-02-19 11:45:00
WF_004729,BATCH_040,MACH_005,Post-Etch,92.52,3,None,90.806,122.85,247.5,51.96,119.35,453.75,2024-02-19 12:00:00
WF_004730,BATCH_045,MACH_002,Post-Etch,93.31,3,None,91.857,115.29,258.35,54.26,119.62,429.03,2024-02-19 12:15:00
WF_004731,BATCH_004,MACH_002,Post-Etch,99.0,0,None,90.386,117.96,250.63,51.23,119.85,442.02,2024-02-19 12:30:00
WF_004732,BATCH_004,MACH_004,Post-Etch,95.4,2,None,90.112,117.67,250.63,50.45,119.43,454.73,2024-02-19 12:45:00
WF_004733,BATCH_021,MACH_001,Post-Etch,94.62,2,None,90.884,116.0,241.23,53.6,117.48,452.46,2024-02-19 13:00:00
WF_004734,BATCH_023,MACH_005,Post-Etch,96.77,1,None,90.385,116.63,244.49,52.12,119.65,464.42,2024-02-19 13:15:00
WF_004735,BATCH_002,MACH_005,Post-Etch,92.6,3,None,90.29,122.82,251.57,49.36,118.81,443.25,2024-02-19 13:30:00
WF_004736,BATCH_020,MACH_003,Post-Etch,88.32,6,Contamination,89.968,123.1,252.03,49.75,120.5,451.04,2024-02-19 13:45:00
WF_004737,BATCH_034,MACH_004,Post-Etch,91.72,4,Etch Pit,88.78,118.08,249.19,46.44,120.1,430.36,2024-02-19 14:00:00
WF_004738,BATCH_003,MACH_005,Post-Etch,97.29,1,None,89.853,120.58,248.05,50.78,121.01,455.42,2024-02-19 14:15:00
WF_004739,BATCH_021,MACH_005,Post-Etch,95.66,2,None,89.719,115.96,248.55,50.24,122.23,446.25,2024-02-19 14:30:00
WF_004740,BATCH_049,MACH_005,Post-Etch,93.7,3,None,90.947,116.53,247.62,51.72,120.95,454.21,2024-02-19 14:45:00
WF_004741,BATCH_007,MACH_001,Post-Etch,87.91,6,Photoresist Residue,91.688,117.02,251.32,52.53,118.38,461.36,2024-02-19 15:00:00
WF_004742,BATCH_046,MACH_003,Post-Etch,87.14,7,Etch Pit,90.399,118.3,244.62,52.03,119.95,461.0,2024-02-19 15:15:00
WF_004743,BATCH_036,MACH_005,Post-Etch,96.38,1,None,90.305,117.12,247.42,51.24,118.94,458.33,2024-02-19 15:30:00
WF_004744,BATCH_045,MACH_002,Post-Etch,93.28,3,None,89.995,122.74,249.67,48.8,120.88,447.67,2024-02-19 15:45:00
WF_004745,BATCH_029,MACH_002,Post-Etch,95.41,2,None,91.677,117.01,250.55,54.35,119.97,431.33,2024-02-19 16:00:00
WF_004746,BATCH_035,MACH_003,Post-Etch,96.94,1,None,90.628,121.68,253.31,52.42,120.43,451.43,2024-02-19 16:15:00
WF_004747,BATCH_041,MACH_004,Post-Etch,98.21,0,None,89.928,124.02,253.6,48.98,120.76,464.32,2024-02-19 16:30:00
WF_004748,BATCH_019,MACH_004,Post-Etch,97.53,1,None,89.451,116.09,243.55,49.58,120.6,445.53,2024-02-19 16:45:00
WF_004749,BATCH_032,MACH_003,Post-Etch,88.47,6,Contamination,90.809,115.5,252.13,51.89,120.93,468.22,2024-02-19 17:00:00
WF_004750,BATCH_029,MACH_004,Post-Etch,92.61,4,Micro-crack,91.234,119.56,250.26,52.75,121.53,459.82,2024-02-19 17:15:00
WF_004751,BATCH_015,MACH_005,Post-Etch,97.45,1,None,90.547,119.85,256.23,49.44,121.31,448.58,2024-02-19 17:30:00
WF_004752,BATCH_049,MACH_004,Post-Etch,96.44,1,None,89.393,117.81,243.08,49.29,119.91,435.57,2024-02-19 17:45:00
WF_004753,BATCH_016,MACH_002,Post-Etch,88.23,6,Micro-crack,92.073,124.58,249.92,54.6,119.74,453.21,2024-02-19 18:00:00
WF_004754,BATCH_045,MACH_003,Post-Etch,95.09,2,None,90.399,120.24,244.32,51.08,118.33,441.47,2024-02-19 18:15:00
WF_004755,BATCH_015,MACH_004,Post-Etch,93.69,3,None,90.564,119.84,250.07,51.12,120.16,437.84,2024-02-19 18:30:00
WF_004756,BATCH_029,MACH_005,Post-Etch,91.62,4,Pattern Distortion,91.363,115.6,250.59,53.79,120.0,441.26,2024-02-19 18:45:00
WF_004757,BATCH_045,MACH_003,Post-Etch,93.64,3,None,89.455,120.1,246.99,49.74,119.11,449.29,2024-02-19 19:00:00
WF_004758,BATCH_040,MACH_005,Post-Etch,98.71,0,None,90.101,116.71,248.15,50.3,120.04,445.54,2024-02-19 19:15:00
WF_004759,BATCH_032,MACH_004,Post-Etch,91.86,4,Contamination,91.742,117.53,251.86,54.12,120.86,446.76,2024-02-19 19:30:00
WF_004760,BATCH_020,MACH_002,Post-Etch,90.7,5,Photoresist Residue,92.108,124.35,251.7,54.96,119.89,457.81,2024-02-19 19:45:00
WF_004761,BATCH_007,MACH_001,Post-Etch,92.59,3,None,90.755,124.67,244.06,52.03,119.13,436.31,2024-02-19 20:00:00
WF_004762,BATCH_022,MACH_003,Post-Etch,92.72,3,None,88.261,123.99,244.67,47.32,120.6,440.81,2024-02-19 20:15:00
WF_004763,BATCH_035,MACH_005,Post-Etch,85.32,8,Photoresist Residue,92.323,115.55,256.98,54.49,118.95,435.7,2024-02-19 20:30:00
WF_004764,BATCH_015,MACH_002,Post-Etch,91.31,4,Etch Pit,92.345,119.23,252.37,55.04,120.21,451.81,2024-02-19 20:45:00
WF_004765,BATCH_026,MACH_002,Post-Etch,96.96,1,None,90.655,120.32,246.42,51.66,119.64,449.7,2024-02-19 21:00:00
WF_004766,BATCH_008,MACH_001,Post-Etch,93.27,3,None,89.074,117.34,244.44,48.19,119.2,426.59,2024-02-19 21:15:00
WF_004767,BATCH_010,MACH_001,Post-Etch,92.31,4,Micro-crack,88.734,117.39,250.71,48.31,121.05,427.52,2024-02-19 21:30:00
WF_004768,BATCH_049,MACH_003,Post-Etch,95.01,2,None,91.317,121.29,255.37,52.63,119.73,468.09,2024-02-19 21:45:00
WF_004769,BATCH_006,MACH_004,Post-Etch,95.3,2,None,89.087,120.4,255.7,46.48,118.21,451.05,2024-02-19 22:00:00
WF_004770,BATCH_027,MACH_001,Post-Etch,95.75,2,None,90.637,123.41,255.28,50.71,122.3,444.92,2024-02-19 22:15:00
WF_004771,BATCH_019,MACH_004,Post-Etch,94.93,2,None,90.686,117.92,249.47,52.02,120.69,439.19,2024-02-19 22:30:00
WF_004772,BATCH_002,MACH_004,Post-Etch,91.21,4,Micro-crack,90.485,115.57,247.54,51.66,120.27,460.72,2024-02-19 22:45:00
WF_004773,BATCH_023,MACH_003,Post-Etch,93.45,3,None,89.835,115.38,252.03,48.29,122.39,470.29,2024-02-19 23:00:00
WF_004774,BATCH_021,MACH_001,Post-Etch,92.41,4,Micro-crack,89.393,123.12,249.94,48.67,120.14,451.65,2024-02-19 23:15:00
WF_004775,BATCH_048,MACH_002,Post-Etch,93.4,3,None,90.711,121.07,247.88,52.4,118.18,467.3,2024-02-19 23:30:00
WF_004776,BATCH_039,MACH_001,Post-Etch,90.45,5,Contamination,91.921,119.41,247.8,53.54,120.34,458.96,2024-02-19 23:45:00
WF_004777,BATCH_031,MACH_004,Post-Etch,91.17,4,Contamination,90.911,118.36,263.05,50.14,118.55,445.76,2024-02-20 00:00:00
WF_004778,BATCH_048,MACH_001,Post-Etch,91.32,4,Contamination,90.777,115.19,250.16,49.59,118.15,433.02,2024-02-20 00:15:00
WF_004779,BATCH_009,MACH_004,Post-Etch,95.6,2,None,89.545,124.41,251.78,48.38,120.77,449.07,2024-02-20 00:30:00
WF_004780,BATCH_011,MACH_003,Post-Etch,95.55,2,None,91.123,120.94,248.06,53.38,120.57,459.39,2024-02-20 00:45:00
WF_004781,BATCH_041,MACH_005,Post-Etch,93.2,3,None,90.025,121.66,245.88,50.38,120.77,440.41,2024-02-20 01:00:00
WF_004782,BATCH_002,MACH_001,Post-Etch,91.7,4,Contamination,90.85,119.5,247.06,52.89,120.34,441.71,2024-02-20 01:15:00
WF_004783,BATCH_019,MACH_002,Post-Etch,87.06,7,Micro-crack,92.747,117.41,258.02,55.72,120.59,448.33,2024-02-20 01:30:00
WF_004784,BATCH_024,MACH_001,Post-Etch,93.79,3,None,90.082,116.97,257.02,49.96,118.64,438.22,2024-02-20 01:45:00
WF_004785,BATCH_015,MACH_004,Post-Etch,98.02,1,None,90.233,118.98,253.51,50.92,119.61,443.53,2024-02-20 02:00:00
WF_004786,BATCH_031,MACH_005,Post-Etch,95.5,2,None,88.522,121.97,246.86,47.5,119.54,449.96,2024-02-20 02:15:00
WF_004787,BATCH_014,MACH_003,Post-Etch,95.59,2,None,90.787,121.55,245.21,53.14,118.73,438.79,2024-02-20 02:30:00
WF_004788,BATCH_017,MACH_003,Post-Etch,93.51,3,None,91.32,120.51,256.3,51.81,118.34,452.59,2024-02-20 02:45:00
WF_004789,BATCH_003,MACH_003,Post-Etch,94.58,2,None,89.435,122.77,252.89,46.96,120.16,463.25,2024-02-20 03:00:00
WF_004790,BATCH_046,MACH_005,Post-Etch,97.72,1,None,89.581,119.76,254.09,49.19,120.1,443.78,2024-02-20 03:15:00
WF_004791,BATCH_021,MACH_001,Post-Etch,98.01,0,None,89.413,120.4,250.03,49.46,117.82,445.94,2024-02-20 03:30:00
WF_004792,BATCH_034,MACH_001,Post-Etch,97.23,1,None,89.55,119.06,248.36,49.28,121.05,448.66,2024-02-20 03:45:00
WF_004793,BATCH_032,MACH_002,Post-Etch,91.68,4,Micro-crack,91.052,119.37,252.16,52.78,119.93,439.9,2024-02-20 04:00:00
WF_004794,BATCH_029,MACH_005,Post-Etch,98.96,0,None,90.334,116.19,246.91,51.15,120.93,458.08,2024-02-20 04:15:00
WF_004795,BATCH_032,MACH_002,Post-Etch,94.13,3,None,91.319,119.65,256.6,51.87,117.81,453.69,2024-02-20 04:30:00
WF_004796,BATCH_022,MACH_003,Post-Etch,94.49,2,None,90.323,120.69,249.31,51.11,121.55,435.37,2024-02-20 04:45:00
WF_004797,BATCH_049,MACH_002,Post-Etch,88.01,6,Etch Pit,91.69,120.55,247.53,54.19,121.4,454.52,2024-02-20 05:00:00
WF_004798,BATCH_044,MACH_001,Post-Etch,91.98,4,Pattern Distortion,88.728,122.07,241.76,48.52,121.0,452.53,2024-02-20 05:15:00
WF_004799,BATCH_024,MACH_002,Post-Etch,97.77,1,None,89.922,119.63,247.98,50.11,118.93,442.98,2024-02-20 05:30:00
WF_004800,BATCH_016,MACH_005,Post-Etch,86.03,7,Photoresist Residue,88.856,117.82,245.65,48.28,119.12,440.93,2024-02-20 05:45:00
WF_004801,BATCH_030,MACH_002,Post-Etch,93.34,3,None,90.733,117.21,248.71,51.79,122.1,447.38,2024-02-20 06:00:00
WF_004802,BATCH_034,MACH_003,Post-Etch,93.25,3,None,91.065,120.81,253.47,52.05,120.14,451.73,2024-02-20 06:15:00
WF_004803,BATCH_041,MACH_002,Post-Etch,88.26,6,Etch Pit,92.054,115.46,248.55,55.29,119.96,453.55,2024-02-20 06:30:00
WF_004804,BATCH_044,MACH_001,Post-Etch,93.31,3,None,89.985,123.37,254.93,49.25,120.03,445.22,2024-02-20 06:45:00
WF_004805,BATCH_037,MACH_003,Post-Etch,88.37,6,Photoresist Residue,89.103,124.32,251.66,47.06,119.17,450.85,2024-02-20 07:00:00
WF_004806,BATCH_024,MACH_003,Post-Etch,95.37,2,None,88.855,117.67,249.11,47.91,119.97,440.77,2024-02-20 07:15:00
WF_004807,BATCH_046,MACH_005,Post-Etch,97.4,1,None,89.76,124.71,253.73,49.24,118.08,445.94,2024-02-20 07:30:00
WF_004808,BATCH_045,MACH_004,Post-Etch,89.83,5,Micro-crack,90.72,124.42,255.91,49.78,120.46,458.04,2024-02-20 07:45:00
WF_004809,BATCH_013,MACH_004,Post-Etch,91.3,5,Pattern Distortion,90.533,122.51,249.08,51.9,118.82,457.2,2024-02-20 08:00:00
WF_004810,BATCH_005,MACH_005,Post-Etch,92.81,3,None,89.061,124.51,243.06,51.01,117.49,447.83,2024-02-20 08:15:00
WF_004811,BATCH_007,MACH_003,Post-Etch,97.76,1,None,89.419,116.89,241.3,48.98,119.47,447.92,2024-02-20 08:30:00
WF_004812,BATCH_049,MACH_005,Post-Etch,95.12,2,None,89.091,124.31,239.54,49.16,120.21,465.11,2024-02-20 08:45:00
WF_004813,BATCH_032,MACH_001,Post-Etch,96.16,2,None,89.397,122.74,244.01,49.7,120.41,443.27,2024-02-20 09:00:00
WF_004814,BATCH_017,MACH_004,Post-Etch,92.28,4,Etch Pit,89.879,124.89,255.84,49.54,121.92,460.5,2024-02-20 09:15:00
WF_004815,BATCH_042,MACH_002,Post-Etch,93.44,3,None,92.121,118.04,252.49,53.6,118.99,442.85,2024-02-20 09:30:00
WF_004816,BATCH_034,MACH_001,Post-Etch,91.78,4,Etch Pit,89.758,123.47,245.1,50.46,121.13,453.06,2024-02-20 09:45:00
WF_004817,BATCH_033,MACH_003,Post-Etch,90.3,5,Micro-crack,90.684,115.38,241.25,52.61,118.67,445.17,2024-02-20 10:00:00
WF_004818,BATCH_023,MACH_005,Post-Etch,94.05,3,None,87.556,123.43,244.94,44.88,120.38,425.51,2024-02-20 10:15:00
WF_004819,BATCH_001,MACH_003,Post-Etch,97.24,1,None,90.793,119.39,258.42,50.12,118.78,457.44,2024-02-20 10:30:00
WF_004820,BATCH_034,MACH_002,Post-Etch,97.59,1,None,89.393,121.14,255.43,48.37,119.64,442.7,2024-02-20 10:45:00
WF_004821,BATCH_037,MACH_004,Post-Etch,92.74,3,None,88.843,123.58,247.71,48.0,122.85,442.84,2024-02-20 11:00:00
WF_004822,BATCH_016,MACH_005,Post-Etch,97.56,1,None,89.631,122.17,252.3,48.61,121.69,459.21,2024-02-20 11:15:00
WF_004823,BATCH_036,MACH_002,Post-Etch,88.02,6,Etch Pit,92.359,116.65,244.89,56.33,118.6,446.01,2024-02-20 11:30:00
WF_004824,BATCH_043,MACH_003,Post-Etch,93.35,3,None,91.089,124.47,249.67,52.05,118.28,441.51,2024-02-20 11:45:00
WF_004825,BATCH_011,MACH_001,Post-Etch,97.55,1,None,90.782,119.61,256.24,51.31,120.93,451.36,2024-02-20 12:00:00
WF_004826,BATCH_007,MACH_002,Post-Etch,82.8,9,Photoresist Residue,92.625,115.91,246.66,56.91,119.34,451.13,2024-02-20 12:15:00
WF_004827,BATCH_048,MACH_001,Post-Etch,97.14,1,None,89.795,119.83,250.4,49.2,120.15,448.92,2024-02-20 12:30:00
WF_004828,BATCH_022,MACH_003,Post-Etch,91.64,4,Pattern Distortion,91.318,122.56,258.69,51.94,120.38,462.83,2024-02-20 12:45:00
WF_004829,BATCH_026,MACH_003,Post-Etch,94.92,2,None,91.183,118.47,252.69,51.93,119.05,447.0,2024-02-20 13:00:00
WF_004830,BATCH_025,MACH_004,Post-Etch,93.14,3,None,91.61,124.56,246.44,54.33,119.43,439.5,2024-02-20 13:15:00
WF_004831,BATCH_034,MACH_003,Post-Etch,90.46,5,Etch Pit,89.393,117.11,251.3,47.94,119.21,432.52,2024-02-20 13:30:00
WF_004832,BATCH_006,MACH_002,Post-Etch,88.74,6,Pattern Distortion,93.056,122.2,244.09,58.98,119.61,449.66,2024-02-20 13:45:00
WF_004833,BATCH_031,MACH_003,Post-Etch,94.68,2,None,88.815,115.91,250.01,45.91,119.45,463.8,2024-02-20 14:00:00
WF_004834,BATCH_009,MACH_004,Post-Etch,94.18,3,None,89.436,123.73,244.66,48.09,118.69,450.58,2024-02-20 14:15:00
WF_004835,BATCH_033,MACH_002,Post-Etch,84.06,9,Photoresist Residue,92.781,117.01,250.58,55.88,118.37,469.29,2024-02-20 14:30:00
WF_004836,BATCH_045,MACH_005,Post-Etch,95.31,2,None,89.588,123.02,245.2,50.01,120.42,444.0,2024-02-20 14:45:00
WF_004837,BATCH_044,MACH_005,Post-Etch,93.29,3,None,91.156,124.51,253.97,53.16,117.82,458.51,2024-02-20 15:00:00
WF_004838,BATCH_029,MACH_001,Post-Etch,91.61,4,Pattern Distortion,89.9,117.47,253.89,49.55,118.86,450.25,2024-02-20 15:15:00
WF_004839,BATCH_037,MACH_003,Post-Etch,89.26,5,Micro-crack,91.655,115.59,250.7,52.98,120.1,467.05,2024-02-20 15:30:00
WF_004840,BATCH_026,MACH_002,Post-Etch,91.92,4,Micro-crack,92.213,123.39,257.83,55.36,118.58,443.95,2024-02-20 15:45:00
WF_004841,BATCH_001,MACH_002,Post-Etch,93.86,3,None,90.325,122.98,256.16,50.73,119.11,443.7,2024-02-20 16:00:00
WF_004842,BATCH_020,MACH_002,Post-Etch,86.61,7,Pattern Distortion,91.538,119.16,249.56,53.85,118.94,448.68,2024-02-20 16:15:00
WF_004843,BATCH_030,MACH_003,Post-Etch,97.0,1,None,88.839,120.06,249.43,47.69,121.62,438.48,2024-02-20 16:30:00
WF_004844,BATCH_028,MACH_003,Post-Etch,91.27,4,Etch Pit,90.193,119.84,253.12,51.05,121.93,442.52,2024-02-20 16:45:00
WF_004845,BATCH_013,MACH_003,Post-Etch,95.62,2,None,90.249,118.26,252.76,52.02,118.25,447.73,2024-02-20 17:00:00
WF_004846,BATCH_005,MACH_003,Post-Etch,87.98,6,Etch Pit,91.971,117.58,250.36,53.04,119.81,431.97,2024-02-20 17:15:00
WF_004847,BATCH_004,MACH_002,Post-Etch,97.24,1,None,89.546,122.65,244.35,49.72,118.79,454.7,2024-02-20 17:30:00
WF_004848,BATCH_050,MACH_005,Post-Etch,95.65,2,None,91.03,116.88,255.16,51.1,121.2,439.18,2024-02-20 17:45:00
WF_004849,BATCH_044,MACH_005,Post-Etch,95.3,2,None,89.621,116.98,246.82,49.67,119.6,467.06,2024-02-20 18:00:00
WF_004850,BATCH_016,MACH_001,Post-Etch,88.02,6,Etch Pit,89.296,116.18,251.68,46.9,117.97,426.13,2024-02-20 18:15:00
WF_004851,BATCH_017,MACH_001,Post-Etch,92.07,4,Pattern Distortion,88.992,117.57,253.2,47.69,119.48,466.63,2024-02-20 18:30:00
WF_004852,BATCH_043,MACH_001,Post-Etch,97.26,1,None,89.975,115.34,237.85,53.68,120.03,453.96,2024-02-20 18:45:00
WF_004853,BATCH_033,MACH_003,Post-Etch,94.51,2,None,89.493,115.67,251.86,48.96,119.74,454.36,2024-02-20 19:00:00
WF_004854,BATCH_002,MACH_001,Post-Etch,97.17,1,None,89.421,123.67,249.91,47.86,119.47,464.83,2024-02-20 19:15:00
WF_004855,BATCH_021,MACH_004,Post-Etch,97.62,1,None,90.968,124.83,247.25,52.31,120.31,447.36,2024-02-20 19:30:00
WF_004856,BATCH_037,MACH_002,Post-Etch,90.45,5,Pattern Distortion,92.721,119.68,245.44,57.55,121.81,440.75,2024-02-20 19:45:00
WF_004857,BATCH_027,MACH_003,Post-Etch,98.85,0,None,89.412,115.82,237.31,49.65,118.57,443.63,2024-02-20 20:00:00
WF_004858,BATCH_014,MACH_003,Post-Etch,93.73,3,None,88.507,124.09,247.36,47.4,120.41,459.21,2024-02-20 20:15:00
WF_004859,BATCH_040,MACH_003,Post-Etch,95.71,2,None,90.276,121.53,240.68,51.74,120.57,455.51,2024-02-20 20:30:00
WF_004860,BATCH_045,MACH_005,Post-Etch,97.58,1,None,89.776,122.01,251.17,48.61,120.34,434.75,2024-02-20 20:45:00
WF_004861,BATCH_042,MACH_002,Post-Etch,91.7,4,Contamination,91.741,115.81,252.2,53.0,121.54,441.16,2024-02-20 21:00:00
WF_004862,BATCH_020,MACH_001,Post-Etch,91.42,4,Pattern Distortion,89.558,120.93,247.16,50.16,121.57,449.55,2024-02-20 21:15:00
WF_004863,BATCH_043,MACH_001,Post-Etch,95.19,2,None,90.692,118.89,251.99,51.54,121.6,459.61,2024-02-20 21:30:00
WF_004864,BATCH_038,MACH_001,Post-Etch,92.02,4,Etch Pit,88.959,123.55,240.84,49.28,119.74,436.07,2024-02-20 21:45:00
WF_004865,BATCH_038,MACH_001,Post-Etch,95.37,2,None,90.778,124.23,245.5,52.11,120.96,442.04,2024-02-20 22:00:00
WF_004866,BATCH_015,MACH_004,Post-Etch,93.23,3,None,88.887,120.79,240.97,49.37,119.93,444.05,2024-02-20 22:15:00
WF_004867,BATCH_044,MACH_001,Post-Etch,97.46,1,None,90.034,124.94,258.78,49.31,119.76,462.87,2024-02-20 22:30:00
WF_004868,BATCH_033,MACH_005,Post-Etch,97.62,1,None,90.845,119.57,250.22,51.84,119.57,444.53,2024-02-20 22:45:00
WF_004869,BATCH_033,MACH_003,Post-Etch,89.59,5,Micro-crack,91.064,124.65,245.34,52.34,121.85,449.35,2024-02-20 23:00:00
WF_004870,BATCH_042,MACH_005,Post-Etch,97.1,1,None,90.02,122.71,262.58,48.78,119.7,452.48,2024-02-20 23:15:00
WF_004871,BATCH_044,MACH_005,Post-Etch,92.04,4,Photoresist Residue,91.279,123.19,251.13,52.66,122.1,449.58,2024-02-20 23:30:00
WF_004872,BATCH_041,MACH_005,Post-Etch,95.6,2,None,90.243,116.66,245.44,50.35,120.47,448.74,2024-02-20 23:45:00
WF_004873,BATCH_034,MACH_004,Post-Etch,93.82,3,None,88.22,124.71,253.19,45.79,120.71,454.66,2024-02-21 00:00:00
WF_004874,BATCH_004,MACH_002,Post-Etch,88.97,5,Photoresist Residue,91.669,123.16,244.35,54.76,119.74,434.15,2024-02-21 00:15:00
WF_004875,BATCH_035,MACH_003,Post-Etch,93.24,3,None,89.25,121.24,254.53,47.93,120.85,441.8,2024-02-21 00:30:00
WF_004876,BATCH_007,MACH_005,Post-Etch,93.73,3,None,90.844,123.6,257.72,49.59,119.96,441.11,2024-02-21 00:45:00
WF_004877,BATCH_024,MACH_002,Post-Etch,93.72,3,None,91.758,117.03,255.33,53.56,120.13,438.51,2024-02-21 01:00:00
WF_004878,BATCH_016,MACH_001,Post-Etch,95.58,2,None,90.241,117.55,249.52,50.11,121.95,448.4,2024-02-21 01:15:00
WF_004879,BATCH_020,MACH_002,Post-Etch,86.61,7,Contamination,93.058,117.62,249.21,56.91,120.14,457.72,2024-02-21 01:30:00
WF_004880,BATCH_050,MACH_004,Post-Etch,97.05,1,None,89.597,120.82,254.49,47.85,119.95,447.6,2024-02-21 01:45:00
WF_004881,BATCH_009,MACH_001,Post-Etch,90.69,5,Photoresist Residue,90.793,116.76,251.93,51.29,121.56,454.93,2024-02-21 02:00:00
WF_004882,BATCH_038,MACH_004,Post-Etch,90.41,5,Photoresist Residue,90.552,116.04,246.46,51.58,119.65,444.53,2024-02-21 02:15:00
WF_004883,BATCH_048,MACH_001,Post-Etch,91.28,4,Micro-crack,88.867,116.05,248.68,48.15,119.51,451.51,2024-02-21 02:30:00
WF_004884,BATCH_034,MACH_001,Post-Etch,97.11,1,None,89.886,123.43,255.36,47.36,121.16,458.37,2024-02-21 02:45:00
WF_004885,BATCH_046,MACH_001,Post-Etch,95.44,2,None,90.131,124.31,255.68,50.11,120.56,459.67,2024-02-21 03:00:00
WF_004886,BATCH_018,MACH_004,Post-Etch,94.13,3,None,91.32,122.75,248.14,52.43,118.96,460.57,2024-02-21 03:15:00
WF_004887,BATCH_028,MACH_002,Post-Etch,88.41,6,Pattern Distortion,91.661,118.63,258.6,53.05,121.85,440.25,2024-02-21 03:30:00
WF_004888,BATCH_007,MACH_004,Post-Etch,95.78,2,None,90.159,123.98,249.6,49.78,121.69,447.4,2024-02-21 03:45:00
WF_004889,BATCH_015,MACH_005,Post-Etch,94.19,3,None,90.442,121.71,247.5,50.84,119.34,448.42,2024-02-21 04:00:00
WF_004890,BATCH_008,MACH_004,Post-Etch,94.94,2,None,90.72,122.2,255.7,50.02,120.31,438.71,2024-02-21 04:15:00
WF_004891,BATCH_027,MACH_005,Post-Etch,99.0,0,None,90.381,123.94,248.3,51.44,119.56,459.43,2024-02-21 04:30:00
WF_004892,BATCH_042,MACH_003,Post-Etch,91.97,4,Micro-crack,90.223,115.52,255.5,50.44,119.65,449.17,2024-02-21 04:45:00
WF_004893,BATCH_041,MACH_005,Post-Etch,97.26,1,None,90.039,121.49,248.85,50.92,120.5,451.36,2024-02-21 05:00:00
WF_004894,BATCH_025,MACH_002,Post-Etch,97.67,1,None,90.295,117.83,247.01,52.64,120.13,440.51,2024-02-21 05:15:00
WF_004895,BATCH_034,MACH_003,Post-Etch,95.38,2,None,89.389,116.21,244.82,49.21,118.97,443.23,2024-02-21 05:30:00
WF_004896,BATCH_048,MACH_002,Post-Etch,92.62,4,Photoresist Residue,91.379,120.48,242.23,53.75,121.42,433.41,2024-02-21 05:45:00
WF_004897,BATCH_031,MACH_004,Post-Etch,96.67,1,None,90.326,119.66,258.48,50.51,118.72,446.9,2024-02-21 06:00:00
WF_004898,BATCH_029,MACH_005,Post-Etch,99.0,0,None,90.384,118.23,248.25,50.65,119.22,454.46,2024-02-21 06:15:00
WF_004899,BATCH_046,MACH_001,Post-Etch,90.34,5,Etch Pit,90.681,121.76,249.07,52.05,121.21,453.46,2024-02-21 06:30:00
WF_004900,BATCH_012,MACH_002,Post-Etch,88.25,6,Contamination,92.342,123.36,257.21,54.66,121.17,452.44,2024-02-21 06:45:00
WF_004901,BATCH_044,MACH_002,Post-Etch,98.09,1,None,90.811,115.7,252.86,51.66,121.42,456.03,2024-02-21 07:00:00
WF_004902,BATCH_024,MACH_005,Post-Etch,97.02,1,None,90.51,116.38,246.31,51.18,118.65,440.21,2024-02-21 07:15:00
WF_004903,BATCH_004,MACH_004,Post-Etch,91.57,4,Micro-crack,88.51,115.12,252.24,45.82,120.79,457.36,2024-02-21 07:30:00
WF_004904,BATCH_014,MACH_004,Post-Etch,95.38,2,None,91.443,120.53,254.24,53.01,121.2,453.82,2024-02-21 07:45:00
WF_004905,BATCH_003,MACH_005,Post-Etch,89.8,5,Micro-crack,91.124,119.34,256.86,52.69,119.29,451.85,2024-02-21 08:00:00
WF_004906,BATCH_037,MACH_005,Post-Etch,94.84,3,None,89.479,121.23,246.12,48.45,120.41,442.56,2024-02-21 08:15:00
WF_004907,BATCH_004,MACH_004,Post-Etch,93.17,3,None,89.982,120.63,251.3,50.06,118.35,456.57,2024-02-21 08:30:00
WF_004908,BATCH_025,MACH_001,Post-Etch,95.36,2,None,89.772,122.85,251.02,50.83,119.31,448.51,2024-02-21 08:45:00
WF_004909,BATCH_022,MACH_001,Post-Etch,94.14,3,None,90.828,121.78,253.66,51.49,120.91,458.1,2024-02-21 09:00:00
WF_004910,BATCH_020,MACH_002,Post-Etch,89.51,5,Etch Pit,91.147,121.78,244.48,51.96,120.4,459.07,2024-02-21 09:15:00
WF_004911,BATCH_040,MACH_001,Post-Etch,94.47,3,None,89.098,116.79,231.98,49.44,120.7,432.85,2024-02-21 09:30:00
WF_004912,BATCH_033,MACH_001,Post-Etch,94.47,3,None,90.226,121.07,247.3,51.41,119.43,452.85,2024-02-21 09:45:00
WF_004913,BATCH_048,MACH_005,Post-Etch,97.67,1,None,90.597,120.39,262.02,50.68,119.59,465.33,2024-02-21 10:00:00
WF_004914,BATCH_047,MACH_004,Post-Etch,98.57,0,None,90.291,120.75,247.68,50.29,120.89,442.36,2024-02-21 10:15:00
WF_004915,BATCH_028,MACH_002,Post-Etch,94.37,2,None,91.636,117.41,244.14,55.18,119.67,454.03,2024-02-21 10:30:00
WF_004916,BATCH_005,MACH_001,Post-Etch,97.98,0,None,90.186,122.9,250.92,50.04,118.62,466.37,2024-02-21 10:45:00
WF_004917,BATCH_026,MACH_001,Post-Etch,93.87,3,None,89.891,117.81,247.08,50.59,120.09,450.67,2024-02-21 11:00:00
WF_004918,BATCH_039,MACH_004,Post-Etch,96.47,2,None,90.787,115.97,246.95,51.62,119.29,447.67,2024-02-21 11:15:00
WF_004919,BATCH_044,MACH_005,Post-Etch,96.58,1,None,90.482,117.37,251.94,51.06,121.13,447.73,2024-02-21 11:30:00
WF_004920,BATCH_035,MACH_002,Post-Etch,90.58,5,Etch Pit,92.016,116.43,250.46,53.12,121.34,440.74,2024-02-21 11:45:00
WF_004921,BATCH_010,MACH_004,Post-Etch,96.52,1,None,90.0,115.18,250.54,50.77,119.96,457.62,2024-02-21 12:00:00
WF_004922,BATCH_011,MACH_004,Post-Etch,85.17,8,Photoresist Residue,90.13,122.87,242.46,51.36,118.76,437.63,2024-02-21 12:15:00
WF_004923,BATCH_015,MACH_003,Post-Etch,95.91,2,None,91.141,124.37,253.7,52.01,121.24,444.76,2024-02-21 12:30:00
WF_004924,BATCH_019,MACH_001,Post-Etch,95.74,2,None,90.643,118.18,247.11,51.09,119.78,448.67,2024-02-21 12:45:00
WF_004925,BATCH_030,MACH_001,Post-Etch,92.0,4,Pattern Distortion,91.839,120.35,249.36,54.26,116.97,454.37,2024-02-21 13:00:00
WF_004926,BATCH_031,MACH_005,Post-Etch,94.92,2,None,89.274,120.73,245.11,48.7,118.62,438.46,2024-02-21 13:15:00
WF_004927,BATCH_031,MACH_003,Post-Etch,90.6,4,Photoresist Residue,90.421,120.07,257.57,49.94,121.96,456.73,2024-02-21 13:30:00
WF_004928,BATCH_009,MACH_004,Post-Etch,98.45,0,None,90.589,116.31,257.26,50.11,119.73,440.8,2024-02-21 13:45:00
WF_004929,BATCH_012,MACH_002,Post-Etch,96.72,1,None,90.0,115.63,243.73,50.95,119.68,448.04,2024-02-21 14:00:00
WF_004930,BATCH_047,MACH_004,Post-Etch,91.49,4,Pattern Distortion,92.078,116.36,254.29,53.74,119.46,458.89,2024-02-21 14:15:00
WF_004931,BATCH_030,MACH_005,Post-Etch,94.89,2,None,89.594,120.22,251.51,48.95,121.5,449.57,2024-02-21 14:30:00
WF_004932,BATCH_007,MACH_004,Post-Etch,94.69,2,None,90.648,120.43,246.55,51.93,119.51,452.44,2024-02-21 14:45:00
WF_004933,BATCH_035,MACH_001,Post-Etch,93.97,2,None,89.596,117.63,251.59,48.29,119.43,442.06,2024-02-21 15:00:00
WF_004934,BATCH_046,MACH_001,Post-Etch,94.88,2,None,90.563,120.07,249.82,51.19,121.77,450.87,2024-02-21 15:15:00
WF_004935,BATCH_018,MACH_002,Post-Etch,84.15,8,Pattern Distortion,94.096,117.63,257.49,58.64,119.83,445.59,2024-02-21 15:30:00
WF_004936,BATCH_001,MACH_001,Post-Etch,88.6,6,Contamination,90.494,120.04,244.72,50.22,119.67,465.18,2024-02-21 15:45:00
WF_004937,BATCH_050,MACH_004,Post-Etch,90.39,5,Etch Pit,89.082,115.44,248.6,48.4,120.79,436.72,2024-02-21 16:00:00
WF_004938,BATCH_031,MACH_005,Post-Etch,92.85,3,None,90.332,117.33,251.14,49.69,121.64,458.65,2024-02-21 16:15:00
WF_004939,BATCH_045,MACH_005,Post-Etch,90.02,5,Micro-crack,88.542,119.6,254.18,44.75,119.88,451.76,2024-02-21 16:30:00
WF_004940,BATCH_035,MACH_005,Post-Etch,94.29,2,None,90.85,119.39,246.66,52.71,120.92,441.25,2024-02-21 16:45:00
WF_004941,BATCH_050,MACH_001,Post-Etch,97.85,1,None,89.016,115.46,255.22,46.65,119.56,461.86,2024-02-21 17:00:00
WF_004942,BATCH_008,MACH_002,Post-Etch,90.68,4,Micro-crack,91.361,123.46,250.38,53.39,119.25,473.66,2024-02-21 17:15:00
WF_004943,BATCH_023,MACH_003,Post-Etch,96.61,1,None,90.157,122.64,246.84,50.05,120.24,449.87,2024-02-21 17:30:00
WF_004944,BATCH_046,MACH_005,Post-Etch,99.0,0,None,89.478,117.6,252.2,49.29,121.37,443.64,2024-02-21 17:45:00
WF_004945,BATCH_028,MACH_002,Post-Etch,90.42,4,Contamination,92.446,116.93,255.33,54.64,119.57,451.94,2024-02-21 18:00:00
WF_004946,BATCH_046,MACH_005,Post-Etch,91.54,4,Photoresist Residue,89.274,121.94,247.47,48.82,120.25,451.74,2024-02-21 18:15:00
WF_004947,BATCH_044,MACH_002,Post-Etch,86.26,7,Contamination,92.392,123.53,257.44,53.12,120.73,435.83,2024-02-21 18:30:00
WF_004948,BATCH_007,MACH_002,Post-Etch,84.17,8,Pattern Distortion,92.917,122.47,252.93,57.82,119.08,460.22,2024-02-21 18:45:00
WF_004949,BATCH_022,MACH_003,Post-Etch,99.0,0,None,89.89,122.62,249.14,49.41,118.59,463.75,2024-02-21 19:00:00
WF_004950,BATCH_028,MACH_005,Post-Etch,93.76,3,None,91.041,118.92,249.54,52.23,121.82,458.1,2024-02-21 19:15:00
WF_004951,BATCH_038,MACH_004,Post-Etch,93.14,3,None,90.841,119.74,252.33,52.15,118.12,460.99,2024-02-21 19:30:00
WF_004952,BATCH_025,MACH_005,Post-Etch,98.01,1,None,89.842,123.05,253.79,48.1,120.07,443.94,2024-02-21 19:45:00
WF_004953,BATCH_047,MACH_005,Post-Etch,94.87,2,None,89.148,120.76,255.26,46.54,120.57,462.11,2024-02-21 20:00:00
WF_004954,BATCH_014,MACH_002,Post-Etch,90.87,5,Contamination,92.521,123.62,250.64,56.23,119.36,447.83,2024-02-21 20:15:00
WF_004955,BATCH_018,MACH_001,Post-Etch,93.46,3,None,89.827,117.02,252.63,48.28,120.12,443.76,2024-02-21 20:30:00
WF_004956,BATCH_011,MACH_005,Post-Etch,90.45,5,Contamination,89.337,120.32,246.48,47.43,119.0,452.22,2024-02-21 20:45:00
WF_004957,BATCH_037,MACH_001,Post-Etch,94.57,3,None,89.961,115.98,248.16,49.95,121.87,456.8,2024-02-21 21:00:00
WF_004958,BATCH_016,MACH_005,Post-Etch,95.27,2,None,90.458,117.58,246.78,51.76,120.39,459.48,2024-02-21 21:15:00
WF_004959,BATCH_009,MACH_004,Post-Etch,94.07,3,None,89.052,122.98,250.4,48.01,119.02,445.47,2024-02-21 21:30:00
WF_004960,BATCH_018,MACH_001,Post-Etch,89.75,5,Pattern Distortion,88.49,120.11,253.79,47.34,121.06,445.5,2024-02-21 21:45:00
WF_004961,BATCH_009,MACH_003,Post-Etch,93.42,3,None,88.962,123.11,245.4,49.48,120.45,440.19,2024-02-21 22:00:00
WF_004962,BATCH_006,MACH_001,Post-Etch,97.27,1,None,90.147,120.78,247.39,50.79,118.84,463.01,2024-02-21 22:15:00
WF_004963,BATCH_013,MACH_004,Post-Etch,95.46,2,None,89.595,118.07,247.3,49.12,119.71,449.08,2024-02-21 22:30:00
WF_004964,BATCH_050,MACH_004,Post-Etch,86.45,7,Micro-crack,91.625,119.89,250.7,52.34,119.13,443.28,2024-02-21 22:45:00
WF_004965,BATCH_035,MACH_002,Post-Etch,90.88,5,Contamination,91.801,124.03,251.29,54.29,117.92,459.43,2024-02-21 23:00:00
WF_004966,BATCH_033,MACH_004,Post-Etch,95.41,2,None,90.345,123.94,257.07,50.45,119.96,452.59,2024-02-21 23:15:00
WF_004967,BATCH_011,MACH_001,Post-Etch,93.67,3,None,89.846,122.03,247.52,50.19,119.25,446.86,2024-02-21 23:30:00
WF_004968,BATCH_034,MACH_003,Post-Etch,93.21,3,None,90.578,124.5,250.24,51.04,119.74,436.99,2024-02-21 23:45:00
WF_004969,BATCH_008,MACH_001,Post-Etch,96.79,1,None,88.713,119.75,248.28,47.55,119.02,451.38,2024-02-22 00:00:00
WF_004970,BATCH_007,MACH_004,Post-Etch,95.27,2,None,89.799,121.69,249.65,50.54,119.53,457.91,2024-02-22 00:15:00
WF_004971,BATCH_003,MACH_001,Post-Etch,95.38,2,None,89.267,120.98,245.85,48.67,117.93,434.33,2024-02-22 00:30:00
WF_004972,BATCH_038,MACH_004,Post-Etch,84.42,8,Micro-crack,88.259,121.61,254.18,45.84,118.18,443.13,2024-02-22 00:45:00
WF_004973,BATCH_016,MACH_005,Post-Etch,92.57,4,Photoresist Residue,89.908,119.89,254.14,49.64,119.16,451.85,2024-02-22 01:00:00
WF_004974,BATCH_032,MACH_004,Post-Etch,95.47,2,None,90.353,116.44,256.82,49.21,121.99,435.87,2024-02-22 01:15:00
WF_004975,BATCH_033,MACH_001,Post-Etch,91.48,4,Photoresist Residue,90.469,118.91,250.38,51.43,120.79,440.94,2024-02-22 01:30:00
WF_004976,BATCH_016,MACH_002,Post-Etch,95.3,2,None,91.058,118.24,248.4,52.67,118.64,439.09,2024-02-22 01:45:00
WF_004977,BATCH_048,MACH_001,Post-Etch,95.54,2,None,90.352,122.47,250.6,51.07,119.08,441.67,2024-02-22 02:00:00
WF_004978,BATCH_042,MACH_005,Post-Etch,94.13,3,None,88.566,116.03,250.83,47.0,120.67,450.33,2024-02-22 02:15:00
WF_004979,BATCH_036,MACH_003,Post-Etch,95.46,2,None,90.553,121.14,248.21,49.9,118.45,459.03,2024-02-22 02:30:00
WF_004980,BATCH_001,MACH_002,Post-Etch,95.37,2,None,91.759,117.16,245.08,54.93,119.33,461.84,2024-02-22 02:45:00
WF_004981,BATCH_042,MACH_005,Post-Etch,95.76,2,None,88.795,118.59,251.97,47.96,119.88,453.88,2024-02-22 03:00:00
WF_004982,BATCH_007,MACH_004,Post-Etch,97.19,1,None,90.541,116.82,251.21,51.53,118.82,440.2,2024-02-22 03:15:00
WF_004983,BATCH_039,MACH_005,Post-Etch,93.88,3,None,89.406,124.41,237.63,49.99,119.6,448.38,2024-02-22 03:30:00
WF_004984,BATCH_014,MACH_002,Post-Etch,91.98,4,Pattern Distortion,92.486,124.62,248.24,56.65,119.49,445.1,2024-02-22 03:45:00
WF_004985,BATCH_004,MACH_005,Post-Etch,94.29,3,None,89.038,124.25,256.84,47.21,119.43,435.18,2024-02-22 04:00:00
WF_004986,BATCH_025,MACH_002,Post-Etch,84.5,8,Pattern Distortion,91.526,121.76,246.69,54.05,119.51,461.01,2024-02-22 04:15:00
WF_004987,BATCH_015,MACH_005,Post-Etch,92.02,4,Etch Pit,89.9,117.87,251.31,49.2,121.35,447.56,2024-02-22 04:30:00
WF_004988,BATCH_021,MACH_003,Post-Etch,93.56,3,None,90.488,123.26,242.26,52.66,121.65,461.41,2024-02-22 04:45:00
WF_004989,BATCH_039,MACH_005,Post-Etch,94.64,2,None,90.316,120.89,251.07,49.66,119.74,447.54,2024-02-22 05:00:00
WF_004990,BATCH_002,MACH_005,Post-Etch,89.78,5,Contamination,88.182,122.25,244.33,46.41,120.42,454.17,2024-02-22 05:15:00
WF_004991,BATCH_042,MACH_003,Post-Etch,89.48,5,Contamination,88.535,117.04,251.18,47.2,118.93,449.36,2024-02-22 05:30:00
WF_004992,BATCH_042,MACH_005,Post-Etch,91.59,4,Photoresist Residue,91.327,116.52,254.54,52.22,117.98,449.75,2024-02-22 05:45:00
WF_004993,BATCH_026,MACH_001,Post-Etch,95.44,2,None,90.755,123.22,249.28,52.74,119.62,468.17,2024-02-22 06:00:00
WF_004994,BATCH_031,MACH_001,Post-Etch,98.45,0,None,90.534,116.82,247.21,51.68,120.34,469.56,2024-02-22 06:15:00
WF_004995,BATCH_049,MACH_002,Post-Etch,93.84,3,None,91.181,123.48,237.56,55.37,119.39,445.7,2024-02-22 06:30:00
WF_004996,BATCH_005,MACH_001,Post-Etch,91.15,4,Pattern Distortion,90.87,119.11,261.02,52.63,119.24,451.05,2024-02-22 06:45:00
WF_004997,BATCH_042,MACH_004,Post-Etch,92.99,3,None,88.51,119.32,246.65,47.04,120.04,455.1,2024-02-22 07:00:00
WF_004998,BATCH_029,MACH_005,Post-Etch,96.4,2,None,89.42,116.18,251.75,49.37,120.54,439.52,2024-02-22 07:15:00
WF_004999,BATCH_016,MACH_005,Post-Etch,97.5,1,None,88.91,115.6,252.02,46.24,119.84,453.04,2024-02-22 07:30:00
WF_005000,BATCH_040,MACH_001,Post-Etch,86.2,7,Etch Pit,91.717,120.27,251.01,53.31,119.34,438.75,2024-02-22 07:45:00
WF_005001,BATCH_041,MACH_004,Post-Etch,95.45,2,None,90.637,123.58,254.99,50.37,120.35,450.75,2024-02-22 08:00:00
WF_005002,BATCH_049,MACH_001,Post-Etch,99.0,0,None,89.532,122.15,252.14,48.89,120.89,449.82,2024-02-22 08:15:00
WF_005003,BATCH_008,MACH_004,Post-Etch,99.0,0,None,89.337,119.26,244.68,48.76,120.45,442.63,2024-02-22 08:30:00
WF_005004,BATCH_011,MACH_004,Post-Etch,96.82,2,None,89.932,124.57,249.39,48.11,121.14,450.25,2024-02-22 08:45:00
WF_005005,BATCH_042,MACH_001,Post-Etch,97.64,1,None,90.733,119.08,242.55,52.36,118.64,445.04,2024-02-22 09:00:00
WF_005006,BATCH_048,MACH_004,Post-Etch,98.76,0,None,90.039,121.52,244.71,50.45,119.95,450.78,2024-02-22 09:15:00
WF_005007,BATCH_012,MACH_001,Post-Etch,87.54,6,Micro-crack,88.099,115.05,246.25,45.35,118.76,433.05,2024-02-22 09:30:00
WF_005008,BATCH_047,MACH_002,Post-Etch,97.87,1,None,90.502,122.3,243.42,52.07,120.77,438.92,2024-02-22 09:45:00
WF_005009,BATCH_006,MACH_005,Post-Etch,93.48,3,None,89.626,117.61,247.53,49.45,119.34,456.59,2024-02-22 10:00:00
WF_005010,BATCH_033,MACH_001,Post-Etch,91.29,4,Photoresist Residue,88.218,117.73,246.59,45.61,120.39,467.23,2024-02-22 10:15:00
WF_005011,BATCH_002,MACH_003,Post-Etch,91.02,5,Photoresist Residue,92.383,117.97,255.95,54.17,120.58,434.88,2024-02-22 10:30:00
WF_005012,BATCH_040,MACH_002,Post-Etch,91.83,4,Photoresist Residue,90.673,117.24,247.26,52.53,119.02,441.67,2024-02-22 10:45:00
WF_005013,BATCH_004,MACH_002,Post-Etch,90.63,5,Etch Pit,91.49,115.48,244.86,53.92,120.03,466.99,2024-02-22 11:00:00
WF_005014,BATCH_050,MACH_005,Post-Etch,95.91,2,None,90.061,116.15,243.62,52.66,119.66,453.56,2024-02-22 11:15:00
WF_005015,BATCH_049,MACH_001,Post-Etch,90.71,4,Etch Pit,88.03,121.22,252.21,47.25,119.91,449.61,2024-02-22 11:30:00
WF_005016,BATCH_032,MACH_005,Post-Etch,92.16,4,Contamination,88.783,119.51,243.26,49.42,120.94,455.08,2024-02-22 11:45:00
WF_005017,BATCH_006,MACH_004,Post-Etch,96.41,1,None,89.446,124.51,240.1,50.07,120.57,436.79,2024-02-22 12:00:00
WF_005018,BATCH_004,MACH_002,Post-Etch,97.5,1,None,90.85,122.76,255.99,52.07,119.56,442.21,2024-02-22 12:15:00
WF_005019,BATCH_002,MACH_005,Post-Etch,95.7,2,None,91.33,121.63,258.35,52.48,120.63,455.07,2024-02-22 12:30:00
WF_005020,BATCH_048,MACH_001,Post-Etch,97.68,1,None,89.788,115.43,247.6,51.02,119.71,445.59,2024-02-22 12:45:00
WF_005021,BATCH_014,MACH_003,Post-Etch,91.54,4,Micro-crack,89.62,120.34,240.79,50.66,119.03,464.26,2024-02-22 13:00:00
WF_005022,BATCH_046,MACH_005,Post-Etch,95.22,2,None,89.854,117.81,244.68,50.24,119.39,476.72,2024-02-22 13:15:00
WF_005023,BATCH_032,MACH_002,Post-Etch,91.25,4,Contamination,91.83,124.85,248.04,55.72,119.26,443.46,2024-02-22 13:30:00
WF_005024,BATCH_030,MACH_003,Post-Etch,95.3,2,None,89.097,122.92,236.96,50.14,120.44,446.65,2024-02-22 13:45:00
WF_005025,BATCH_023,MACH_005,Post-Etch,94.98,2,None,90.41,120.24,248.39,50.26,121.27,457.61,2024-02-22 14:00:00
WF_005026,BATCH_043,MACH_001,Post-Etch,91.87,4,Photoresist Residue,88.516,120.2,245.67,45.87,119.98,422.72,2024-02-22 14:15:00
WF_005027,BATCH_033,MACH_001,Post-Etch,95.16,2,None,89.772,120.05,249.5,48.86,122.0,467.03,2024-02-22 14:30:00
WF_005028,BATCH_049,MACH_005,Post-Etch,98.23,0,None,90.531,117.38,252.05,50.78,119.52,448.41,2024-02-22 14:45:00
WF_005029,BATCH_042,MACH_001,Post-Etch,93.23,3,None,90.169,115.35,242.51,50.07,118.74,453.92,2024-02-22 15:00:00
WF_005030,BATCH_042,MACH_002,Post-Etch,93.23,3,None,90.556,124.64,244.9,50.85,120.13,442.82,2024-02-22 15:15:00
WF_005031,BATCH_001,MACH_004,Post-Etch,96.77,1,None,89.363,117.01,253.87,47.13,118.12,448.89,2024-02-22 15:30:00
WF_005032,BATCH_007,MACH_001,Post-Etch,94.85,2,None,89.619,116.67,246.41,51.27,119.33,434.82,2024-02-22 15:45:00
WF_005033,BATCH_029,MACH_005,Post-Etch,91.66,4,Etch Pit,91.206,124.63,257.57,51.74,119.9,448.85,2024-02-22 16:00:00
WF_005034,BATCH_032,MACH_005,Post-Etch,89.91,5,Photoresist Residue,92.555,121.43,261.38,54.84,118.66,460.34,2024-02-22 16:15:00
WF_005035,BATCH_010,MACH_005,Post-Etch,97.87,1,None,89.844,116.84,243.34,50.45,120.44,457.9,2024-02-22 16:30:00
WF_005036,BATCH_022,MACH_005,Post-Etch,90.78,5,Contamination,89.141,117.04,244.63,48.94,121.37,463.3,2024-02-22 16:45:00
WF_005037,BATCH_026,MACH_003,Post-Etch,92.08,3,None,90.508,117.35,249.3,52.05,119.9,443.02,2024-02-22 17:00:00
WF_005038,BATCH_039,MACH_004,Post-Etch,87.48,6,Contamination,87.667,122.43,251.4,45.13,120.28,445.45,2024-02-22 17:15:00
WF_005039,BATCH_012,MACH_001,Post-Etch,97.0,1,None,89.907,122.99,257.67,48.75,120.38,448.78,2024-02-22 17:30:00
WF_005040,BATCH_047,MACH_003,Post-Etch,94.81,3,None,90.639,119.71,253.78,51.55,119.65,460.84,2024-02-22 17:45:00
WF_005041,BATCH_034,MACH_004,Post-Etch,91.09,4,Contamination,88.9,124.42,243.08,47.42,121.15,441.21,2024-02-22 18:00:00
WF_005042,BATCH_018,MACH_005,Post-Etch,93.36,3,None,90.887,117.6,241.53,52.01,121.84,461.98,2024-02-22 18:15:00
WF_005043,BATCH_045,MACH_001,Post-Etch,93.98,3,None,91.051,115.21,261.13,53.02,118.86,448.98,2024-02-22 18:30:00
WF_005044,BATCH_031,MACH_002,Post-Etch,99.0,0,None,89.38,121.62,246.25,50.58,119.92,451.43,2024-02-22 18:45:00
WF_005045,BATCH_045,MACH_001,Post-Etch,95.71,2,None,90.983,121.35,264.98,50.45,120.22,438.71,2024-02-22 19:00:00
WF_005046,BATCH_041,MACH_005,Post-Etch,94.56,3,None,88.713,119.71,246.4,47.77,120.3,438.34,2024-02-22 19:15:00
WF_005047,BATCH_019,MACH_004,Post-Etch,99.0,0,None,89.496,121.59,252.68,47.81,120.62,459.57,2024-02-22 19:30:00
WF_005048,BATCH_041,MACH_004,Post-Etch,97.41,1,None,90.11,115.58,246.25,50.25,120.87,436.91,2024-02-22 19:45:00
WF_005049,BATCH_006,MACH_004,Post-Etch,96.79,1,None,90.646,122.39,258.58,50.4,118.57,443.14,2024-02-22 20:00:00
WF_005050,BATCH_042,MACH_002,Post-Etch,97.5,1,None,90.013,122.86,248.85,50.36,119.87,458.51,2024-02-22 20:15:00
WF_005051,BATCH_007,MACH_005,Post-Etch,98.45,0,None,90.196,123.21,252.72,51.22,119.36,446.89,2024-02-22 20:30:00
WF_005052,BATCH_024,MACH_002,Post-Etch,95.94,2,None,89.002,122.0,247.63,47.53,120.07,444.73,2024-02-22 20:45:00
WF_005053,BATCH_016,MACH_001,Post-Etch,92.7,4,Pattern Distortion,90.964,116.06,246.07,53.59,119.49,440.64,2024-02-22 21:00:00
WF_005054,BATCH_005,MACH_005,Post-Etch,93.61,3,None,89.765,118.56,253.16,47.65,120.13,473.85,2024-02-22 21:15:00
WF_005055,BATCH_012,MACH_003,Post-Etch,88.22,6,Etch Pit,88.779,118.47,248.63,46.17,120.45,462.3,2024-02-22 21:30:00
WF_005056,BATCH_037,MACH_003,Post-Etch,96.7,1,None,90.062,115.17,250.28,49.53,119.73,438.69,2024-02-22 21:45:00
WF_005057,BATCH_006,MACH_002,Post-Etch,93.92,3,None,91.257,120.79,253.72,53.31,121.29,434.59,2024-02-22 22:00:00
WF_005058,BATCH_022,MACH_005,Post-Etch,88.98,6,Contamination,88.907,121.84,250.06,47.61,120.3,452.46,2024-02-22 22:15:00
WF_005059,BATCH_027,MACH_005,Post-Etch,94.39,2,None,90.481,121.41,236.85,52.65,119.51,458.26,2024-02-22 22:30:00
WF_005060,BATCH_035,MACH_001,Post-Etch,97.36,1,None,89.904,117.84,257.87,50.22,118.3,427.26,2024-02-22 22:45:00
WF_005061,BATCH_035,MACH_003,Post-Etch,91.79,4,Micro-crack,90.073,119.81,254.98,49.37,118.49,444.53,2024-02-22 23:00:00
WF_005062,BATCH_049,MACH_003,Post-Etch,90.29,4,Micro-crack,90.197,124.23,257.71,50.25,119.73,436.17,2024-02-22 23:15:00
WF_005063,BATCH_050,MACH_002,Post-Etch,90.81,5,Photoresist Residue,93.731,122.66,252.97,60.28,121.65,439.75,2024-02-22 23:30:00
WF_005064,BATCH_033,MACH_001,Post-Etch,97.88,1,None,89.862,119.43,251.56,49.86,118.16,452.57,2024-02-22 23:45:00
WF_005065,BATCH_049,MACH_002,Post-Etch,89.28,5,Photoresist Residue,92.118,124.56,240.28,56.73,118.28,439.41,2024-02-23 00:00:00
WF_005066,BATCH_002,MACH_004,Post-Etch,92.26,4,Contamination,90.761,121.15,250.64,52.07,119.41,459.89,2024-02-23 00:15:00
WF_005067,BATCH_002,MACH_003,Post-Etch,93.59,3,None,91.523,122.5,248.07,53.26,119.86,459.88,2024-02-23 00:30:00
WF_005068,BATCH_003,MACH_002,Post-Etch,93.23,3,None,91.996,116.76,254.38,54.12,120.73,459.61,2024-02-23 00:45:00
WF_005069,BATCH_023,MACH_003,Post-Etch,92.44,4,Contamination,91.137,123.64,248.94,51.69,119.35,457.46,2024-02-23 01:00:00
WF_005070,BATCH_019,MACH_002,Post-Etch,88.51,6,Contamination,92.651,118.69,254.55,55.72,121.14,452.2,2024-02-23 01:15:00
WF_005071,BATCH_010,MACH_001,Post-Etch,91.12,4,Micro-crack,89.634,121.48,243.06,50.79,119.2,440.88,2024-02-23 01:30:00
WF_005072,BATCH_039,MACH_005,Post-Etch,96.6,1,None,89.183,116.01,242.34,48.11,119.64,444.86,2024-02-23 01:45:00
WF_005073,BATCH_015,MACH_005,Post-Etch,96.8,1,None,89.775,117.79,244.31,49.7,120.11,451.93,2024-02-23 02:00:00
WF_005074,BATCH_034,MACH_003,Post-Etch,96.36,2,None,90.502,115.37,247.21,50.82,119.42,451.76,2024-02-23 02:15:00
WF_005075,BATCH_017,MACH_002,Post-Etch,95.59,2,None,89.876,120.52,258.15,49.04,122.08,437.56,2024-02-23 02:30:00
WF_005076,BATCH_040,MACH_002,Post-Etch,88.65,6,Photoresist Residue,92.784,118.29,242.79,56.98,120.81,453.09,2024-02-23 02:45:00
WF_005077,BATCH_002,MACH_005,Post-Etch,88.61,6,Etch Pit,89.319,117.23,247.81,48.3,120.86,458.78,2024-02-23 03:00:00
WF_005078,BATCH_002,MACH_001,Post-Etch,88.33,6,Contamination,88.759,115.63,245.77,47.66,119.32,431.35,2024-02-23 03:15:00
WF_005079,BATCH_023,MACH_004,Post-Etch,95.61,2,None,90.824,121.44,251.48,52.1,119.66,443.72,2024-02-23 03:30:00
WF_005080,BATCH_048,MACH_001,Post-Etch,95.26,2,None,91.741,119.21,252.21,53.67,120.55,441.14,2024-02-23 03:45:00
WF_005081,BATCH_037,MACH_001,Post-Etch,93.63,3,None,89.298,124.54,249.86,47.96,117.79,471.19,2024-02-23 04:00:00
WF_005082,BATCH_046,MACH_002,Post-Etch,89.18,6,Micro-crack,93.053,119.52,252.71,57.67,121.25,431.15,2024-02-23 04:15:00
WF_005083,BATCH_024,MACH_001,Post-Etch,96.77,1,None,89.494,116.56,242.26,49.45,119.26,459.93,2024-02-23 04:30:00
WF_005084,BATCH_028,MACH_001,Post-Etch,93.04,3,None,89.416,122.03,249.74,48.19,120.12,455.12,2024-02-23 04:45:00
WF_005085,BATCH_045,MACH_004,Post-Etch,93.78,3,None,89.161,121.87,257.76,47.48,121.42,446.82,2024-02-23 05:00:00
WF_005086,BATCH_032,MACH_005,Post-Etch,97.1,1,None,89.355,123.19,244.98,48.97,119.45,460.13,2024-02-23 05:15:00
WF_005087,BATCH_026,MACH_003,Post-Etch,88.88,6,Etch Pit,90.134,116.23,244.23,52.07,119.54,436.84,2024-02-23 05:30:00
WF_005088,BATCH_032,MACH_005,Post-Etch,94.11,3,None,90.851,122.73,251.07,51.12,120.82,451.24,2024-02-23 05:45:00
WF_005089,BATCH_041,MACH_002,Post-Etch,95.14,2,None,90.982,119.82,244.29,53.31,120.17,442.92,2024-02-23 06:00:00
WF_005090,BATCH_044,MACH_002,Post-Etch,86.92,7,Etch Pit,90.738,119.7,255.71,52.37,120.41,454.11,2024-02-23 06:15:00
WF_005091,BATCH_028,MACH_001,Post-Etch,92.2,3,None,90.38,120.45,255.51,50.38,119.88,442.38,2024-02-23 06:30:00
WF_005092,BATCH_032,MACH_005,Post-Etch,96.35,1,None,89.806,120.76,252.53,49.32,119.02,434.98,2024-02-23 06:45:00
WF_005093,BATCH_018,MACH_003,Post-Etch,91.41,4,Micro-crack,89.234,116.17,254.65,47.87,120.95,440.98,2024-02-23 07:00:00
WF_005094,BATCH_034,MACH_001,Post-Etch,87.48,6,Pattern Distortion,88.928,115.05,251.67,46.9,120.24,471.76,2024-02-23 07:15:00
WF_005095,BATCH_027,MACH_003,Post-Etch,95.52,2,None,89.581,122.82,237.28,49.53,120.13,453.75,2024-02-23 07:30:00
WF_005096,BATCH_027,MACH_003,Post-Etch,94.45,3,None,89.004,118.9,245.12,48.48,118.9,457.74,2024-02-23 07:45:00
WF_005097,BATCH_007,MACH_003,Post-Etch,97.35,1,None,89.842,119.32,247.0,49.93,119.36,458.44,2024-02-23 08:00:00
WF_005098,BATCH_023,MACH_001,Post-Etch,91.59,4,Photoresist Residue,87.789,115.05,242.05,46.26,118.21,458.59,2024-02-23 08:15:00
WF_005099,BATCH_018,MACH_005,Post-Etch,93.92,3,None,90.735,115.61,250.41,51.94,119.12,461.73,2024-02-23 08:30:00
WF_005100,BATCH_010,MACH_002,Post-Etch,93.33,3,None,90.143,118.64,244.69,50.31,121.59,457.65,2024-02-23 08:45:00
WF_005101,BATCH_003,MACH_005,Post-Etch,91.69,4,Micro-crack,90.44,123.24,258.72,48.47,120.29,446.93,2024-02-23 09:00:00
WF_005102,BATCH_015,MACH_004,Post-Etch,93.9,3,None,91.12,123.37,257.86,51.76,121.1,426.86,2024-02-23 09:15:00
WF_005103,BATCH_014,MACH_002,Post-Etch,88.86,6,Pattern Distortion,93.068,123.38,253.97,57.46,118.77,444.1,2024-02-23 09:30:00
WF_005104,BATCH_004,MACH_003,Post-Etch,95.97,2,None,90.297,122.58,243.7,49.53,120.25,441.93,2024-02-23 09:45:00
WF_005105,BATCH_012,MACH_004,Post-Etch,90.88,4,Photoresist Residue,88.589,124.73,248.65,46.76,121.79,438.02,2024-02-23 10:00:00
WF_005106,BATCH_038,MACH_004,Post-Etch,93.64,3,None,90.054,122.01,250.77,50.08,119.44,461.61,2024-02-23 10:15:00
WF_005107,BATCH_042,MACH_001,Post-Etch,96.66,1,None,89.303,121.28,255.42,47.87,118.53,444.68,2024-02-23 10:30:00
WF_005108,BATCH_021,MACH_004,Post-Etch,88.32,6,Pattern Distortion,89.437,119.15,248.71,50.15,122.23,456.31,2024-02-23 10:45:00
WF_005109,BATCH_007,MACH_003,Post-Etch,93.94,3,None,91.504,118.47,246.35,53.94,120.27,436.15,2024-02-23 11:00:00
WF_005110,BATCH_021,MACH_001,Post-Etch,95.83,2,None,90.346,122.69,252.52,50.95,120.7,468.0,2024-02-23 11:15:00
WF_005111,BATCH_020,MACH_002,Post-Etch,92.07,4,Etch Pit,91.939,118.29,243.84,54.93,120.15,456.36,2024-02-23 11:30:00
WF_005112,BATCH_002,MACH_005,Post-Etch,91.83,4,Photoresist Residue,88.217,124.79,255.15,45.23,120.28,460.7,2024-02-23 11:45:00
WF_005113,BATCH_021,MACH_004,Post-Etch,96.92,2,None,90.317,122.02,251.37,50.48,120.35,441.53,2024-02-23 12:00:00
WF_005114,BATCH_012,MACH_003,Post-Etch,94.54,2,None,91.037,115.16,242.68,55.97,121.35,433.16,2024-02-23 12:15:00
WF_005115,BATCH_014,MACH_001,Post-Etch,97.01,1,None,90.638,116.04,246.43,50.52,120.89,444.79,2024-02-23 12:30:00
WF_005116,BATCH_039,MACH_001,Post-Etch,86.24,7,Micro-crack,89.298,120.19,253.51,48.58,119.54,444.69,2024-02-23 12:45:00
WF_005117,BATCH_040,MACH_003,Post-Etch,91.41,4,Contamination,91.138,122.99,251.86,51.59,119.69,462.2,2024-02-23 13:00:00
WF_005118,BATCH_039,MACH_002,Post-Etch,81.29,10,Contamination,91.429,123.54,258.62,53.66,120.71,454.02,2024-02-23 13:15:00
WF_005119,BATCH_023,MACH_005,Post-Etch,93.38,3,None,89.878,124.43,251.95,51.09,119.54,470.36,2024-02-23 13:30:00
WF_005120,BATCH_012,MACH_004,Post-Etch,93.69,3,None,88.872,119.74,245.39,47.37,118.95,451.12,2024-02-23 13:45:00
WF_005121,BATCH_050,MACH_002,Post-Etch,91.65,4,Micro-crack,92.367,121.12,250.49,55.21,120.3,457.63,2024-02-23 14:00:00
WF_005122,BATCH_022,MACH_004,Post-Etch,99.0,0,None,89.993,116.2,250.5,50.32,120.15,444.92,2024-02-23 14:15:00
WF_005123,BATCH_043,MACH_004,Post-Etch,88.58,6,Pattern Distortion,90.889,121.99,257.31,50.78,119.3,468.59,2024-02-23 14:30:00
WF_005124,BATCH_024,MACH_005,Post-Etch,92.71,3,None,90.896,124.77,255.77,51.41,120.68,458.57,2024-02-23 14:45:00
WF_005125,BATCH_029,MACH_003,Post-Etch,91.04,4,Micro-crack,92.189,122.32,259.4,54.08,120.44,444.67,2024-02-23 15:00:00
WF_005126,BATCH_005,MACH_004,Post-Etch,91.43,4,Etch Pit,88.457,121.29,249.53,47.73,120.08,468.68,2024-02-23 15:15:00
WF_005127,BATCH_033,MACH_004,Post-Etch,87.51,6,Contamination,90.007,118.39,249.49,49.16,120.22,438.5,2024-02-23 15:30:00
WF_005128,BATCH_001,MACH_001,Post-Etch,93.21,3,None,89.912,116.52,255.62,48.55,120.77,443.51,2024-02-23 15:45:00
WF_005129,BATCH_003,MACH_002,Post-Etch,85.66,7,Etch Pit,92.826,115.75,253.16,55.7,118.9,446.16,2024-02-23 16:00:00
WF_005130,BATCH_004,MACH_001,Post-Etch,88.34,6,Contamination,91.878,121.63,247.89,53.82,120.34,463.04,2024-02-23 16:15:00
WF_005131,BATCH_033,MACH_001,Post-Etch,91.32,4,Micro-crack,88.256,123.92,253.58,45.88,120.56,462.66,2024-02-23 16:30:00
WF_005132,BATCH_042,MACH_003,Post-Etch,90.15,5,Photoresist Residue,91.515,124.63,259.8,52.56,119.48,454.04,2024-02-23 16:45:00
WF_005133,BATCH_016,MACH_002,Post-Etch,93.17,3,None,91.018,116.97,242.81,52.28,120.63,455.67,2024-02-23 17:00:00
WF_005134,BATCH_027,MACH_001,Post-Etch,90.27,5,Etch Pit,91.214,122.51,253.78,53.37,120.46,450.94,2024-02-23 17:15:00
WF_005135,BATCH_037,MACH_001,Post-Etch,94.49,3,None,90.797,116.27,250.49,50.91,120.58,451.52,2024-02-23 17:30:00
WF_005136,BATCH_034,MACH_005,Post-Etch,89.97,5,Pattern Distortion,89.565,119.52,240.47,49.74,119.03,448.4,2024-02-23 17:45:00
WF_005137,BATCH_010,MACH_003,Post-Etch,86.57,7,Micro-crack,90.906,117.14,248.77,52.42,118.79,452.91,2024-02-23 18:00:00
WF_005138,BATCH_040,MACH_005,Post-Etch,93.89,3,None,91.017,119.56,250.25,51.73,121.6,444.25,2024-02-23 18:15:00
WF_005139,BATCH_015,MACH_004,Post-Etch,97.07,1,None,89.669,123.17,250.99,49.73,120.7,440.88,2024-02-23 18:30:00
WF_005140,BATCH_009,MACH_003,Post-Etch,95.56,2,None,89.534,115.19,254.21,47.43,119.57,424.45,2024-02-23 18:45:00
WF_005141,BATCH_038,MACH_001,Post-Etch,93.35,3,None,92.158,122.34,256.52,55.37,119.38,472.07,2024-02-23 19:00:00
WF_005142,BATCH_045,MACH_001,Post-Etch,94.16,3,None,90.825,124.51,246.98,51.43,118.41,449.59,2024-02-23 19:15:00
WF_005143,BATCH_037,MACH_004,Post-Etch,92.26,4,Photoresist Residue,91.949,117.73,255.16,55.06,121.1,467.82,2024-02-23 19:30:00
WF_005144,BATCH_022,MACH_003,Post-Etch,92.41,4,Photoresist Residue,89.74,119.29,256.81,48.04,119.52,451.76,2024-02-23 19:45:00
WF_005145,BATCH_017,MACH_003,Post-Etch,95.45,2,None,89.508,117.35,249.86,48.7,118.49,437.28,2024-02-23 20:00:00
WF_005146,BATCH_038,MACH_004,Post-Etch,97.14,1,None,90.592,120.55,244.02,52.43,119.19,435.89,2024-02-23 20:15:00
WF_005147,BATCH_035,MACH_001,Post-Etch,90.22,4,Photoresist Residue,90.093,118.81,252.47,50.19,120.41,451.14,2024-02-23 20:30:00
WF_005148,BATCH_004,MACH_002,Post-Etch,85.96,7,Contamination,92.35,121.72,241.33,56.57,118.64,459.59,2024-02-23 20:45:00
WF_005149,BATCH_026,MACH_001,Post-Etch,97.15,1,None,89.759,116.4,251.06,48.91,119.8,456.14,2024-02-23 21:00:00
WF_005150,BATCH_002,MACH_003,Post-Etch,86.49,7,Micro-crack,89.267,123.4,248.28,48.94,120.69,440.58,2024-02-23 21:15:00
WF_005151,BATCH_013,MACH_001,Post-Etch,96.73,1,None,90.603,117.87,248.0,50.77,121.41,446.53,2024-02-23 21:30:00
WF_005152,BATCH_017,MACH_005,Post-Etch,91.28,4,Photoresist Residue,90.708,116.39,245.18,52.92,120.52,456.21,2024-02-23 21:45:00
WF_005153,BATCH_049,MACH_004,Post-Etch,94.08,3,None,88.92,118.39,240.71,50.12,119.48,450.51,2024-02-23 22:00:00
WF_005154,BATCH_013,MACH_003,Post-Etch,97.96,1,None,90.325,120.9,254.1,51.69,121.31,452.01,2024-02-23 22:15:00
WF_005155,BATCH_041,MACH_005,Post-Etch,95.65,2,None,88.41,116.01,250.96,45.95,119.51,459.87,2024-02-23 22:30:00
WF_005156,BATCH_028,MACH_004,Post-Etch,98.66,0,None,89.668,124.58,251.07,49.17,122.08,453.02,2024-02-23 22:45:00
WF_005157,BATCH_033,MACH_002,Post-Etch,97.27,1,None,90.882,122.81,252.9,52.06,119.3,458.63,2024-02-23 23:00:00
WF_005158,BATCH_021,MACH_002,Post-Etch,92.32,4,Micro-crack,92.402,115.36,258.54,54.58,119.89,449.67,2024-02-23 23:15:00
WF_005159,BATCH_044,MACH_003,Post-Etch,97.48,1,None,90.045,120.58,249.36,50.86,120.29,458.19,2024-02-23 23:30:00
WF_005160,BATCH_050,MACH_001,Post-Etch,98.67,0,None,90.257,119.26,244.34,51.21,118.04,449.69,2024-02-23 23:45:00
WF_005161,BATCH_027,MACH_004,Post-Etch,95.73,2,None,88.808,116.66,252.77,46.77,119.29,441.9,2024-02-24 00:00:00
WF_005162,BATCH_047,MACH_002,Post-Etch,91.34,4,Etch Pit,92.686,117.9,251.23,57.73,118.61,449.19,2024-02-24 00:15:00
WF_005163,BATCH_038,MACH_005,Post-Etch,93.29,3,None,89.483,122.37,252.08,49.21,120.41,466.51,2024-02-24 00:30:00
WF_005164,BATCH_015,MACH_003,Post-Etch,98.81,0,None,90.47,116.39,248.68,50.79,119.53,443.59,2024-02-24 00:45:00
WF_005165,BATCH_005,MACH_003,Post-Etch,94.63,2,None,88.785,122.11,247.97,47.8,118.77,462.92,2024-02-24 01:00:00
WF_005166,BATCH_037,MACH_003,Post-Etch,93.76,3,None,91.605,122.16,247.9,53.54,120.87,448.66,2024-02-24 01:15:00
WF_005167,BATCH_013,MACH_003,Post-Etch,97.19,1,None,90.007,116.11,251.52,50.03,119.92,457.68,2024-02-24 01:30:00
WF_005168,BATCH_024,MACH_003,Post-Etch,97.5,1,None,90.201,115.9,253.35,50.17,119.77,450.06,2024-02-24 01:45:00
WF_005169,BATCH_011,MACH_002,Post-Etch,90.35,5,Contamination,91.34,123.51,243.16,54.4,119.94,456.3,2024-02-24 02:00:00
WF_005170,BATCH_029,MACH_001,Post-Etch,94.8,2,None,89.461,123.84,250.08,48.69,119.09,442.99,2024-02-24 02:15:00
WF_005171,BATCH_023,MACH_001,Post-Etch,90.17,5,Etch Pit,87.658,115.57,245.12,44.57,119.26,464.67,2024-02-24 02:30:00
WF_005172,BATCH_033,MACH_005,Post-Etch,92.67,3,None,90.233,120.33,250.35,50.22,119.6,443.14,2024-02-24 02:45:00
WF_005173,BATCH_015,MACH_002,Post-Etch,98.81,0,None,90.264,115.05,240.76,52.39,119.39,457.9,2024-02-24 03:00:00
WF_005174,BATCH_045,MACH_005,Post-Etch,94.27,3,None,90.307,120.68,255.47,49.09,120.02,459.83,2024-02-24 03:15:00
WF_005175,BATCH_048,MACH_003,Post-Etch,95.31,2,None,89.179,124.91,244.43,47.5,119.51,449.53,2024-02-24 03:30:00
WF_005176,BATCH_017,MACH_002,Post-Etch,95.59,2,None,89.991,120.18,247.1,50.31,119.64,449.75,2024-02-24 03:45:00
WF_005177,BATCH_041,MACH_001,Post-Etch,94.25,2,None,90.294,116.26,256.97,49.86,118.51,442.87,2024-02-24 04:00:00
WF_005178,BATCH_009,MACH_005,Post-Etch,95.61,2,None,91.22,119.09,252.52,51.71,119.21,450.33,2024-02-24 04:15:00
WF_005179,BATCH_034,MACH_003,Post-Etch,92.22,4,Micro-crack,88.696,117.46,264.33,45.6,122.18,458.81,2024-02-24 04:30:00
WF_005180,BATCH_001,MACH_003,Post-Etch,86.11,7,Photoresist Residue,88.07,115.15,245.84,45.43,122.45,446.53,2024-02-24 04:45:00
WF_005181,BATCH_039,MACH_003,Post-Etch,95.11,2,None,89.081,122.73,251.68,47.81,120.59,441.63,2024-02-24 05:00:00
WF_005182,BATCH_007,MACH_004,Post-Etch,88.33,6,Etch Pit,89.165,124.31,253.52,46.85,120.04,451.92,2024-02-24 05:15:00
WF_005183,BATCH_010,MACH_001,Post-Etch,95.71,2,None,90.272,121.03,252.04,50.95,121.11,438.84,2024-02-24 05:30:00
WF_005184,BATCH_027,MACH_001,Post-Etch,90.74,4,Pattern Distortion,91.787,118.52,250.02,55.44,118.85,440.73,2024-02-24 05:45:00
WF_005185,BATCH_029,MACH_001,Post-Etch,87.57,6,Pattern Distortion,89.205,120.24,245.41,47.62,118.64,451.92,2024-02-24 06:00:00
WF_005186,BATCH_007,MACH_004,Post-Etch,93.37,3,None,89.957,122.7,255.5,48.89,120.55,453.15,2024-02-24 06:15:00
WF_005187,BATCH_046,MACH_003,Post-Etch,89.9,5,Pattern Distortion,89.508,122.34,246.06,50.73,119.42,460.44,2024-02-24 06:30:00
WF_005188,BATCH_009,MACH_003,Post-Etch,96.83,1,None,90.332,116.22,249.01,51.15,119.94,458.87,2024-02-24 06:45:00
WF_005189,BATCH_045,MACH_001,Post-Etch,91.32,4,Contamination,88.524,124.81,254.68,46.75,118.98,448.56,2024-02-24 07:00:00
WF_005190,BATCH_031,MACH_002,Post-Etch,91.0,4,Etch Pit,88.912,124.27,246.25,46.89,120.2,456.63,2024-02-24 07:15:00
WF_005191,BATCH_036,MACH_001,Post-Etch,93.76,3,None,90.182,123.3,243.07,50.89,121.56,453.77,2024-02-24 07:30:00
WF_005192,BATCH_031,MACH_003,Post-Etch,93.17,3,None,89.339,117.23,247.09,47.17,121.59,456.27,2024-02-24 07:45:00
WF_005193,BATCH_010,MACH_004,Post-Etch,96.56,1,None,88.835,121.03,250.01,46.34,120.7,458.49,2024-02-24 08:00:00
WF_005194,BATCH_039,MACH_005,Post-Etch,97.7,1,None,90.606,124.26,251.1,50.48,117.87,433.21,2024-02-24 08:15:00
WF_005195,BATCH_022,MACH_001,Post-Etch,86.2,7,Contamination,90.383,124.52,249.19,50.48,119.9,446.97,2024-02-24 08:30:00
WF_005196,BATCH_028,MACH_004,Post-Etch,92.29,4,Photoresist Residue,90.224,115.63,257.92,50.21,119.04,457.53,2024-02-24 08:45:00
WF_005197,BATCH_042,MACH_004,Post-Etch,98.74,0,None,89.413,117.65,255.46,46.76,120.29,453.26,2024-02-24 09:00:00
WF_005198,BATCH_012,MACH_004,Post-Etch,93.1,3,None,89.763,119.76,252.05,49.44,121.52,464.1,2024-02-24 09:15:00
WF_005199,BATCH_035,MACH_004,Post-Etch,93.98,3,None,90.621,116.79,250.86,51.22,122.12,445.6,2024-02-24 09:30:00
WF_005200,BATCH_016,MACH_003,Post-Etch,97.26,1,None,90.512,123.92,260.17,50.18,121.05,452.41,2024-02-24 09:45:00
WF_005201,BATCH_001,MACH_001,Post-Etch,98.04,1,None,90.299,115.18,257.91,49.57,120.53,460.77,2024-02-24 10:00:00
WF_005202,BATCH_030,MACH_003,Post-Etch,90.49,5,Contamination,90.258,117.39,253.11,50.01,118.74,451.32,2024-02-24 10:15:00
WF_005203,BATCH_050,MACH_003,Post-Etch,93.67,3,None,90.886,117.46,248.71,52.07,121.35,445.13,2024-02-24 10:30:00
WF_005204,BATCH_007,MACH_004,Post-Etch,93.32,3,None,90.878,115.38,248.5,53.08,119.79,452.38,2024-02-24 10:45:00
WF_005205,BATCH_016,MACH_003,Post-Etch,91.84,4,Micro-crack,88.836,116.46,242.98,48.29,119.15,465.75,2024-02-24 11:00:00
WF_005206,BATCH_026,MACH_002,Post-Etch,90.57,5,Micro-crack,91.422,117.28,247.44,53.82,122.2,449.51,2024-02-24 11:15:00
WF_005207,BATCH_021,MACH_005,Post-Etch,88.33,6,Pattern Distortion,88.915,124.75,246.41,47.99,119.41,454.31,2024-02-24 11:30:00
WF_005208,BATCH_020,MACH_001,Post-Etch,95.47,2,None,89.695,121.05,236.14,50.51,120.15,438.75,2024-02-24 11:45:00
WF_005209,BATCH_020,MACH_002,Post-Etch,95.81,2,None,90.994,115.82,247.31,52.41,120.45,462.91,2024-02-24 12:00:00
WF_005210,BATCH_027,MACH_003,Post-Etch,97.25,1,None,89.482,120.28,253.75,48.46,120.1,451.85,2024-02-24 12:15:00
WF_005211,BATCH_028,MACH_004,Post-Etch,97.03,1,None,89.789,119.27,253.04,49.69,120.86,460.88,2024-02-24 12:30:00
WF_005212,BATCH_017,MACH_003,Post-Etch,93.65,3,None,89.649,120.88,247.81,48.07,120.34,459.02,2024-02-24 12:45:00
WF_005213,BATCH_029,MACH_001,Post-Etch,97.31,1,None,90.001,115.14,249.59,49.39,121.27,447.47,2024-02-24 13:00:00
WF_005214,BATCH_046,MACH_005,Post-Etch,95.08,2,None,91.082,120.84,245.89,53.21,119.34,465.08,2024-02-24 13:15:00
WF_005215,BATCH_023,MACH_004,Post-Etch,94.9,2,None,88.966,117.38,249.58,48.15,119.95,446.79,2024-02-24 13:30:00
WF_005216,BATCH_046,MACH_002,Post-Etch,92.79,3,None,91.308,117.2,260.22,52.48,120.27,446.87,2024-02-24 13:45:00
WF_005217,BATCH_014,MACH_003,Post-Etch,94.51,3,None,90.687,116.53,251.52,51.55,119.23,444.47,2024-02-24 14:00:00
WF_005218,BATCH_028,MACH_003,Post-Etch,93.12,3,None,89.555,115.09,255.71,48.21,119.33,446.13,2024-02-24 14:15:00
WF_005219,BATCH_033,MACH_003,Post-Etch,96.83,1,None,89.438,122.72,250.41,48.96,119.5,459.72,2024-02-24 14:30:00
WF_005220,BATCH_004,MACH_002,Post-Etch,91.3,4,Pattern Distortion,91.482,124.29,247.2,54.78,119.11,469.54,2024-02-24 14:45:00
WF_005221,BATCH_037,MACH_005,Post-Etch,95.56,2,None,89.189,115.12,252.82,48.58,118.18,456.27,2024-02-24 15:00:00
WF_005222,BATCH_013,MACH_001,Post-Etch,91.97,4,Etch Pit,89.376,121.2,254.24,49.33,121.38,473.71,2024-02-24 15:15:00
WF_005223,BATCH_035,MACH_001,Post-Etch,87.1,6,Photoresist Residue,91.72,115.86,245.29,53.73,118.15,456.54,2024-02-24 15:30:00
WF_005224,BATCH_047,MACH_005,Post-Etch,95.74,2,None,89.757,116.35,250.77,48.83,118.6,457.21,2024-02-24 15:45:00
WF_005225,BATCH_044,MACH_002,Post-Etch,95.34,2,None,91.369,116.16,248.98,53.98,118.72,447.63,2024-02-24 16:00:00
WF_005226,BATCH_039,MACH_004,Post-Etch,99.0,0,None,89.596,118.32,257.3,49.61,119.39,442.7,2024-02-24 16:15:00
WF_005227,BATCH_031,MACH_002,Post-Etch,96.84,1,None,90.138,123.28,251.13,50.21,118.64,443.79,2024-02-24 16:30:00
WF_005228,BATCH_032,MACH_004,Post-Etch,91.47,4,Pattern Distortion,90.141,119.4,248.96,50.52,119.8,443.21,2024-02-24 16:45:00
WF_005229,BATCH_034,MACH_004,Post-Etch,95.5,2,None,89.835,121.79,242.56,48.7,119.17,446.34,2024-02-24 17:00:00
WF_005230,BATCH_009,MACH_003,Post-Etch,88.72,6,Micro-crack,89.226,120.27,258.16,47.03,120.31,453.53,2024-02-24 17:15:00
WF_005231,BATCH_032,MACH_003,Post-Etch,91.63,4,Contamination,89.392,116.86,251.48,49.01,120.06,436.18,2024-02-24 17:30:00
WF_005232,BATCH_004,MACH_002,Post-Etch,90.39,5,Photoresist Residue,93.588,121.87,256.15,57.21,119.02,446.08,2024-02-24 17:45:00
WF_005233,BATCH_034,MACH_001,Post-Etch,99.0,0,None,90.185,118.17,259.59,50.16,120.32,445.85,2024-02-24 18:00:00
WF_005234,BATCH_013,MACH_004,Post-Etch,93.7,3,None,90.686,115.53,247.73,50.9,120.65,442.05,2024-02-24 18:15:00
WF_005235,BATCH_029,MACH_004,Post-Etch,97.17,1,None,89.123,119.5,246.36,47.66,120.98,441.77,2024-02-24 18:30:00
WF_005236,BATCH_024,MACH_005,Post-Etch,92.74,3,None,89.782,115.98,246.23,51.06,120.01,466.84,2024-02-24 18:45:00
WF_005237,BATCH_040,MACH_004,Post-Etch,95.77,2,None,89.015,122.69,246.85,48.15,118.92,442.56,2024-02-24 19:00:00
WF_005238,BATCH_044,MACH_003,Post-Etch,88.61,6,Photoresist Residue,87.665,116.25,244.55,45.98,120.11,435.62,2024-02-24 19:15:00
WF_005239,BATCH_034,MACH_001,Post-Etch,91.41,4,Pattern Distortion,87.985,120.33,248.48,45.51,118.7,459.97,2024-02-24 19:30:00
WF_005240,BATCH_010,MACH_002,Post-Etch,94.46,2,None,91.468,118.05,243.91,54.19,122.48,440.86,2024-02-24 19:45:00
WF_005241,BATCH_041,MACH_002,Post-Etch,89.77,5,Micro-crack,92.43,124.28,248.96,55.75,120.79,458.04,2024-02-24 20:00:00
WF_005242,BATCH_005,MACH_002,Post-Etch,93.09,3,None,90.489,117.55,241.52,51.38,119.62,432.45,2024-02-24 20:15:00
WF_005243,BATCH_029,MACH_004,Post-Etch,89.7,5,Etch Pit,89.18,115.93,252.32,48.31,120.25,456.1,2024-02-24 20:30:00
WF_005244,BATCH_006,MACH_001,Post-Etch,98.04,0,None,90.031,118.82,250.17,50.52,119.96,453.7,2024-02-24 20:45:00
WF_005245,BATCH_001,MACH_001,Post-Etch,90.34,5,Contamination,92.126,117.75,255.7,54.06,118.27,437.56,2024-02-24 21:00:00
WF_005246,BATCH_007,MACH_002,Post-Etch,90.14,5,Contamination,91.83,116.32,255.0,53.23,119.22,432.52,2024-02-24 21:15:00
WF_005247,BATCH_022,MACH_004,Post-Etch,90.94,5,Micro-crack,91.075,118.46,247.62,52.43,120.23,456.46,2024-02-24 21:30:00
WF_005248,BATCH_031,MACH_001,Post-Etch,94.72,2,None,89.37,123.82,245.21,49.34,120.09,454.97,2024-02-24 21:45:00
WF_005249,BATCH_040,MACH_002,Post-Etch,94.25,3,None,91.33,120.23,256.32,52.35,118.51,451.87,2024-02-24 22:00:00
WF_005250,BATCH_016,MACH_005,Post-Etch,87.81,6,Etch Pit,89.212,118.55,248.8,48.71,120.4,429.43,2024-02-24 22:15:00
WF_005251,BATCH_017,MACH_002,Post-Etch,92.72,3,None,92.155,123.0,244.77,55.75,118.99,444.85,2024-02-24 22:30:00
WF_005252,BATCH_006,MACH_003,Post-Etch,97.07,1,None,90.368,122.41,246.92,51.64,118.23,450.65,2024-02-24 22:45:00
WF_005253,BATCH_043,MACH_005,Post-Etch,93.09,3,None,90.036,115.94,253.89,51.08,121.05,454.59,2024-02-24 23:00:00
WF_005254,BATCH_002,MACH_002,Post-Etch,88.19,6,Photoresist Residue,92.955,117.2,251.75,56.66,119.52,456.43,2024-02-24 23:15:00
WF_005255,BATCH_037,MACH_005,Post-Etch,91.84,4,Pattern Distortion,90.293,120.74,251.47,50.34,120.56,454.16,2024-02-24 23:30:00
WF_005256,BATCH_046,MACH_001,Post-Etch,96.23,2,None,90.893,123.57,252.68,50.63,119.46,443.12,2024-02-24 23:45:00
WF_005257,BATCH_025,MACH_001,Post-Etch,93.34,3,None,89.665,117.52,249.41,49.65,118.57,458.4,2024-02-25 00:00:00
WF_005258,BATCH_010,MACH_002,Post-Etch,90.65,5,Pattern Distortion,91.374,122.06,251.38,53.16,119.8,431.52,2024-02-25 00:15:00
WF_005259,BATCH_036,MACH_003,Post-Etch,92.14,4,Pattern Distortion,89.497,118.98,251.38,47.5,120.9,445.48,2024-02-25 00:30:00
WF_005260,BATCH_030,MACH_004,Post-Etch,95.0,2,None,89.388,121.42,249.84,49.04,118.22,445.64,2024-02-25 00:45:00
WF_005261,BATCH_023,MACH_002,Post-Etch,92.1,4,Photoresist Residue,90.726,122.34,253.33,51.01,119.47,456.41,2024-02-25 01:00:00
WF_005262,BATCH_047,MACH_001,Post-Etch,94.67,2,None,90.386,120.02,240.02,52.21,121.37,449.8,2024-02-25 01:15:00
WF_005263,BATCH_011,MACH_004,Post-Etch,87.49,6,Contamination,91.583,124.79,250.66,53.44,119.85,450.0,2024-02-25 01:30:00
WF_005264,BATCH_032,MACH_003,Post-Etch,96.72,1,None,89.898,115.2,252.19,49.14,119.85,447.89,2024-02-25 01:45:00
WF_005265,BATCH_047,MACH_001,Post-Etch,95.39,2,None,91.294,116.35,262.17,51.57,119.34,462.13,2024-02-25 02:00:00
WF_005266,BATCH_041,MACH_003,Post-Etch,95.08,2,None,89.321,117.74,255.99,48.17,121.84,437.1,2024-02-25 02:15:00
WF_005267,BATCH_039,MACH_004,Post-Etch,99.0,0,None,90.084,121.34,247.73,51.46,119.7,481.89,2024-02-25 02:30:00
WF_005268,BATCH_012,MACH_001,Post-Etch,95.43,2,None,91.159,116.09,260.3,52.17,119.81,454.2,2024-02-25 02:45:00
WF_005269,BATCH_027,MACH_004,Post-Etch,91.23,4,Etch Pit,88.189,122.98,245.51,46.83,121.68,449.02,2024-02-25 03:00:00
WF_005270,BATCH_009,MACH_005,Post-Etch,97.75,1,None,90.529,118.29,254.58,51.29,120.03,461.75,2024-02-25 03:15:00
WF_005271,BATCH_043,MACH_001,Post-Etch,95.76,2,None,88.83,124.78,247.41,48.9,120.04,451.13,2024-02-25 03:30:00
WF_005272,BATCH_035,MACH_003,Post-Etch,93.69,3,None,90.228,115.53,248.2,50.8,120.13,448.48,2024-02-25 03:45:00
WF_005273,BATCH_044,MACH_002,Post-Etch,83.26,9,Contamination,92.102,124.25,244.6,55.53,117.42,457.88,2024-02-25 04:00:00
WF_005274,BATCH_002,MACH_005,Post-Etch,89.58,5,Micro-crack,88.818,120.86,246.68,47.7,119.32,452.8,2024-02-25 04:15:00
WF_005275,BATCH_034,MACH_004,Post-Etch,96.92,1,None,90.285,117.41,245.59,49.81,120.06,448.45,2024-02-25 04:30:00
WF_005276,BATCH_028,MACH_005,Post-Etch,95.09,2,None,90.847,116.85,250.03,51.91,119.9,450.88,2024-02-25 04:45:00
WF_005277,BATCH_030,MACH_001,Post-Etch,94.41,3,None,89.548,115.35,254.01,48.54,119.76,455.42,2024-02-25 05:00:00
WF_005278,BATCH_050,MACH_005,Post-Etch,95.5,2,None,90.01,124.01,249.43,49.24,118.28,431.03,2024-02-25 05:15:00
WF_005279,BATCH_032,MACH_001,Post-Etch,93.88,3,None,88.976,121.83,242.85,48.49,118.78,463.23,2024-02-25 05:30:00
WF_005280,BATCH_045,MACH_001,Post-Etch,90.34,5,Etch Pit,88.088,124.7,248.73,46.44,122.01,461.01,2024-02-25 05:45:00
WF_005281,BATCH_007,MACH_001,Post-Etch,96.73,1,None,88.866,115.09,247.66,46.95,119.61,437.3,2024-02-25 06:00:00
WF_005282,BATCH_008,MACH_001,Post-Etch,95.55,2,None,90.483,121.55,257.46,49.93,118.39,447.4,2024-02-25 06:15:00
WF_005283,BATCH_010,MACH_005,Post-Etch,92.06,4,Pattern Distortion,90.335,123.48,251.2,49.98,120.4,457.67,2024-02-25 06:30:00
WF_005284,BATCH_047,MACH_001,Post-Etch,97.65,1,None,89.641,116.46,245.26,49.61,122.0,471.89,2024-02-25 06:45:00
WF_005285,BATCH_024,MACH_004,Post-Etch,98.68,0,None,90.013,117.53,244.56,50.35,119.74,449.72,2024-02-25 07:00:00
WF_005286,BATCH_038,MACH_005,Post-Etch,97.24,1,None,90.347,121.56,244.97,50.68,119.3,420.66,2024-02-25 07:15:00
WF_005287,BATCH_024,MACH_003,Post-Etch,92.69,4,Etch Pit,88.735,117.41,243.76,48.85,119.63,449.05,2024-02-25 07:30:00
WF_005288,BATCH_045,MACH_003,Post-Etch,91.89,4,Etch Pit,89.878,115.55,242.72,50.24,121.24,452.89,2024-02-25 07:45:00
WF_005289,BATCH_042,MACH_001,Post-Etch,89.54,5,Micro-crack,88.343,123.35,247.05,46.08,120.51,440.3,2024-02-25 08:00:00
WF_005290,BATCH_004,MACH_002,Post-Etch,94.18,3,None,91.397,120.46,247.91,52.99,118.11,451.11,2024-02-25 08:15:00
WF_005291,BATCH_031,MACH_005,Post-Etch,91.46,4,Pattern Distortion,88.88,121.67,241.44,47.98,120.25,461.3,2024-02-25 08:30:00
WF_005292,BATCH_031,MACH_001,Post-Etch,92.44,4,Micro-crack,88.216,122.68,250.62,45.92,121.33,445.43,2024-02-25 08:45:00
WF_005293,BATCH_006,MACH_004,Post-Etch,98.29,1,None,90.065,115.96,250.67,51.27,121.43,451.58,2024-02-25 09:00:00
WF_005294,BATCH_015,MACH_004,Post-Etch,96.92,1,None,90.26,115.19,250.72,50.18,120.26,437.87,2024-02-25 09:15:00
WF_005295,BATCH_009,MACH_003,Post-Etch,90.04,5,Pattern Distortion,87.66,119.61,245.41,44.67,120.37,463.34,2024-02-25 09:30:00
WF_005296,BATCH_022,MACH_005,Post-Etch,94.47,3,None,91.541,121.95,251.07,54.01,119.01,438.68,2024-02-25 09:45:00
WF_005297,BATCH_037,MACH_004,Post-Etch,99.0,0,None,90.174,121.68,241.05,52.01,120.94,449.46,2024-02-25 10:00:00
WF_005298,BATCH_041,MACH_004,Post-Etch,89.49,5,Pattern Distortion,91.218,124.77,248.41,53.04,117.7,447.67,2024-02-25 10:15:00
WF_005299,BATCH_028,MACH_004,Post-Etch,93.38,3,None,89.849,122.54,242.8,51.5,119.73,446.13,2024-02-25 10:30:00
WF_005300,BATCH_035,MACH_001,Post-Etch,92.58,4,Contamination,90.052,117.47,255.34,50.08,121.34,442.75,2024-02-25 10:45:00
WF_005301,BATCH_025,MACH_005,Post-Etch,96.95,1,None,89.524,123.76,249.47,48.67,120.04,457.68,2024-02-25 11:00:00
WF_005302,BATCH_022,MACH_001,Post-Etch,94.75,2,None,91.143,117.81,246.32,53.16,118.39,447.61,2024-02-25 11:15:00
WF_005303,BATCH_029,MACH_005,Post-Etch,97.66,1,None,88.787,124.21,253.12,46.83,120.03,467.62,2024-02-25 11:30:00
WF_005304,BATCH_033,MACH_001,Post-Etch,90.55,5,Etch Pit,89.326,119.9,253.35,48.44,121.17,451.6,2024-02-25 11:45:00
WF_005305,BATCH_028,MACH_003,Post-Etch,99.0,0,None,89.4,119.59,249.31,47.84,118.8,444.39,2024-02-25 12:00:00
WF_005306,BATCH_030,MACH_002,Post-Etch,91.75,4,Etch Pit,90.524,119.27,248.8,52.49,120.11,469.1,2024-02-25 12:15:00
WF_005307,BATCH_037,MACH_005,Post-Etch,88.83,6,Etch Pit,90.471,121.31,248.53,50.51,121.95,464.83,2024-02-25 12:30:00
WF_005308,BATCH_045,MACH_004,Post-Etch,96.92,1,None,89.345,120.4,247.0,48.34,120.41,454.64,2024-02-25 12:45:00
WF_005309,BATCH_049,MACH_005,Post-Etch,91.28,4,Micro-crack,88.351,124.73,249.75,46.46,120.42,472.65,2024-02-25 13:00:00
WF_005310,BATCH_008,MACH_004,Post-Etch,94.99,2,None,89.701,116.5,243.07,51.1,120.44,440.46,2024-02-25 13:15:00
WF_005311,BATCH_033,MACH_002,Post-Etch,85.71,7,Contamination,93.899,123.94,247.66,59.42,117.48,474.11,2024-02-25 13:30:00
WF_005312,BATCH_007,MACH_005,Post-Etch,92.0,4,Contamination,91.541,119.37,252.45,54.31,118.03,442.42,2024-02-25 13:45:00
WF_005313,BATCH_013,MACH_005,Post-Etch,98.16,1,None,89.439,122.29,259.89,47.67,119.7,447.45,2024-02-25 14:00:00
WF_005314,BATCH_007,MACH_005,Post-Etch,92.05,4,Contamination,88.973,120.91,255.79,48.16,121.68,454.08,2024-02-25 14:15:00
WF_005315,BATCH_025,MACH_005,Post-Etch,97.35,1,None,90.055,123.26,247.09,50.54,119.06,435.5,2024-02-25 14:30:00
WF_005316,BATCH_047,MACH_004,Post-Etch,95.91,2,None,89.625,123.7,252.74,48.63,121.14,447.78,2024-02-25 14:45:00
WF_005317,BATCH_022,MACH_002,Post-Etch,92.15,4,Etch Pit,92.059,123.09,252.66,54.66,118.82,455.75,2024-02-25 15:00:00
WF_005318,BATCH_035,MACH_001,Post-Etch,95.21,2,None,89.323,124.67,251.16,48.97,120.03,460.68,2024-02-25 15:15:00
WF_005319,BATCH_034,MACH_004,Post-Etch,90.31,5,Etch Pit,88.428,117.76,236.3,48.76,118.07,442.02,2024-02-25 15:30:00
WF_005320,BATCH_026,MACH_001,Post-Etch,91.61,4,Micro-crack,89.299,115.29,245.77,49.54,119.78,438.3,2024-02-25 15:45:00
WF_005321,BATCH_034,MACH_002,Post-Etch,91.54,4,Contamination,91.999,118.8,262.52,53.7,120.5,459.91,2024-02-25 16:00:00
WF_005322,BATCH_004,MACH_002,Post-Etch,95.81,2,None,90.744,118.6,247.14,52.57,118.16,450.35,2024-02-25 16:15:00
WF_005323,BATCH_038,MACH_002,Post-Etch,95.6,2,None,91.466,123.7,249.7,54.22,120.44,439.5,2024-02-25 16:30:00
WF_005324,BATCH_010,MACH_005,Post-Etch,96.35,2,None,90.009,124.46,249.53,50.27,120.47,449.12,2024-02-25 16:45:00
WF_005325,BATCH_034,MACH_002,Post-Etch,86.29,7,Photoresist Residue,93.051,118.84,248.51,57.23,121.45,453.83,2024-02-25 17:00:00
WF_005326,BATCH_023,MACH_004,Post-Etch,97.41,1,None,89.655,115.25,252.55,48.89,120.82,427.37,2024-02-25 17:15:00
WF_005327,BATCH_024,MACH_005,Post-Etch,93.76,3,None,89.455,124.09,253.43,49.54,119.98,446.55,2024-02-25 17:30:00
WF_005328,BATCH_010,MACH_001,Post-Etch,97.33,1,None,90.4,118.89,244.08,51.66,119.02,462.11,2024-02-25 17:45:00
WF_005329,BATCH_002,MACH_002,Post-Etch,95.78,2,None,91.969,122.1,251.53,54.31,119.94,464.62,2024-02-25 18:00:00
WF_005330,BATCH_024,MACH_001,Post-Etch,94.72,2,None,90.415,121.02,256.17,50.24,120.33,453.18,2024-02-25 18:15:00
WF_005331,BATCH_031,MACH_001,Post-Etch,91.6,4,Pattern Distortion,91.976,124.31,249.81,53.78,119.22,452.25,2024-02-25 18:30:00
WF_005332,BATCH_014,MACH_005,Post-Etch,90.61,5,Pattern Distortion,88.418,124.65,245.62,46.76,120.19,454.94,2024-02-25 18:45:00
WF_005333,BATCH_023,MACH_002,Post-Etch,94.79,2,None,90.083,121.17,246.93,51.24,119.68,446.97,2024-02-25 19:00:00
WF_005334,BATCH_008,MACH_003,Post-Etch,93.73,3,None,89.298,119.95,253.39,48.73,119.54,440.07,2024-02-25 19:15:00
WF_005335,BATCH_026,MACH_005,Post-Etch,99.0,0,None,90.094,119.25,250.09,50.44,119.78,461.18,2024-02-25 19:30:00
WF_005336,BATCH_030,MACH_003,Post-Etch,99.0,0,None,89.744,122.21,242.13,50.03,120.0,468.59,2024-02-25 19:45:00
WF_005337,BATCH_050,MACH_003,Post-Etch,93.82,3,None,90.617,119.98,250.3,51.92,118.55,447.13,2024-02-25 20:00:00
WF_005338,BATCH_043,MACH_002,Post-Etch,90.99,5,Micro-crack,91.045,119.22,248.35,53.05,120.29,447.01,2024-02-25 20:15:00
WF_005339,BATCH_013,MACH_003,Post-Etch,95.54,2,None,89.521,116.04,258.49,49.24,120.56,453.5,2024-02-25 20:30:00
WF_005340,BATCH_002,MACH_003,Post-Etch,95.23,2,None,89.307,124.03,251.68,47.93,119.87,450.79,2024-02-25 20:45:00
WF_005341,BATCH_026,MACH_003,Post-Etch,91.51,4,Micro-crack,87.986,118.36,241.43,48.02,120.65,455.47,2024-02-25 21:00:00
WF_005342,BATCH_001,MACH_003,Post-Etch,96.27,2,None,89.472,116.93,253.5,48.23,120.3,455.89,2024-02-25 21:15:00
WF_005343,BATCH_031,MACH_004,Post-Etch,97.79,1,None,89.762,119.69,252.66,49.07,120.8,424.52,2024-02-25 21:30:00
WF_005344,BATCH_045,MACH_003,Post-Etch,93.41,3,None,89.624,116.03,252.68,49.24,119.54,452.93,2024-02-25 21:45:00
WF_005345,BATCH_044,MACH_001,Post-Etch,98.47,0,None,89.339,120.04,250.05,49.62,117.76,437.72,2024-02-25 22:00:00
WF_005346,BATCH_023,MACH_002,Post-Etch,83.75,8,Contamination,92.455,121.02,245.55,57.58,121.19,459.49,2024-02-25 22:15:00
WF_005347,BATCH_027,MACH_001,Post-Etch,99.0,0,None,89.539,123.66,243.68,50.7,118.84,446.83,2024-02-25 22:30:00
WF_005348,BATCH_019,MACH_003,Post-Etch,90.62,5,Etch Pit,90.787,116.99,240.01,52.43,120.0,450.8,2024-02-25 22:45:00
WF_005349,BATCH_018,MACH_002,Post-Etch,92.65,4,Pattern Distortion,91.592,120.21,258.46,52.86,120.63,454.18,2024-02-25 23:00:00
WF_005350,BATCH_025,MACH_003,Post-Etch,94.74,2,None,89.095,118.13,250.92,48.62,121.42,453.86,2024-02-25 23:15:00
WF_005351,BATCH_003,MACH_002,Post-Etch,90.15,5,Pattern Distortion,91.779,121.77,252.05,54.83,121.24,469.64,2024-02-25 23:30:00
WF_005352,BATCH_037,MACH_005,Post-Etch,98.28,1,None,89.115,118.17,246.5,48.79,118.5,443.98,2024-02-25 23:45:00
WF_005353,BATCH_010,MACH_001,Post-Etch,91.9,4,Micro-crack,90.848,124.52,257.9,49.81,119.39,447.06,2024-02-26 00:00:00
WF_005354,BATCH_007,MACH_001,Post-Etch,99.0,0,None,89.661,122.76,250.25,49.6,118.67,447.55,2024-02-26 00:15:00
WF_005355,BATCH_043,MACH_005,Post-Etch,97.2,1,None,90.149,118.47,242.69,51.81,118.56,454.68,2024-02-26 00:30:00
WF_005356,BATCH_006,MACH_004,Post-Etch,88.58,6,Micro-crack,90.578,121.14,252.38,50.66,120.13,432.31,2024-02-26 00:45:00
WF_005357,BATCH_039,MACH_003,Post-Etch,97.37,1,None,89.455,123.45,255.27,48.56,119.77,462.63,2024-02-26 01:00:00
WF_005358,BATCH_047,MACH_003,Post-Etch,95.3,2,None,89.254,116.9,247.14,49.31,119.76,453.03,2024-02-26 01:15:00
WF_005359,BATCH_024,MACH_002,Post-Etch,91.89,4,Photoresist Residue,92.621,118.83,252.5,55.37,120.65,442.41,2024-02-26 01:30:00
WF_005360,BATCH_028,MACH_002,Post-Etch,95.32,2,None,90.178,122.21,242.01,50.69,119.98,441.18,2024-02-26 01:45:00
WF_005361,BATCH_013,MACH_004,Post-Etch,89.53,6,Pattern Distortion,91.754,119.0,252.6,53.45,119.8,455.43,2024-02-26 02:00:00
WF_005362,BATCH_032,MACH_002,Post-Etch,89.97,5,Photoresist Residue,93.13,121.35,247.1,57.85,121.19,434.27,2024-02-26 02:15:00
WF_005363,BATCH_014,MACH_003,Post-Etch,93.41,3,None,90.679,121.6,255.54,50.99,120.29,455.38,2024-02-26 02:30:00
WF_005364,BATCH_002,MACH_004,Post-Etch,98.47,0,None,89.722,118.73,252.85,50.08,121.28,454.19,2024-02-26 02:45:00
WF_005365,BATCH_013,MACH_002,Post-Etch,95.54,2,None,90.207,118.62,243.67,51.2,120.17,466.04,2024-02-26 03:00:00
WF_005366,BATCH_033,MACH_003,Post-Etch,95.69,2,None,90.268,117.92,246.09,50.61,121.36,460.18,2024-02-26 03:15:00
WF_005367,BATCH_034,MACH_002,Post-Etch,94.74,2,None,90.609,118.9,250.08,50.93,118.5,438.58,2024-02-26 03:30:00
WF_005368,BATCH_014,MACH_001,Post-Etch,97.18,1,None,89.395,122.79,251.65,49.48,119.55,438.76,2024-02-26 03:45:00
WF_005369,BATCH_010,MACH_005,Post-Etch,95.57,2,None,88.769,115.97,252.67,46.92,121.04,477.74,2024-02-26 04:00:00
WF_005370,BATCH_049,MACH_001,Post-Etch,95.57,2,None,89.219,119.46,245.55,47.92,118.86,453.46,2024-02-26 04:15:00
WF_005371,BATCH_045,MACH_003,Post-Etch,97.64,1,None,89.496,117.27,256.32,47.87,118.9,436.86,2024-02-26 04:30:00
WF_005372,BATCH_035,MACH_004,Post-Etch,92.87,3,None,89.427,116.67,254.65,47.84,119.6,465.35,2024-02-26 04:45:00
WF_005373,BATCH_035,MACH_002,Post-Etch,90.29,5,Pattern Distortion,92.63,122.78,257.85,54.76,119.23,445.05,2024-02-26 05:00:00
WF_005374,BATCH_042,MACH_004,Post-Etch,95.63,2,None,90.166,122.62,253.54,50.0,121.52,433.19,2024-02-26 05:15:00
WF_005375,BATCH_044,MACH_003,Post-Etch,96.67,1,None,90.045,115.63,251.03,49.44,120.95,452.58,2024-02-26 05:30:00
WF_005376,BATCH_019,MACH_001,Post-Etch,93.9,3,None,90.089,121.39,243.72,51.16,118.67,439.43,2024-02-26 05:45:00
WF_005377,BATCH_013,MACH_005,Post-Etch,93.81,3,None,90.489,121.75,249.97,51.48,119.25,452.39,2024-02-26 06:00:00
WF_005378,BATCH_046,MACH_003,Post-Etch,89.37,5,Pattern Distortion,90.566,122.92,248.86,52.02,120.51,457.15,2024-02-26 06:15:00
WF_005379,BATCH_031,MACH_002,Post-Etch,90.09,5,Etch Pit,92.653,122.37,252.81,56.27,120.38,458.08,2024-02-26 06:30:00
WF_005380,BATCH_009,MACH_005,Post-Etch,92.34,4,Micro-crack,90.923,120.71,247.41,50.78,120.08,451.28,2024-02-26 06:45:00
WF_005381,BATCH_017,MACH_001,Post-Etch,98.62,0,None,90.227,123.59,252.68,50.75,119.04,445.8,2024-02-26 07:00:00
WF_005382,BATCH_026,MACH_004,Post-Etch,95.28,2,None,89.674,117.84,253.65,49.94,120.26,470.82,2024-02-26 07:15:00
WF_005383,BATCH_035,MACH_003,Post-Etch,98.22,0,None,90.144,122.15,255.8,50.31,121.28,467.87,2024-02-26 07:30:00
WF_005384,BATCH_005,MACH_001,Post-Etch,91.65,4,Micro-crack,89.472,123.02,244.93,50.63,119.67,449.49,2024-02-26 07:45:00
WF_005385,BATCH_026,MACH_003,Post-Etch,95.51,2,None,90.72,118.09,253.45,50.14,120.31,447.69,2024-02-26 08:00:00
WF_005386,BATCH_018,MACH_004,Post-Etch,97.64,1,None,90.22,120.02,258.29,49.41,120.54,444.88,2024-02-26 08:15:00
WF_005387,BATCH_048,MACH_001,Post-Etch,96.58,2,None,88.889,124.23,249.59,47.74,119.02,464.43,2024-02-26 08:30:00
WF_005388,BATCH_031,MACH_002,Post-Etch,96.22,1,None,91.301,116.94,254.05,52.22,118.21,456.87,2024-02-26 08:45:00
WF_005389,BATCH_037,MACH_004,Post-Etch,96.78,1,None,89.936,120.62,252.22,48.76,121.12,453.85,2024-02-26 09:00:00
WF_005390,BATCH_046,MACH_001,Post-Etch,96.59,2,None,90.982,118.79,256.19,52.5,119.91,450.43,2024-02-26 09:15:00
WF_005391,BATCH_045,MACH_001,Post-Etch,92.02,4,Contamination,90.738,117.8,258.34,51.16,120.73,443.17,2024-02-26 09:30:00
WF_005392,BATCH_021,MACH_004,Post-Etch,89.86,5,Etch Pit,91.203,119.45,251.92,52.59,119.14,452.71,2024-02-26 09:45:00
WF_005393,BATCH_008,MACH_002,Post-Etch,92.91,4,Photoresist Residue,92.846,115.63,252.28,56.69,121.14,461.12,2024-02-26 10:00:00
WF_005394,BATCH_009,MACH_004,Post-Etch,94.41,3,None,88.995,120.64,249.28,47.56,119.21,466.47,2024-02-26 10:15:00
WF_005395,BATCH_026,MACH_001,Post-Etch,98.56,1,None,89.394,116.37,239.86,50.89,118.76,456.33,2024-02-26 10:30:00
WF_005396,BATCH_049,MACH_002,Post-Etch,87.9,6,Photoresist Residue,92.86,124.69,251.8,56.41,120.6,444.66,2024-02-26 10:45:00
WF_005397,BATCH_034,MACH_001,Post-Etch,91.33,4,Contamination,91.224,121.33,257.2,52.28,119.47,445.42,2024-02-26 11:00:00
WF_005398,BATCH_043,MACH_005,Post-Etch,95.58,2,None,90.586,122.44,252.15,50.82,121.09,478.57,2024-02-26 11:15:00
WF_005399,BATCH_031,MACH_003,Post-Etch,93.97,3,None,89.211,122.57,247.09,48.66,121.55,450.44,2024-02-26 11:30:00
WF_005400,BATCH_026,MACH_005,Post-Etch,95.41,2,None,89.465,116.55,244.12,50.65,120.3,434.13,2024-02-26 11:45:00
WF_005401,BATCH_031,MACH_005,Post-Etch,91.63,4,Micro-crack,90.347,123.54,249.72,49.74,120.09,459.78,2024-02-26 12:00:00
WF_005402,BATCH_021,MACH_005,Post-Etch,93.79,3,None,90.395,118.73,251.08,49.95,121.19,468.05,2024-02-26 12:15:00
WF_005403,BATCH_046,MACH_005,Post-Etch,92.35,3,None,91.368,121.42,248.18,53.61,122.41,465.3,2024-02-26 12:30:00
WF_005404,BATCH_038,MACH_003,Post-Etch,97.01,1,None,89.978,117.53,254.42,48.46,118.39,453.8,2024-02-26 12:45:00
WF_005405,BATCH_044,MACH_002,Post-Etch,95.78,2,None,90.307,115.45,250.27,51.55,120.96,462.0,2024-02-26 13:00:00
WF_005406,BATCH_039,MACH_001,Post-Etch,91.15,4,Photoresist Residue,91.15,124.05,248.59,52.14,119.51,434.59,2024-02-26 13:15:00
WF_005407,BATCH_044,MACH_003,Post-Etch,89.39,5,Etch Pit,91.001,116.11,254.41,52.59,119.18,442.98,2024-02-26 13:30:00
WF_005408,BATCH_046,MACH_004,Post-Etch,96.08,2,None,90.111,121.38,250.33,49.95,119.07,448.77,2024-02-26 13:45:00
WF_005409,BATCH_038,MACH_003,Post-Etch,95.65,2,None,91.526,123.47,250.56,54.68,119.36,455.37,2024-02-26 14:00:00
WF_005410,BATCH_003,MACH_005,Post-Etch,92.03,4,Photoresist Residue,89.147,119.9,241.65,49.19,119.44,443.02,2024-02-26 14:15:00
WF_005411,BATCH_041,MACH_005,Post-Etch,87.58,6,Micro-crack,92.105,120.78,253.81,54.41,120.27,460.56,2024-02-26 14:30:00
WF_005412,BATCH_013,MACH_004,Post-Etch,96.2,1,None,91.238,117.11,251.26,51.75,119.54,451.46,2024-02-26 14:45:00
WF_005413,BATCH_027,MACH_004,Post-Etch,93.46,3,None,89.806,115.31,259.4,48.56,120.62,470.12,2024-02-26 15:00:00
WF_005414,BATCH_020,MACH_004,Post-Etch,94.92,2,None,89.457,119.98,251.16,47.34,118.53,455.79,2024-02-26 15:15:00
WF_005415,BATCH_018,MACH_001,Post-Etch,94.77,3,None,90.045,124.06,248.48,50.2,120.33,447.83,2024-02-26 15:30:00
WF_005416,BATCH_028,MACH_002,Post-Etch,97.27,1,None,91.258,119.29,251.88,52.08,118.45,458.77,2024-02-26 15:45:00
WF_005417,BATCH_037,MACH_001,Post-Etch,94.16,3,None,90.29,115.94,254.36,49.68,121.59,473.09,2024-02-26 16:00:00
WF_005418,BATCH_042,MACH_001,Post-Etch,94.06,3,None,91.285,118.59,242.6,53.73,120.42,447.43,2024-02-26 16:15:00
WF_005419,BATCH_024,MACH_001,Post-Etch,91.28,4,Pattern Distortion,90.144,115.26,252.9,49.97,120.04,458.12,2024-02-26 16:30:00
WF_005420,BATCH_018,MACH_001,Post-Etch,90.76,5,Etch Pit,87.976,116.88,250.76,45.85,118.78,443.24,2024-02-26 16:45:00
WF_005421,BATCH_030,MACH_003,Post-Etch,98.89,0,None,90.356,119.33,239.97,51.59,120.95,431.37,2024-02-26 17:00:00
WF_005422,BATCH_049,MACH_001,Post-Etch,97.74,1,None,89.282,118.95,246.17,48.86,119.4,471.62,2024-02-26 17:15:00
WF_005423,BATCH_040,MACH_003,Post-Etch,90.9,4,Micro-crack,90.741,116.56,253.59,51.93,119.02,450.33,2024-02-26 17:30:00
WF_005424,BATCH_001,MACH_002,Post-Etch,91.18,4,Micro-crack,91.396,118.36,253.47,52.24,122.15,434.21,2024-02-26 17:45:00
WF_005425,BATCH_016,MACH_004,Post-Etch,95.9,2,None,90.442,124.97,243.56,52.31,120.58,440.78,2024-02-26 18:00:00
WF_005426,BATCH_049,MACH_001,Post-Etch,92.91,4,Pattern Distortion,90.527,118.94,260.22,49.37,120.17,450.86,2024-02-26 18:15:00
WF_005427,BATCH_050,MACH_001,Post-Etch,96.66,1,None,89.908,123.55,248.87,50.31,119.42,477.66,2024-02-26 18:30:00
WF_005428,BATCH_018,MACH_002,Post-Etch,86.61,7,Micro-crack,92.492,123.39,255.9,55.49,119.9,441.12,2024-02-26 18:45:00
WF_005429,BATCH_012,MACH_003,Post-Etch,94.53,3,None,89.197,122.04,246.18,49.05,119.95,445.35,2024-02-26 19:00:00
WF_005430,BATCH_032,MACH_004,Post-Etch,94.03,3,None,89.497,119.97,251.59,47.98,119.83,448.91,2024-02-26 19:15:00
WF_005431,BATCH_034,MACH_002,Post-Etch,93.23,3,None,91.44,123.42,251.36,53.9,120.11,463.15,2024-02-26 19:30:00
WF_005432,BATCH_031,MACH_004,Post-Etch,91.39,4,Contamination,90.35,119.48,246.28,51.04,119.96,462.97,2024-02-26 19:45:00
WF_005433,BATCH_037,MACH_001,Post-Etch,95.12,2,None,89.703,116.7,248.21,49.53,120.49,432.98,2024-02-26 20:00:00
WF_005434,BATCH_024,MACH_003,Post-Etch,93.24,3,None,90.941,115.72,253.97,52.23,121.04,456.71,2024-02-26 20:15:00
WF_005435,BATCH_012,MACH_005,Post-Etch,93.49,3,None,89.517,116.72,248.15,49.54,118.61,441.4,2024-02-26 20:30:00
WF_005436,BATCH_018,MACH_002,Post-Etch,87.65,7,Etch Pit,92.748,119.89,249.48,57.45,119.37,452.62,2024-02-26 20:45:00
WF_005437,BATCH_033,MACH_005,Post-Etch,99.0,0,None,89.742,120.23,243.71,49.72,118.69,451.0,2024-02-26 21:00:00
WF_005438,BATCH_044,MACH_005,Post-Etch,97.64,1,None,90.28,120.45,254.36,49.86,122.91,449.65,2024-02-26 21:15:00
WF_005439,BATCH_038,MACH_005,Post-Etch,95.52,2,None,89.53,121.59,247.73,49.32,119.67,448.27,2024-02-26 21:30:00
WF_005440,BATCH_014,MACH_002,Post-Etch,94.22,3,None,92.317,120.79,247.44,55.44,118.22,453.03,2024-02-26 21:45:00
WF_005441,BATCH_017,MACH_002,Post-Etch,95.46,2,None,90.956,118.78,250.48,51.25,117.99,446.54,2024-02-26 22:00:00
WF_005442,BATCH_032,MACH_002,Post-Etch,91.25,4,Pattern Distortion,91.974,124.53,246.24,55.85,119.82,449.07,2024-02-26 22:15:00
WF_005443,BATCH_048,MACH_003,Post-Etch,91.58,4,Contamination,91.719,118.87,255.4,52.9,120.36,448.34,2024-02-26 22:30:00
WF_005444,BATCH_049,MACH_005,Post-Etch,96.87,1,None,90.195,119.6,254.36,49.2,119.7,451.64,2024-02-26 22:45:00
WF_005445,BATCH_033,MACH_001,Post-Etch,93.65,3,None,90.667,116.23,253.57,51.73,118.93,454.32,2024-02-26 23:00:00
WF_005446,BATCH_047,MACH_005,Post-Etch,90.32,5,Micro-crack,88.411,117.87,252.98,45.45,120.83,454.77,2024-02-26 23:15:00
WF_005447,BATCH_022,MACH_001,Post-Etch,95.01,2,None,89.33,118.94,252.46,47.98,121.68,454.85,2024-02-26 23:30:00
WF_005448,BATCH_023,MACH_002,Post-Etch,91.8,4,Contamination,93.17,121.51,249.63,58.25,121.38,428.24,2024-02-26 23:45:00
WF_005449,BATCH_023,MACH_002,Post-Etch,89.18,5,Contamination,91.767,116.73,256.09,53.49,120.17,445.92,2024-02-27 00:00:00
WF_005450,BATCH_030,MACH_002,Post-Etch,91.9,4,Pattern Distortion,90.246,118.55,240.0,51.26,120.1,445.26,2024-02-27 00:15:00
WF_005451,BATCH_045,MACH_002,Post-Etch,94.07,3,None,90.036,124.0,249.84,51.08,119.81,438.11,2024-02-27 00:30:00
WF_005452,BATCH_035,MACH_004,Post-Etch,89.88,5,Pattern Distortion,90.179,123.48,250.82,49.98,120.12,453.49,2024-02-27 00:45:00
WF_005453,BATCH_041,MACH_002,Post-Etch,90.02,5,Photoresist Residue,91.806,115.85,250.77,53.42,120.0,440.93,2024-02-27 01:00:00
WF_005454,BATCH_005,MACH_004,Post-Etch,98.92,0,None,90.151,124.42,250.41,50.8,119.04,458.94,2024-02-27 01:15:00
WF_005455,BATCH_048,MACH_002,Post-Etch,88.95,6,Photoresist Residue,91.08,122.96,249.74,52.75,119.93,443.88,2024-02-27 01:30:00
WF_005456,BATCH_049,MACH_003,Post-Etch,93.26,3,None,90.88,117.41,253.19,51.48,118.05,457.0,2024-02-27 01:45:00
WF_005457,BATCH_031,MACH_001,Post-Etch,97.86,1,None,90.437,118.27,252.07,49.89,119.22,453.67,2024-02-27 02:00:00
WF_005458,BATCH_001,MACH_005,Post-Etch,94.99,2,None,89.252,115.07,254.0,47.95,119.71,459.79,2024-02-27 02:15:00
WF_005459,BATCH_024,MACH_002,Post-Etch,94.08,3,None,90.652,122.87,250.36,51.1,120.86,449.5,2024-02-27 02:30:00
WF_005460,BATCH_025,MACH_005,Post-Etch,94.68,2,None,91.144,119.02,251.92,51.17,119.64,433.3,2024-02-27 02:45:00
WF_005461,BATCH_010,MACH_004,Post-Etch,97.48,1,None,89.88,122.29,252.05,49.21,120.87,430.26,2024-02-27 03:00:00
WF_005462,BATCH_012,MACH_004,Post-Etch,89.83,5,Micro-crack,91.359,116.53,248.63,52.9,120.02,451.31,2024-02-27 03:15:00
WF_005463,BATCH_003,MACH_003,Post-Etch,93.46,3,None,91.009,117.69,251.17,51.02,121.43,452.7,2024-02-27 03:30:00
WF_005464,BATCH_031,MACH_003,Post-Etch,98.01,1,None,89.862,122.72,255.44,49.3,119.87,445.26,2024-02-27 03:45:00
WF_005465,BATCH_020,MACH_002,Post-Etch,99.0,0,None,90.226,120.81,250.26,51.16,118.97,460.47,2024-02-27 04:00:00
WF_005466,BATCH_050,MACH_001,Post-Etch,97.58,1,None,89.465,119.81,251.08,47.25,120.03,458.54,2024-02-27 04:15:00
WF_005467,BATCH_010,MACH_002,Post-Etch,91.33,4,Pattern Distortion,92.314,119.49,247.91,55.48,118.99,454.72,2024-02-27 04:30:00
WF_005468,BATCH_018,MACH_005,Post-Etch,95.03,2,None,90.14,121.96,254.78,49.88,118.8,462.33,2024-02-27 04:45:00
WF_005469,BATCH_013,MACH_004,Post-Etch,91.83,3,None,90.349,116.6,256.51,50.49,121.63,445.11,2024-02-27 05:00:00
WF_005470,BATCH_026,MACH_003,Post-Etch,92.34,4,Contamination,90.155,116.92,246.11,50.9,119.87,448.85,2024-02-27 05:15:00
WF_005471,BATCH_045,MACH_001,Post-Etch,95.17,2,None,90.474,120.74,244.72,52.03,120.71,445.32,2024-02-27 05:30:00
WF_005472,BATCH_020,MACH_004,Post-Etch,91.79,4,Contamination,90.721,122.21,250.69,52.12,119.77,443.98,2024-02-27 05:45:00
WF_005473,BATCH_025,MACH_003,Post-Etch,96.02,2,None,89.602,124.45,245.45,47.72,119.56,457.72,2024-02-27 06:00:00
WF_005474,BATCH_029,MACH_001,Post-Etch,88.73,6,Photoresist Residue,90.559,117.17,254.04,51.3,117.93,457.71,2024-02-27 06:15:00
WF_005475,BATCH_035,MACH_003,Post-Etch,96.74,1,None,90.022,120.82,249.33,49.78,119.05,453.66,2024-02-27 06:30:00
WF_005476,BATCH_038,MACH_001,Post-Etch,95.44,2,None,90.913,119.58,251.3,52.04,118.65,454.42,2024-02-27 06:45:00
WF_005477,BATCH_031,MACH_001,Post-Etch,95.57,2,None,89.168,124.41,254.88,47.12,119.44,438.59,2024-02-27 07:00:00
WF_005478,BATCH_041,MACH_001,Post-Etch,90.91,4,Photoresist Residue,91.184,124.46,255.85,52.37,118.61,461.26,2024-02-27 07:15:00
WF_005479,BATCH_009,MACH_004,Post-Etch,91.56,4,Etch Pit,90.706,115.87,258.53,50.35,120.03,443.18,2024-02-27 07:30:00
WF_005480,BATCH_007,MACH_002,Post-Etch,93.28,3,None,91.342,121.78,257.22,53.34,121.29,435.67,2024-02-27 07:45:00
WF_005481,BATCH_032,MACH_001,Post-Etch,95.19,2,None,88.753,117.46,251.13,47.34,121.23,430.03,2024-02-27 08:00:00
WF_005482,BATCH_021,MACH_004,Post-Etch,95.03,2,None,90.753,119.91,245.98,51.59,118.37,441.28,2024-02-27 08:15:00
WF_005483,BATCH_042,MACH_002,Post-Etch,93.35,3,None,91.564,117.62,244.99,54.35,120.92,440.45,2024-02-27 08:30:00
WF_005484,BATCH_019,MACH_001,Post-Etch,88.37,6,Contamination,92.227,118.38,258.58,53.51,120.78,458.1,2024-02-27 08:45:00
WF_005485,BATCH_016,MACH_004,Post-Etch,89.32,5,Photoresist Residue,89.115,115.35,250.05,49.24,118.71,461.39,2024-02-27 09:00:00
WF_005486,BATCH_030,MACH_001,Post-Etch,97.8,1,None,89.323,117.37,252.79,48.2,117.53,461.11,2024-02-27 09:15:00
WF_005487,BATCH_025,MACH_005,Post-Etch,97.59,1,None,89.769,119.87,258.06,48.92,118.31,445.45,2024-02-27 09:30:00
WF_005488,BATCH_036,MACH_005,Post-Etch,95.36,2,None,89.079,116.45,250.15,48.07,118.66,439.67,2024-02-27 09:45:00
WF_005489,BATCH_036,MACH_002,Post-Etch,93.52,3,None,91.939,117.41,249.36,53.74,119.21,465.09,2024-02-27 10:00:00
WF_005490,BATCH_016,MACH_005,Post-Etch,99.0,0,None,89.716,118.07,248.88,49.14,120.73,445.99,2024-02-27 10:15:00
WF_005491,BATCH_011,MACH_003,Post-Etch,92.65,4,Contamination,89.285,123.76,249.12,48.5,121.04,444.86,2024-02-27 10:30:00
WF_005492,BATCH_040,MACH_004,Post-Etch,86.19,7,Pattern Distortion,88.995,116.84,242.38,48.15,121.43,458.43,2024-02-27 10:45:00
WF_005493,BATCH_003,MACH_003,Post-Etch,96.96,1,None,89.908,121.51,253.59,51.03,117.54,453.24,2024-02-27 11:00:00
WF_005494,BATCH_038,MACH_002,Post-Etch,88.84,5,Photoresist Residue,92.923,121.29,256.84,56.05,121.18,460.36,2024-02-27 11:15:00
WF_005495,BATCH_023,MACH_002,Post-Etch,94.01,3,None,89.87,115.8,245.97,49.95,119.29,460.38,2024-02-27 11:30:00
WF_005496,BATCH_037,MACH_004,Post-Etch,96.7,1,None,89.923,115.81,253.27,49.14,120.25,452.37,2024-02-27 11:45:00
WF_005497,BATCH_019,MACH_001,Post-Etch,95.58,2,None,89.756,121.11,244.67,49.78,119.41,441.66,2024-02-27 12:00:00
WF_005498,BATCH_032,MACH_005,Post-Etch,98.59,0,None,90.658,117.61,249.66,51.72,120.82,450.08,2024-02-27 12:15:00
WF_005499,BATCH_015,MACH_005,Post-Etch,92.18,4,Pattern Distortion,87.49,120.59,243.05,46.37,119.64,461.01,2024-02-27 12:30:00
WF_005500,BATCH_028,MACH_004,Post-Etch,97.25,1,None,90.379,119.17,249.8,52.14,118.88,450.89,2024-02-27 12:45:00
